{"type":"FeatureCollection","features":[{"type":"Feature","properties":{"nombre":"LOS BASTOS"},"geometry":{"type":"Polygon","coordinates":[[[-68.5094,-38.8874],[-68.5088,-38.9595],[-68.7223,-38.9602],[-68.7225,-38.9062],[-68.7686,-38.9063],[-68.7688,-38.8484],[-68.6741,-38.8482],[-68.6742,-38.8561],[-68.663,-38.856],[-68.6629,-38.8657],[-68.6285,-38.8657],[-68.614,-38.8732],[-68.5994,-38.8737],[-68.5863,-38.8829],[-68.5799,-38.8877],[-68.5688,-38.8891],[-68.5608,-38.8886],[-68.5586,-38.8873],[-68.5544,-38.8876],[-68.5458,-38.8876],[-68.5094,-38.8874]]]}},{"type":"Feature","properties":{"nombre":"FORTIN DE PIEDRA"},"geometry":{"type":"MultiPolygon","coordinates":[[[[-68.9878,-38.5164],[-68.9877,-38.6218],[-69.1048,-38.6217],[-69.1046,-38.602],[-69.0679,-38.6018],[-69.0678,-38.5732],[-69.033,-38.5731],[-69.0329,-38.539],[-69.0142,-38.5388],[-69.0141,-38.5165],[-68.9878,-38.5164]]],[[[-68.9813,-38.4809],[-68.9813,-38.492],[-69.0096,-38.4918],[-69.0094,-38.5064],[-69.0304,-38.5064],[-69.0305,-38.5138],[-69.0389,-38.5138],[-69.0392,-38.5141],[-69.0406,-38.5153],[-69.0432,-38.5184],[-69.0454,-38.5214],[-69.0475,-38.5257],[-69.0477,-38.5281],[-69.0493,-38.5306],[-69.0488,-38.534],[-69.051,-38.5374],[-69.0532,-38.5393],[-69.0565,-38.5406],[-69.0581,-38.5417],[-69.0587,-38.5425],[-69.0601,-38.5465],[-69.0616,-38.5479],[-69.0644,-38.5481],[-69.0664,-38.5502],[-69.0676,-38.5511],[-69.07,-38.5537],[-69.0742,-38.5597],[-69.077,-38.561],[-69.079,-38.5625],[-69.083,-38.5659],[-69.0873,-38.5674],[-69.0888,-38.5691],[-69.0892,-38.5713],[-69.0915,-38.5726],[-69.0938,-38.5741],[-69.0959,-38.575],[-69.0967,-38.5757],[-69.097,-38.5761],[-69.0979,-38.5772],[-69.1018,-38.5779],[-69.1057,-38.5789],[-69.1082,-38.5792],[-69.1112,-38.5806],[-69.1134,-38.582],[-69.1168,-38.5859],[-69.1234,-38.5901],[-69.1357,-38.5997],[-69.1382,-38.6008],[-69.1411,-38.6011],[-69.1478,-38.6045],[-69.1509,-38.6046],[-69.1531,-38.6055],[-69.1547,-38.6055],[-69.1561,-38.6066],[-69.1568,-38.606],[-69.1588,-38.6061],[-69.1607,-38.6065],[-69.1638,-38.6076],[-69.1671,-38.6084],[-69.1693,-38.6083],[-69.171,-38.6059],[-69.1716,-38.6053],[-69.175,-38.6046],[-69.1778,-38.6048],[-69.1788,-38.605],[-69.1803,-38.6053],[-69.1813,-38.6055],[-69.1835,-38.6054],[-69.1865,-38.6062],[-69.189,-38.6076],[-69.1916,-38.609],[-69.1931,-38.6105],[-69.1939,-38.6109],[-69.1949,-38.6115],[-69.1955,-38.612],[-69.1961,-38.6124],[-69.1986,-38.6141],[-69.2009,-38.6146],[-69.2033,-38.6153],[-69.2044,-38.6162],[-69.2058,-38.6178],[-69.2068,-38.6187],[-69.2083,-38.62],[-69.2111,-38.6205],[-69.2151,-38.621],[-69.217,-38.6217],[-69.2312,-38.6217],[-69.2308,-38.5153],[-69.0566,-38.5155],[-69.0565,-38.4447],[-68.9649,-38.4447],[-68.9649,-38.4808],[-68.9813,-38.4809]]]]}},{"type":"Feature","properties":{"nombre":"AGUA SALADA"},"geometry":{"type":"Polygon","coordinates":[[[-67.7298,-38.5247],[-67.798,-38.5254],[-67.7987,-38.4834],[-67.9354,-38.4847],[-67.936,-38.4416],[-67.8823,-38.4411],[-67.8831,-38.3903],[-67.9523,-38.3909],[-67.9526,-38.3686],[-68.0838,-38.3696],[-68.0845,-38.3155],[-68.0559,-38.3153],[-67.971,-38.2579],[-67.9714,-38.2245],[-67.735,-38.2222],[-67.7298,-38.5247]]]}},{"type":"Feature","properties":{"nombre":"CERRO BANDERA"},"geometry":{"type":"Polygon","coordinates":[[[-69.4486,-38.8741],[-69.4489,-38.9236],[-69.4951,-38.9234],[-69.4954,-38.9775],[-69.5762,-38.9771],[-69.5877,-38.9771],[-69.5873,-38.923],[-69.7945,-38.9218],[-69.5964,-38.8509],[-69.4596,-38.8016],[-69.4601,-38.874],[-69.4486,-38.8741]]]}},{"type":"Feature","properties":{"nombre":"EL SOSNEADO"},"geometry":{"type":"Polygon","coordinates":[[[-69.3604,-34.9466],[-69.361,-35.0673],[-69.6134,-35.0663],[-69.6222,-35.0528],[-69.6208,-35.0466],[-69.6255,-35.0328],[-69.6288,-35.0238],[-69.6447,-35.0023],[-69.6523,-34.9888],[-69.6618,-34.9768],[-69.6742,-34.9687],[-69.5576,-34.9692],[-69.5576,-34.9458],[-69.3604,-34.9466]]]}},{"type":"Feature","properties":{"nombre":"MEDANITO"},"geometry":{"type":"Polygon","coordinates":[[[-67.3634,-37.912],[-67.3578,-38.163],[-67.5843,-38.166],[-67.5857,-38.0935],[-67.7239,-38.0951],[-67.7325,-38.0734],[-67.7392,-38.0754],[-67.7484,-38.0568],[-67.7573,-38.0557],[-67.7574,-38.0513],[-67.8111,-38.0383],[-67.8117,-38.0086],[-67.7771,-37.9961],[-67.7299,-37.9979],[-67.7323,-38.051],[-67.6184,-38.0497],[-67.6194,-38.002],[-67.7299,-37.9979],[-67.8334,-37.925],[-67.8382,-37.9251],[-67.8384,-37.9251],[-67.8236,-37.9191],[-67.5086,-37.9144],[-67.3634,-37.912]]]}},{"type":"Feature","properties":{"nombre":"EL TRAPIAL - CURAMCHED"},"geometry":{"type":"Polygon","coordinates":[[[-69.1816,-37.3613],[-69.1817,-37.3933],[-69.253,-37.3931],[-69.2944,-37.4274],[-69.2945,-37.4425],[-69.2947,-37.5096],[-69.403,-37.5093],[-69.403,-37.5059],[-69.4613,-37.5057],[-69.4615,-37.5339],[-69.5266,-37.5336],[-69.5259,-37.4278],[-69.5642,-37.4276],[-69.6094,-37.4274],[-69.6089,-37.3598],[-69.5186,-37.3603],[-69.4433,-37.3606],[-69.4153,-37.3607],[-69.3064,-37.361],[-69.1816,-37.3613]]]}},{"type":"Feature","properties":{"nombre":"UMBRAL"},"geometry":{"type":"Polygon","coordinates":[[[-69.3618,-39.5774],[-69.3502,-39.5774],[-69.3037,-39.5776],[-69.3037,-39.5971],[-69.3176,-39.6135],[-69.362,-39.6134],[-69.3619,-39.5882],[-69.3618,-39.5774]]]}},{"type":"Feature","properties":{"nombre":"SE\u00d1AL CERRO BAYO"},"geometry":{"type":"Polygon","coordinates":[[[-68.6709,-37.5907],[-68.6706,-37.6628],[-68.7726,-37.663],[-68.7728,-37.5909],[-68.6709,-37.5907]]]}},{"type":"Feature","properties":{"nombre":"CHIHUIDO DE LA SIERRA NEGRA"},"geometry":{"type":"Polygon","coordinates":[[[-69.0712,-37.1704],[-69.0713,-37.2371],[-69.1953,-37.2369],[-69.1953,-37.2649],[-69.1525,-37.2649],[-69.1527,-37.355],[-69.1188,-37.3551],[-69.0014,-37.2857],[-69.0014,-37.2425],[-68.9372,-37.2425],[-68.9375,-37.3696],[-68.9371,-37.3693],[-68.93,-37.3688],[-68.9257,-37.3703],[-68.9191,-37.3703],[-68.9146,-37.3713],[-68.9082,-37.3725],[-68.8989,-37.3744],[-68.891,-37.3766],[-68.8857,-37.3787],[-68.8845,-37.3805],[-68.884,-37.3826],[-68.882,-37.3848],[-68.8788,-37.3874],[-68.8744,-37.39],[-68.8698,-37.3916],[-68.8672,-37.3922],[-68.8637,-37.3925],[-68.8636,-37.4334],[-68.9427,-37.4335],[-68.9427,-37.456],[-69.1687,-37.4559],[-69.1685,-37.3613],[-69.4507,-37.3606],[-69.4499,-37.2299],[-69.1682,-37.2307],[-69.1681,-37.1703],[-69.0712,-37.1704]]]}},{"type":"Feature","properties":{"nombre":"OCTOGONO"},"geometry":{"type":"Polygon","coordinates":[[[-69.2769,-38.9271],[-69.2377,-38.924],[-69.2342,-38.9213],[-69.2269,-38.9076],[-69.2164,-38.8877],[-69.1735,-38.8738],[-69.1305,-38.8877],[-69.1127,-38.9212],[-69.1162,-38.9278],[-69.1161,-38.9278],[-69.1304,-38.9548],[-69.1722,-38.9684],[-69.1722,-38.937],[-69.2731,-38.9368],[-69.2769,-38.9271]]]}},{"type":"Feature","properties":{"nombre":"DON RUIZ"},"geometry":{"type":"Polygon","coordinates":[[[-68.8034,-37.5726],[-68.8034,-37.5811],[-68.7445,-37.581],[-68.7445,-37.5909],[-68.7728,-37.5909],[-68.7725,-37.663],[-68.6706,-37.6628],[-68.6706,-37.6429],[-68.6009,-37.6427],[-68.6008,-37.6647],[-68.6156,-37.6647],[-68.6155,-37.6821],[-68.7651,-37.6825],[-68.765,-37.7096],[-68.8194,-37.7097],[-68.8198,-37.5726],[-68.8034,-37.5726]]]}},{"type":"Feature","properties":{"nombre":"SE\u00d1AL PICADA - PUNTA BARDA"},"geometry":{"type":"Polygon","coordinates":[[[-68.438,-37.5426],[-68.4379,-37.5424],[-68.4349,-37.5438],[-68.4324,-37.5446],[-68.4292,-37.5453],[-68.4258,-37.5461],[-68.4208,-37.547],[-68.4183,-37.5483],[-68.4155,-37.5477],[-68.4133,-37.5481],[-68.4085,-37.5505],[-68.4048,-37.5522],[-68.4017,-37.5475],[-68.3977,-37.5444],[-68.3933,-37.5425],[-68.3839,-37.542],[-68.3716,-37.542],[-68.3683,-37.5424],[-68.366,-37.5436],[-68.3616,-37.5452],[-68.3598,-37.5457],[-68.3561,-37.5457],[-68.3554,-37.5455],[-68.353,-37.5467],[-68.3488,-37.5476],[-68.3459,-37.5472],[-68.3432,-37.5463],[-68.3334,-37.5444],[-68.3282,-37.5438],[-68.3256,-37.5417],[-68.3231,-37.5402],[-68.3186,-37.5397],[-68.3135,-37.5406],[-68.3091,-37.5419],[-68.3058,-37.543],[-68.3021,-37.5448],[-68.2979,-37.5483],[-68.2924,-37.5533],[-68.289,-37.5548],[-68.2869,-37.556],[-68.2829,-37.5576],[-68.2773,-37.5595],[-68.2704,-37.5635],[-68.2678,-37.5646],[-68.2641,-37.567],[-68.2602,-37.5681],[-68.2558,-37.569],[-68.2547,-37.5691],[-68.2543,-37.5707],[-68.2523,-37.5725],[-68.2515,-37.5731],[-68.2486,-37.5741],[-68.2407,-37.5778],[-68.225,-37.5826],[-68.2144,-37.5844],[-68.2051,-37.585],[-68.1923,-37.5853],[-68.184,-37.5819],[-68.1761,-37.5806],[-68.1653,-37.5787],[-68.1528,-37.5793],[-68.1402,-37.5816],[-68.128,-37.5848],[-68.1189,-37.5876],[-68.1055,-37.5907],[-68.0917,-37.5877],[-68.0814,-37.588],[-68.0675,-37.5932],[-68.0565,-37.5893],[-68.0371,-37.591],[-68.0202,-37.5947],[-68.008,-37.5995],[-67.9866,-37.6019],[-67.9598,-37.6002],[-67.9439,-37.6014],[-67.9343,-37.6034],[-67.9251,-37.6077],[-67.9087,-37.6099],[-67.893,-37.6082],[-67.8488,-37.6163],[-67.8368,-37.6213],[-67.8109,-37.6418],[-67.7967,-37.6419],[-67.7913,-37.6465],[-67.782,-37.6534],[-67.7782,-37.6603],[-67.7711,-37.6658],[-67.7652,-37.6764],[-67.9788,-37.6967],[-67.979,-37.6787],[-68.0793,-37.6795],[-68.079,-37.7047],[-68.0749,-37.7101],[-68.1464,-37.7106],[-68.1459,-37.753],[-68.3638,-37.7543],[-68.3641,-37.7201],[-68.4729,-37.7206],[-68.4735,-37.6405],[-68.4557,-37.5899],[-68.438,-37.5426]]]}},{"type":"Feature","properties":{"nombre":"PASO DE LAS BARDAS NORTE"},"geometry":{"type":"Polygon","coordinates":[[[-69.4495,-37.1686],[-69.4497,-37.1948],[-69.5139,-37.1945],[-69.5132,-37.0855],[-69.3816,-37.086],[-69.382,-37.1668],[-69.3835,-37.1666],[-69.3845,-37.1662],[-69.3855,-37.1662],[-69.386,-37.1664],[-69.3864,-37.1668],[-69.3867,-37.1675],[-69.3873,-37.1683],[-69.3882,-37.169],[-69.3889,-37.1695],[-69.3897,-37.1698],[-69.3905,-37.17],[-69.3914,-37.1701],[-69.3921,-37.1701],[-69.3927,-37.1703],[-69.3933,-37.1705],[-69.3937,-37.1706],[-69.3944,-37.1707],[-69.3948,-37.1709],[-69.3951,-37.1711],[-69.3955,-37.1713],[-69.3956,-37.1716],[-69.3956,-37.1719],[-69.3956,-37.1723],[-69.3957,-37.1725],[-69.3959,-37.1728],[-69.3962,-37.173],[-69.3964,-37.1733],[-69.3967,-37.1735],[-69.3973,-37.1737],[-69.3983,-37.174],[-69.3994,-37.1741],[-69.4004,-37.1741],[-69.4015,-37.1739],[-69.4021,-37.1737],[-69.4028,-37.1736],[-69.4033,-37.1736],[-69.4037,-37.1738],[-69.4042,-37.1741],[-69.4046,-37.1744],[-69.4051,-37.1746],[-69.4056,-37.1747],[-69.4061,-37.1748],[-69.4068,-37.175],[-69.4075,-37.1751],[-69.4082,-37.1751],[-69.4089,-37.175],[-69.4097,-37.175],[-69.4103,-37.1751],[-69.4108,-37.1751],[-69.4112,-37.175],[-69.4121,-37.1748],[-69.4127,-37.1746],[-69.4133,-37.1745],[-69.4139,-37.1743],[-69.4143,-37.1742],[-69.4148,-37.174],[-69.4152,-37.1739],[-69.4155,-37.1739],[-69.4158,-37.1738],[-69.4163,-37.1738],[-69.4166,-37.1738],[-69.417,-37.1739],[-69.4175,-37.1741],[-69.4179,-37.1741],[-69.4182,-37.1742],[-69.4187,-37.1741],[-69.4192,-37.174],[-69.4195,-37.174],[-69.4199,-37.174],[-69.4202,-37.1738],[-69.4204,-37.1737],[-69.4214,-37.1737],[-69.4224,-37.1737],[-69.4234,-37.1737],[-69.4245,-37.1737],[-69.4255,-37.1738],[-69.4264,-37.1736],[-69.4275,-37.1733],[-69.4289,-37.1731],[-69.4308,-37.1731],[-69.4322,-37.1727],[-69.4335,-37.172],[-69.4343,-37.1713],[-69.4349,-37.1705],[-69.4358,-37.1694],[-69.4369,-37.1684],[-69.4376,-37.1677],[-69.4386,-37.167],[-69.4393,-37.1663],[-69.4398,-37.1657],[-69.4403,-37.1653],[-69.4408,-37.1648],[-69.4413,-37.1644],[-69.4422,-37.1644],[-69.443,-37.1644],[-69.4441,-37.1651],[-69.445,-37.166],[-69.4454,-37.1663],[-69.446,-37.1667],[-69.4466,-37.1671],[-69.4472,-37.1677],[-69.4477,-37.168],[-69.4481,-37.1682],[-69.4487,-37.1685],[-69.4491,-37.1686],[-69.4495,-37.1686]]]}},{"type":"Feature","properties":{"nombre":"CA\u00d1ADON AMARILLO"},"geometry":{"type":"Polygon","coordinates":[[[-69.1681,-37.1777],[-69.1694,-37.177],[-69.1712,-37.1767],[-69.172,-37.1767],[-69.1731,-37.1767],[-69.1742,-37.1767],[-69.1748,-37.1765],[-69.1756,-37.1762],[-69.1763,-37.1762],[-69.1777,-37.1759],[-69.1794,-37.1756],[-69.1806,-37.1753],[-69.1817,-37.175],[-69.1832,-37.1748],[-69.1852,-37.1748],[-69.1869,-37.1748],[-69.1884,-37.1748],[-69.1901,-37.1743],[-69.1918,-37.1736],[-69.1937,-37.173],[-69.1946,-37.1725],[-69.196,-37.1723],[-69.1974,-37.1719],[-69.1982,-37.1711],[-69.1994,-37.1706],[-69.2008,-37.1699],[-69.2021,-37.1691],[-69.2031,-37.169],[-69.2045,-37.1689],[-69.2064,-37.1692],[-69.2078,-37.1694],[-69.209,-37.1701],[-69.21,-37.1709],[-69.2109,-37.1714],[-69.2127,-37.1719],[-69.2148,-37.1717],[-69.2177,-37.1715],[-69.2193,-37.1712],[-69.2207,-37.1711],[-69.2225,-37.1713],[-69.2239,-37.1717],[-69.2246,-37.1709],[-69.2252,-37.1699],[-69.2263,-37.169],[-69.2274,-37.168],[-69.2292,-37.1667],[-69.2308,-37.1656],[-69.2324,-37.1649],[-69.2338,-37.1643],[-69.2344,-37.164],[-69.2349,-37.1634],[-69.2355,-37.1628],[-69.2363,-37.1622],[-69.2377,-37.1613],[-69.2388,-37.1608],[-69.2404,-37.1605],[-69.242,-37.1601],[-69.2436,-37.1596],[-69.2456,-37.1591],[-69.2488,-37.1581],[-69.2493,-37.1576],[-69.251,-37.1568],[-69.2533,-37.1559],[-69.2543,-37.1554],[-69.255,-37.1544],[-69.2551,-37.1531],[-69.2553,-37.1524],[-69.2576,-37.1501],[-69.2598,-37.1481],[-69.2621,-37.1471],[-69.2632,-37.1459],[-69.2637,-37.1458],[-69.2652,-37.1454],[-69.2666,-37.1449],[-69.267,-37.1444],[-69.2671,-37.1435],[-69.2672,-37.1427],[-69.2673,-37.142],[-69.2676,-37.1414],[-69.2681,-37.1409],[-69.2688,-37.1406],[-69.2695,-37.1406],[-69.2702,-37.1408],[-69.271,-37.1416],[-69.2718,-37.1411],[-69.2732,-37.1409],[-69.2744,-37.1408],[-69.2757,-37.1412],[-69.2764,-37.1414],[-69.2774,-37.1417],[-69.2785,-37.1418],[-69.2797,-37.142],[-69.2811,-37.142],[-69.2822,-37.1417],[-69.2834,-37.1416],[-69.284,-37.1416],[-69.2851,-37.1417],[-69.2861,-37.1419],[-69.2871,-37.142],[-69.2882,-37.1424],[-69.2892,-37.1432],[-69.2905,-37.1437],[-69.2909,-37.144],[-69.2915,-37.1446],[-69.2924,-37.1449],[-69.2931,-37.1449],[-69.2945,-37.1449],[-69.2957,-37.1447],[-69.2964,-37.1447],[-69.2974,-37.145],[-69.2984,-37.1453],[-69.2993,-37.1459],[-69.3001,-37.1466],[-69.3006,-37.1472],[-69.3016,-37.148],[-69.3022,-37.1485],[-69.3032,-37.1489],[-69.3042,-37.1496],[-69.305,-37.1505],[-69.3058,-37.151],[-69.3071,-37.1517],[-69.3078,-37.1521],[-69.3103,-37.1516],[-69.3121,-37.1509],[-69.3131,-37.1502],[-69.3139,-37.15],[-69.3148,-37.1503],[-69.3164,-37.1502],[-69.3181,-37.1498],[-69.3194,-37.1492],[-69.3203,-37.1485],[-69.3215,-37.1477],[-69.3236,-37.1474],[-69.3251,-37.1467],[-69.328,-37.1456],[-69.3296,-37.1455],[-69.3316,-37.1458],[-69.3339,-37.1467],[-69.3355,-37.1477],[-69.3367,-37.1485],[-69.3381,-37.1493],[-69.3386,-37.1497],[-69.3415,-37.1497],[-69.3456,-37.1497],[-69.3491,-37.1501],[-69.3519,-37.151],[-69.3541,-37.1508],[-69.3564,-37.1516],[-69.359,-37.1531],[-69.3617,-37.1547],[-69.3642,-37.1557],[-69.3661,-37.1569],[-69.367,-37.1579],[-69.3667,-37.159],[-69.3688,-37.1597],[-69.3701,-37.16],[-69.3725,-37.1599],[-69.3736,-37.1595],[-69.3752,-37.1597],[-69.3764,-37.159],[-69.3785,-37.1591],[-69.3808,-37.1593],[-69.3819,-37.1596],[-69.3816,-37.086],[-69.4536,-37.0857],[-69.4541,-36.9601],[-69.4547,-36.9445],[-69.4878,-36.879],[-69.4497,-36.8661],[-69.4473,-36.7794],[-69.1672,-36.7801],[-69.1681,-37.1703],[-69.1681,-37.1777]]]}},{"type":"Feature","properties":{"nombre":"LAS MANADAS"},"geometry":{"type":"Polygon","coordinates":[[[-68.9048,-37.7263],[-68.9047,-37.7984],[-69.1,-37.7984],[-69.0999,-37.7633],[-68.9548,-37.7634],[-68.9548,-37.7263],[-68.9048,-37.7263]]]}},{"type":"Feature","properties":{"nombre":"LOS LEONES"},"geometry":{"type":"Polygon","coordinates":[[[-69.3952,-39.5548],[-69.3734,-39.5548],[-69.3734,-39.5638],[-69.3501,-39.5639],[-69.3502,-39.5774],[-69.3618,-39.5774],[-69.3619,-39.5882],[-69.4015,-39.5881],[-69.4014,-39.5773],[-69.4321,-39.5772],[-69.3952,-39.5548]]]}},{"type":"Feature","properties":{"nombre":"VOLCAN AUCA MAHUIDA"},"geometry":{"type":"Polygon","coordinates":[[[-68.8195,-37.6451],[-68.8192,-37.7983],[-68.9047,-37.7984],[-68.9048,-37.7263],[-68.9548,-37.7263],[-68.9548,-37.7634],[-69.0332,-37.7634],[-69.0332,-37.7038],[-69.0105,-37.7038],[-69.0105,-37.6569],[-68.9669,-37.6569],[-68.9669,-37.629],[-68.8734,-37.6289],[-68.8734,-37.6452],[-68.8195,-37.6451]]]}},{"type":"Feature","properties":{"nombre":"LOMA CAMPANA"},"geometry":{"type":"Polygon","coordinates":[[[-68.5061,-38.5261],[-68.5077,-38.5252],[-68.5114,-38.5229],[-68.5125,-38.5229],[-68.517,-38.5197],[-68.5185,-38.5185],[-68.5201,-38.5165],[-68.5197,-38.5147],[-68.5186,-38.5127],[-68.5178,-38.5118],[-68.5178,-38.5115],[-68.5186,-38.5112],[-68.519,-38.5103],[-68.5205,-38.51],[-68.5216,-38.5095],[-68.5227,-38.5095],[-68.5238,-38.5092],[-68.5253,-38.5092],[-68.5272,-38.5092],[-68.5291,-38.5092],[-68.5313,-38.5077],[-68.5324,-38.5072],[-68.5324,-38.5063],[-68.5328,-38.5051],[-68.5343,-38.5045],[-68.5351,-38.5034],[-68.5351,-38.5019],[-68.5351,-38.501],[-68.5354,-38.5004],[-68.5362,-38.4998],[-68.5366,-38.499],[-68.537,-38.4984],[-68.5377,-38.4981],[-68.5381,-38.4969],[-68.5385,-38.4966],[-68.5385,-38.4957],[-68.5385,-38.4955],[-68.5381,-38.4949],[-68.5385,-38.4943],[-68.5385,-38.4937],[-68.5403,-38.4931],[-68.5411,-38.4914],[-68.5415,-38.4914],[-68.5426,-38.4902],[-68.5437,-38.4896],[-68.546,-38.4896],[-68.5471,-38.4896],[-68.5482,-38.4893],[-68.5486,-38.489],[-68.5497,-38.4888],[-68.5508,-38.4888],[-68.5508,-38.4879],[-68.5527,-38.4879],[-68.5531,-38.487],[-68.5542,-38.4864],[-68.5564,-38.4859],[-68.5572,-38.4859],[-68.5613,-38.4826],[-68.5635,-38.4815],[-68.5647,-38.4812],[-68.5662,-38.4803],[-68.5669,-38.4794],[-68.5692,-38.478],[-68.571,-38.4768],[-68.5722,-38.4762],[-68.5729,-38.4751],[-68.5733,-38.4742],[-68.5748,-38.4733],[-68.5752,-38.4727],[-68.5767,-38.4722],[-68.577,-38.4716],[-68.5785,-38.4707],[-68.5796,-38.4695],[-68.5811,-38.4686],[-68.5838,-38.4678],[-68.5849,-38.4672],[-68.5856,-38.466],[-68.5882,-38.4649],[-68.5909,-38.4643],[-68.5912,-38.4631],[-68.5916,-38.4622],[-68.592,-38.4616],[-68.592,-38.4605],[-68.5931,-38.4605],[-68.5939,-38.4593],[-68.5954,-38.459],[-68.5965,-38.4579],[-68.5984,-38.4561],[-68.5995,-38.4552],[-68.6021,-38.4538],[-68.6028,-38.4538],[-68.604,-38.4526],[-68.6058,-38.4517],[-68.6077,-38.4514],[-68.6103,-38.4512],[-68.6122,-38.45],[-68.6133,-38.4497],[-68.6148,-38.4494],[-68.6159,-38.4491],[-68.6178,-38.4483],[-68.6189,-38.4477],[-68.6208,-38.4474],[-68.6208,-38.4468],[-68.6212,-38.4453],[-68.6208,-38.445],[-68.6208,-38.4445],[-68.6208,-38.4442],[-68.6193,-38.4439],[-68.6193,-38.443],[-68.6193,-38.4424],[-68.6208,-38.4412],[-68.6208,-38.4409],[-68.6212,-38.4406],[-68.6216,-38.4398],[-68.6223,-38.4395],[-68.6227,-38.4389],[-68.6242,-38.4383],[-68.6257,-38.4377],[-68.6264,-38.436],[-68.6279,-38.4357],[-68.6283,-38.4351],[-68.6298,-38.4336],[-68.6305,-38.433],[-68.6305,-38.4322],[-68.6309,-38.4316],[-68.6321,-38.4304],[-68.6324,-38.429],[-68.6324,-38.4272],[-68.6328,-38.4251],[-68.6328,-38.424],[-68.6336,-38.4231],[-68.6343,-38.4225],[-68.6362,-38.4216],[-68.6369,-38.4213],[-68.6381,-38.4211],[-68.6399,-38.4208],[-68.6407,-38.4208],[-68.6425,-38.4205],[-68.6444,-38.4199],[-68.6451,-38.419],[-68.6455,-38.4184],[-68.6485,-38.4182],[-68.6504,-38.4173],[-68.6504,-38.4167],[-68.6519,-38.4164],[-68.6522,-38.4164],[-68.6552,-38.4161],[-68.6578,-38.4161],[-68.6604,-38.4161],[-68.6616,-38.4144],[-68.6638,-38.4132],[-68.6653,-38.412],[-68.6672,-38.4109],[-68.669,-38.4091],[-68.6705,-38.4077],[-68.672,-38.4068],[-68.6728,-38.4065],[-68.6743,-38.4059],[-68.6758,-38.405],[-68.6773,-38.4048],[-68.678,-38.4039],[-68.6799,-38.4036],[-68.6814,-38.4036],[-68.684,-38.4027],[-68.6858,-38.4021],[-68.6881,-38.4016],[-68.6903,-38.4016],[-68.6918,-38.401],[-68.6937,-38.4001],[-68.6952,-38.3984],[-68.6967,-38.3981],[-68.6978,-38.3978],[-68.6993,-38.3972],[-68.7004,-38.3966],[-68.7026,-38.396],[-68.7041,-38.3957],[-68.7056,-38.3957],[-68.7067,-38.3957],[-68.709,-38.396],[-68.7104,-38.3961],[-68.7116,-38.3961],[-68.7134,-38.3961],[-68.7145,-38.3963],[-68.7156,-38.3972],[-68.7171,-38.3978],[-68.7179,-38.3981],[-68.719,-38.3984],[-68.7197,-38.3984],[-68.7205,-38.3981],[-68.7224,-38.3981],[-68.7231,-38.3978],[-68.7235,-38.3964],[-68.7239,-38.3949],[-68.7239,-38.3937],[-68.7239,-38.3929],[-68.7242,-38.392],[-68.7254,-38.3914],[-68.7265,-38.3908],[-68.7276,-38.3908],[-68.7287,-38.3917],[-68.7298,-38.3917],[-68.7317,-38.3917],[-68.7317,-38.3914],[-68.7321,-38.3905],[-68.7321,-38.3897],[-68.7321,-38.3894],[-68.7321,-38.3888],[-68.7321,-38.3882],[-68.7317,-38.3879],[-68.7317,-38.3867],[-68.7317,-38.3864],[-68.731,-38.3861],[-68.7299,-38.3853],[-68.7306,-38.3853],[-68.7317,-38.3853],[-68.7321,-38.385],[-68.7336,-38.3844],[-68.7343,-38.3835],[-68.7366,-38.3832],[-68.7373,-38.3829],[-68.7384,-38.3823],[-68.7392,-38.3815],[-68.7392,-38.3806],[-68.7399,-38.3803],[-68.7414,-38.3788],[-68.7429,-38.3785],[-68.7429,-38.3768],[-68.7437,-38.3753],[-68.7437,-38.3747],[-68.7437,-38.3741],[-68.7448,-38.3718],[-68.7456,-38.3703],[-68.7463,-38.37],[-68.7474,-38.3692],[-68.7485,-38.3683],[-68.7497,-38.368],[-68.7511,-38.3674],[-68.7519,-38.3674],[-68.7523,-38.3674],[-68.7534,-38.3665],[-68.7545,-38.3665],[-68.7552,-38.366],[-68.759,-38.3642],[-68.7627,-38.3633],[-68.7668,-38.3631],[-68.7705,-38.3628],[-68.7761,-38.3631],[-68.778,-38.3628],[-68.7817,-38.3628],[-68.7854,-38.3631],[-68.7891,-38.3634],[-68.791,-38.3643],[-68.7925,-38.3651],[-68.7936,-38.366],[-68.794,-38.366],[-68.794,-38.3666],[-68.7947,-38.3666],[-68.7955,-38.3666],[-68.7969,-38.3675],[-68.7977,-38.3675],[-68.7984,-38.3693],[-68.7995,-38.3693],[-68.801,-38.3699],[-68.8025,-38.3699],[-68.804,-38.3693],[-68.8044,-38.3693],[-68.8063,-38.3687],[-68.807,-38.3681],[-68.8081,-38.3675],[-68.8092,-38.3675],[-68.8096,-38.3672],[-68.8107,-38.3672],[-68.8118,-38.3672],[-68.8126,-38.3672],[-68.8133,-38.3666],[-68.8148,-38.3667],[-68.8152,-38.3667],[-68.8159,-38.3667],[-68.8163,-38.3661],[-68.8171,-38.3652],[-68.8193,-38.3652],[-68.8219,-38.3658],[-68.8219,-38.3661],[-68.8223,-38.3667],[-68.8223,-38.3672],[-68.823,-38.3675],[-68.8237,-38.3675],[-68.8245,-38.3675],[-68.8249,-38.3675],[-68.8256,-38.3675],[-68.8271,-38.3676],[-68.8278,-38.3676],[-68.8282,-38.3676],[-68.8297,-38.3673],[-68.8305,-38.3667],[-68.8308,-38.3667],[-68.8323,-38.3667],[-68.8338,-38.3673],[-68.8342,-38.3673],[-68.8353,-38.3676],[-68.8364,-38.3676],[-68.8368,-38.3676],[-68.8386,-38.3682],[-68.839,-38.3684],[-68.8394,-38.3684],[-68.8409,-38.3684],[-68.842,-38.3687],[-68.842,-38.3684],[-68.8431,-38.3684],[-68.8435,-38.3684],[-68.845,-38.3682],[-68.8457,-38.3685],[-68.8468,-38.3685],[-68.8491,-38.3685],[-68.8506,-38.3685],[-68.8509,-38.3685],[-68.8513,-38.3685],[-68.8528,-38.3685],[-68.8543,-38.3676],[-68.8558,-38.3676],[-68.8561,-38.3676],[-68.8565,-38.3676],[-68.8576,-38.3676],[-68.8588,-38.3685],[-68.8602,-38.3694],[-68.8614,-38.3702],[-68.8621,-38.3711],[-68.8628,-38.3717],[-68.8632,-38.3726],[-68.8643,-38.3732],[-68.8666,-38.3749],[-68.8684,-38.3761],[-68.8692,-38.3773],[-68.8692,-38.3782],[-68.8692,-38.3787],[-68.8692,-38.3799],[-68.8699,-38.3808],[-68.8699,-38.3823],[-68.8718,-38.3829],[-68.8736,-38.3834],[-68.8747,-38.3834],[-68.8762,-38.3837],[-68.8773,-38.384],[-68.8788,-38.3846],[-68.8792,-38.3846],[-68.8799,-38.3852],[-68.8799,-38.3861],[-68.8807,-38.3861],[-68.8807,-38.3867],[-68.8807,-38.387],[-68.8807,-38.3875],[-68.8807,-38.3881],[-68.8807,-38.3884],[-68.8807,-38.389],[-68.8811,-38.389],[-68.8814,-38.389],[-68.8818,-38.3896],[-68.8822,-38.3899],[-68.8829,-38.3911],[-68.8837,-38.392],[-68.8844,-38.3925],[-68.8851,-38.3931],[-68.8859,-38.3937],[-68.8874,-38.394],[-68.8892,-38.394],[-68.8904,-38.3943],[-68.8919,-38.3943],[-68.8926,-38.3952],[-68.893,-38.3961],[-68.893,-38.3964],[-68.8941,-38.3966],[-68.8952,-38.3964],[-68.8956,-38.3964],[-68.8959,-38.3964],[-68.8967,-38.3961],[-68.8974,-38.3961],[-68.8978,-38.3964],[-68.8993,-38.3964],[-68.9015,-38.3975],[-68.9034,-38.3981],[-68.9034,-38.3984],[-68.9045,-38.3987],[-68.906,-38.4005],[-68.9067,-38.4019],[-68.9071,-38.4025],[-68.9075,-38.4031],[-68.9075,-38.404],[-68.9075,-38.4055],[-68.9078,-38.4072],[-68.9082,-38.4084],[-68.909,-38.4087],[-68.9097,-38.4096],[-68.9101,-38.4101],[-68.9105,-38.4107],[-68.9123,-38.4116],[-68.9131,-38.4122],[-68.9138,-38.4125],[-68.9153,-38.4134],[-68.9157,-38.4145],[-68.916,-38.4148],[-68.916,-38.416],[-68.9168,-38.4169],[-68.9175,-38.4172],[-68.9175,-38.4178],[-68.9183,-38.4187],[-68.9186,-38.4187],[-68.919,-38.4189],[-68.9201,-38.4189],[-68.9213,-38.4189],[-68.9216,-38.4189],[-68.9216,-38.4192],[-68.922,-38.4195],[-68.9224,-38.4198],[-68.9224,-38.421],[-68.9231,-38.4216],[-68.9238,-38.4222],[-68.9238,-38.4236],[-68.9242,-38.4245],[-68.9246,-38.4248],[-68.9253,-38.4254],[-68.9272,-38.4263],[-68.9276,-38.4275],[-68.9283,-38.428],[-68.9291,-38.4289],[-68.9291,-38.4295],[-68.9291,-38.4307],[-68.9294,-38.4307],[-68.9294,-38.4316],[-68.9294,-38.4324],[-68.9291,-38.433],[-68.9294,-38.4336],[-68.9294,-38.4342],[-68.9294,-38.4345],[-68.9294,-38.4354],[-68.9294,-38.4357],[-68.9313,-38.436],[-68.9324,-38.4365],[-68.9339,-38.4368],[-68.9346,-38.438],[-68.9354,-38.4395],[-68.9361,-38.4401],[-68.9361,-38.4404],[-68.9369,-38.4407],[-68.938,-38.4418],[-68.9387,-38.4433],[-68.941,-38.4474],[-68.9413,-38.4474],[-68.9425,-38.448],[-68.9432,-38.4483],[-68.9436,-38.4492],[-68.9443,-38.4497],[-68.9443,-38.4503],[-68.9451,-38.4506],[-68.9451,-38.4512],[-68.9462,-38.4524],[-68.9466,-38.4524],[-68.948,-38.4533],[-68.9488,-38.4538],[-68.9492,-38.4544],[-68.9492,-38.4547],[-68.9492,-38.4553],[-68.9492,-38.4559],[-68.9492,-38.4568],[-68.9495,-38.4585],[-68.9507,-38.4591],[-68.9514,-38.4597],[-68.9518,-38.4612],[-68.9525,-38.4621],[-68.9525,-38.4632],[-68.9525,-38.4635],[-68.9536,-38.4644],[-68.9536,-38.465],[-68.954,-38.4662],[-68.954,-38.4667],[-68.954,-38.4679],[-68.9544,-38.4682],[-68.9544,-38.4694],[-68.9544,-38.47],[-68.954,-38.4703],[-68.954,-38.4709],[-68.954,-38.4711],[-68.9529,-38.4714],[-68.9529,-38.472],[-68.9529,-38.4723],[-68.9536,-38.4723],[-68.954,-38.4747],[-68.9551,-38.4753],[-68.9551,-38.4761],[-68.9562,-38.4761],[-68.957,-38.477],[-68.9577,-38.477],[-68.9574,-38.4776],[-68.9577,-38.4779],[-68.9588,-38.4779],[-68.9588,-38.4791],[-68.9607,-38.4791],[-68.9622,-38.4799],[-68.9629,-38.4799],[-68.9633,-38.4802],[-68.9641,-38.4802],[-68.9649,-38.4808],[-68.9649,-38.42],[-68.9282,-38.4201],[-68.9284,-38.2938],[-68.7477,-38.2936],[-68.6911,-38.3295],[-68.6104,-38.3292],[-68.5942,-38.3175],[-68.5151,-38.3667],[-68.5681,-38.4072],[-68.5066,-38.446],[-68.5061,-38.5261]]]}},{"type":"Feature","properties":{"nombre":"FILO MORADO"},"geometry":{"type":"Polygon","coordinates":[[[-69.6186,-37.1931],[-69.62,-37.3598],[-69.7215,-37.3592],[-69.7199,-37.1925],[-69.6186,-37.1931]]]}},{"type":"Feature","properties":{"nombre":"LOMA LA LATA - SIERRA BARROSA"},"geometry":{"type":"MultiPolygon","coordinates":[[[[-68.7668,-38.363],[-68.7627,-38.3633],[-68.759,-38.3642],[-68.7552,-38.3659],[-68.7545,-38.3665],[-68.7534,-38.3665],[-68.7523,-38.3674],[-68.7519,-38.3674],[-68.7511,-38.3674],[-68.7497,-38.368],[-68.7485,-38.3683],[-68.7474,-38.3692],[-68.7463,-38.37],[-68.7455,-38.3703],[-68.7448,-38.3718],[-68.7437,-38.3741],[-68.7437,-38.3747],[-68.7437,-38.3753],[-68.7429,-38.3768],[-68.7429,-38.3785],[-68.7414,-38.3788],[-68.7399,-38.3803],[-68.7392,-38.3806],[-68.7392,-38.3815],[-68.7384,-38.3823],[-68.7373,-38.3829],[-68.7366,-38.3832],[-68.7343,-38.3835],[-68.7336,-38.3844],[-68.7321,-38.385],[-68.7317,-38.3852],[-68.7306,-38.3852],[-68.7299,-38.3852],[-68.731,-38.3861],[-68.7317,-38.3864],[-68.7317,-38.3867],[-68.7317,-38.3879],[-68.7321,-38.3882],[-68.7321,-38.3888],[-68.7321,-38.3893],[-68.7321,-38.3896],[-68.7321,-38.3905],[-68.7317,-38.3914],[-68.7317,-38.3917],[-68.7298,-38.3917],[-68.7287,-38.3917],[-68.7276,-38.3908],[-68.7265,-38.3908],[-68.7254,-38.3914],[-68.7242,-38.392],[-68.7239,-38.3929],[-68.7239,-38.3937],[-68.7239,-38.3949],[-68.7235,-38.3964],[-68.7231,-38.3978],[-68.7224,-38.3981],[-68.7205,-38.3981],[-68.7197,-38.3984],[-68.719,-38.3984],[-68.7179,-38.3981],[-68.7171,-38.3978],[-68.7156,-38.3972],[-68.7145,-38.3963],[-68.7134,-38.3961],[-68.7116,-38.396],[-68.7104,-38.396],[-68.709,-38.396],[-68.7067,-38.3957],[-68.7056,-38.3957],[-68.7041,-38.3957],[-68.7026,-38.396],[-68.7004,-38.3966],[-68.6993,-38.3972],[-68.6978,-38.3978],[-68.6967,-38.3981],[-68.6952,-38.3983],[-68.6937,-38.4001],[-68.6918,-38.401],[-68.6903,-38.4016],[-68.6881,-38.4016],[-68.6858,-38.4021],[-68.684,-38.4027],[-68.6814,-38.4036],[-68.6799,-38.4036],[-68.678,-38.4039],[-68.6773,-38.4047],[-68.6758,-38.405],[-68.6743,-38.4059],[-68.6728,-38.4065],[-68.672,-38.4068],[-68.6705,-38.4077],[-68.669,-38.4091],[-68.6672,-38.4109],[-68.6653,-38.412],[-68.6638,-38.4132],[-68.6616,-38.4144],[-68.6604,-38.4161],[-68.6578,-38.4161],[-68.6552,-38.4161],[-68.6522,-38.4164],[-68.6519,-38.4164],[-68.6504,-38.4167],[-68.6504,-38.4173],[-68.6485,-38.4182],[-68.6455,-38.4184],[-68.6451,-38.419],[-68.6444,-38.4199],[-68.6425,-38.4205],[-68.6407,-38.4208],[-68.6399,-38.4208],[-68.6381,-38.421],[-68.6369,-38.4213],[-68.6362,-38.4216],[-68.6343,-38.4225],[-68.6336,-38.4231],[-68.6328,-38.424],[-68.6328,-38.4251],[-68.6324,-38.4272],[-68.6324,-38.429],[-68.632,-38.4304],[-68.6309,-38.4316],[-68.6305,-38.4322],[-68.6305,-38.433],[-68.6298,-38.4336],[-68.6283,-38.4351],[-68.6279,-38.4357],[-68.6264,-38.436],[-68.6257,-38.4377],[-68.6242,-38.4383],[-68.6227,-38.4389],[-68.6223,-38.4395],[-68.6216,-38.4398],[-68.6212,-38.4406],[-68.6208,-38.4409],[-68.6208,-38.4412],[-68.6193,-38.4424],[-68.6193,-38.443],[-68.6193,-38.4439],[-68.6208,-38.4442],[-68.6208,-38.4444],[-68.6208,-38.445],[-68.6212,-38.4453],[-68.6208,-38.4468],[-68.6208,-38.4474],[-68.6189,-38.4477],[-68.6178,-38.4482],[-68.6159,-38.4491],[-68.6148,-38.4494],[-68.6133,-38.4497],[-68.6122,-38.45],[-68.6103,-38.4512],[-68.6077,-38.4514],[-68.6058,-38.4517],[-68.604,-38.4526],[-68.6028,-38.4538],[-68.6021,-38.4538],[-68.5995,-38.4552],[-68.5984,-38.4561],[-68.5965,-38.4578],[-68.5954,-38.459],[-68.5939,-38.4593],[-68.5931,-38.4605],[-68.592,-38.4605],[-68.592,-38.4616],[-68.5916,-38.4622],[-68.5912,-38.4631],[-68.5909,-38.4643],[-68.5882,-38.4649],[-68.5856,-38.466],[-68.5849,-38.4672],[-68.5838,-38.4678],[-68.5811,-38.4686],[-68.5796,-38.4695],[-68.5785,-38.4707],[-68.577,-38.4716],[-68.5767,-38.4721],[-68.5751,-38.4727],[-68.5748,-38.4733],[-68.5733,-38.4742],[-68.5729,-38.4751],[-68.5721,-38.4762],[-68.571,-38.4768],[-68.5692,-38.478],[-68.5669,-38.4794],[-68.5662,-38.4803],[-68.5647,-38.4812],[-68.5635,-38.4815],[-68.5613,-38.4826],[-68.5572,-38.4858],[-68.5564,-38.4858],[-68.5542,-38.4864],[-68.5531,-38.487],[-68.5527,-38.4879],[-68.5508,-38.4879],[-68.5508,-38.4888],[-68.5497,-38.4887],[-68.5486,-38.489],[-68.5482,-38.4893],[-68.5471,-38.4896],[-68.546,-38.4896],[-68.5437,-38.4896],[-68.5426,-38.4902],[-68.5415,-38.4914],[-68.5411,-38.4914],[-68.5403,-38.4931],[-68.5385,-38.4937],[-68.5385,-38.4943],[-68.5381,-38.4949],[-68.5385,-38.4955],[-68.5385,-38.4957],[-68.5385,-38.4966],[-68.5381,-38.4969],[-68.5377,-38.4981],[-68.5369,-38.4984],[-68.5366,-38.499],[-68.5362,-38.4998],[-68.5354,-38.5004],[-68.5351,-38.501],[-68.5351,-38.5019],[-68.5351,-38.5033],[-68.5343,-38.5045],[-68.5328,-38.5051],[-68.5324,-38.5063],[-68.5324,-38.5071],[-68.5313,-38.5077],[-68.529,-38.5092],[-68.5272,-38.5092],[-68.5253,-38.5092],[-68.5238,-38.5092],[-68.5227,-38.5095],[-68.5216,-38.5095],[-68.5205,-38.51],[-68.519,-38.5103],[-68.5186,-38.5112],[-68.5178,-38.5115],[-68.5178,-38.5118],[-68.5186,-38.5127],[-68.5197,-38.5147],[-68.52,-38.5165],[-68.5185,-38.5185],[-68.517,-38.5197],[-68.5125,-38.5229],[-68.5114,-38.5229],[-68.5077,-38.5252],[-68.506,-38.5261],[-68.506,-38.5366],[-68.5047,-38.5371],[-68.5034,-38.5378],[-68.5014,-38.5388],[-68.4995,-38.5396],[-68.499,-38.54],[-68.499,-38.5404],[-68.4987,-38.5406],[-68.4978,-38.541],[-68.4962,-38.5418],[-68.494,-38.5427],[-68.493,-38.5433],[-68.4926,-38.5434],[-68.4918,-38.544],[-68.4915,-38.5443],[-68.4902,-38.545],[-68.4892,-38.5454],[-68.488,-38.5468],[-68.4864,-38.5486],[-68.4846,-38.5507],[-68.4828,-38.553],[-68.481,-38.5545],[-68.4789,-38.5564],[-68.4769,-38.558],[-68.4734,-38.5596],[-68.4707,-38.5606],[-68.4681,-38.5612],[-68.4654,-38.5614],[-68.4626,-38.5619],[-68.4507,-38.5626],[-68.4458,-38.5629],[-68.6125,-38.5635],[-68.6206,-38.5798],[-68.6209,-38.526],[-68.6212,-38.5246],[-68.6214,-38.5247],[-68.6217,-38.5247],[-68.622,-38.5248],[-68.6222,-38.5249],[-68.6223,-38.5249],[-68.6226,-38.5248],[-68.623,-38.5247],[-68.6235,-38.5246],[-68.6237,-38.5246],[-68.6239,-38.5246],[-68.6242,-38.5245],[-68.6243,-38.5245],[-68.6246,-38.5245],[-68.6248,-38.5245],[-68.6251,-38.5245],[-68.6253,-38.5246],[-68.6254,-38.5247],[-68.6255,-38.5248],[-68.6255,-38.5248],[-68.6256,-38.5249],[-68.6256,-38.5249],[-68.6257,-38.5249],[-68.6259,-38.5249],[-68.626,-38.5248],[-68.6261,-38.5248],[-68.6263,-38.5248],[-68.6264,-38.5248],[-68.6265,-38.5247],[-68.6265,-38.5245],[-68.6264,-38.5244],[-68.6266,-38.5244],[-68.6268,-38.5245],[-68.627,-38.5246],[-68.6272,-38.5244],[-68.6273,-38.5244],[-68.6274,-38.5244],[-68.6274,-38.5244],[-68.6275,-38.5243],[-68.6275,-38.5243],[-68.6274,-38.5241],[-68.6274,-38.524],[-68.6277,-38.524],[-68.6277,-38.524],[-68.6278,-38.5242],[-68.6282,-38.5242],[-68.6282,-38.5241],[-68.6281,-38.524],[-68.6282,-38.524],[-68.6284,-38.5239],[-68.6285,-38.5239],[-68.6285,-38.5238],[-68.6285,-38.5238],[-68.6285,-38.5236],[-68.6286,-38.5236],[-68.6286,-38.5237],[-68.6287,-38.5237],[-68.6288,-38.5238],[-68.629,-38.5239],[-68.6291,-38.5238],[-68.6293,-38.5237],[-68.6294,-38.5236],[-68.6296,-38.5236],[-68.6298,-38.5236],[-68.63,-38.5237],[-68.6302,-38.5237],[-68.6305,-38.5237],[-68.6306,-38.5236],[-68.6308,-38.5234],[-68.631,-38.5233],[-68.6313,-38.5231],[-68.6316,-38.5231],[-68.6318,-38.5231],[-68.6319,-38.5231],[-68.632,-38.5231],[-68.6322,-38.523],[-68.6325,-38.5227],[-68.6329,-38.5225],[-68.6331,-38.5225],[-68.6333,-38.5223],[-68.6334,-38.5223],[-68.6337,-38.5223],[-68.6339,-38.5223],[-68.6341,-38.5223],[-68.6342,-38.5223],[-68.6344,-38.5223],[-68.6347,-38.5223],[-68.6349,-38.5223],[-68.635,-38.5224],[-68.6352,-38.5224],[-68.6352,-38.5223],[-68.6353,-38.5222],[-68.6355,-38.5222],[-68.6355,-38.5221],[-68.6356,-38.522],[-68.6357,-38.522],[-68.6358,-38.522],[-68.6359,-38.522],[-68.6359,-38.5219],[-68.6361,-38.5219],[-68.6363,-38.5219],[-68.6363,-38.5219],[-68.6363,-38.5218],[-68.6364,-38.5218],[-68.6365,-38.5218],[-68.6367,-38.5218],[-68.6369,-38.5218],[-68.637,-38.5218],[-68.6371,-38.5218],[-68.6372,-38.5217],[-68.6372,-38.5217],[-68.6373,-38.5217],[-68.6374,-38.5217],[-68.6375,-38.5216],[-68.6376,-38.5216],[-68.6377,-38.5216],[-68.6379,-38.5216],[-68.6379,-38.5215],[-68.6379,-38.5214],[-68.638,-38.5214],[-68.6382,-38.5213],[-68.6383,-38.5213],[-68.6385,-38.5213],[-68.6386,-38.5213],[-68.6386,-38.5214],[-68.6386,-38.5215],[-68.6388,-38.5216],[-68.6389,-38.5216],[-68.639,-38.5216],[-68.6392,-38.5215],[-68.6394,-38.5215],[-68.6395,-38.5214],[-68.6398,-38.5213],[-68.64,-38.5212],[-68.64,-38.5212],[-68.6402,-38.5212],[-68.6402,-38.5213],[-68.6404,-38.5214],[-68.6405,-38.5214],[-68.6408,-38.5215],[-68.6411,-38.5214],[-68.6414,-38.5213],[-68.6417,-38.5213],[-68.642,-38.5212],[-68.6423,-38.5212],[-68.6425,-38.5212],[-68.6428,-38.5211],[-68.6429,-38.5211],[-68.6432,-38.521],[-68.6433,-38.521],[-68.6434,-38.5211],[-68.6435,-38.5212],[-68.6438,-38.5212],[-68.644,-38.5212],[-68.6442,-38.5211],[-68.6445,-38.521],[-68.6445,-38.5209],[-68.6446,-38.5207],[-68.6448,-38.5205],[-68.6449,-38.5204],[-68.645,-38.5205],[-68.6451,-38.5205],[-68.6451,-38.5205],[-68.6452,-38.5205],[-68.6454,-38.5203],[-68.6455,-38.5203],[-68.6459,-38.5201],[-68.6461,-38.5201],[-68.6463,-38.52],[-68.6465,-38.52],[-68.6467,-38.52],[-68.647,-38.52],[-68.6473,-38.52],[-68.6474,-38.52],[-68.6478,-38.5201],[-68.6483,-38.5203],[-68.6484,-38.5203],[-68.6485,-38.5203],[-68.6487,-38.5203],[-68.649,-38.5203],[-68.6493,-38.5203],[-68.6495,-38.5204],[-68.6495,-38.5205],[-68.6495,-38.5206],[-68.6496,-38.5207],[-68.6498,-38.5209],[-68.65,-38.5209],[-68.6502,-38.5209],[-68.6506,-38.5208],[-68.651,-38.5208],[-68.651,-38.5207],[-68.6511,-38.5207],[-68.6512,-38.5207],[-68.6513,-38.5206],[-68.6514,-38.5205],[-68.6514,-38.5205],[-68.6515,-38.5205],[-68.6515,-38.5206],[-68.6516,-38.5206],[-68.6516,-38.5207],[-68.6518,-38.5208],[-68.6519,-38.5208],[-68.652,-38.5208],[-68.652,-38.5209],[-68.6521,-38.5209],[-68.6522,-38.5209],[-68.6523,-38.5209],[-68.6523,-38.5209],[-68.6524,-38.5209],[-68.6524,-38.5209],[-68.6525,-38.521],[-68.6526,-38.521],[-68.6527,-38.5211],[-68.6527,-38.5211],[-68.6528,-38.5211],[-68.6528,-38.521],[-68.653,-38.521],[-68.6533,-38.521],[-68.6535,-38.521],[-68.6537,-38.5209],[-68.6539,-38.5208],[-68.6541,-38.5208],[-68.6542,-38.5207],[-68.6542,-38.5206],[-68.6543,-38.5206],[-68.6543,-38.5205],[-68.6545,-38.5203],[-68.6545,-38.5202],[-68.6546,-38.5202],[-68.6546,-38.5203],[-68.6546,-38.5204],[-68.6546,-38.5205],[-68.6546,-38.5206],[-68.6548,-38.5207],[-68.6549,-38.5207],[-68.6551,-38.5207],[-68.6552,-38.5207],[-68.6553,-38.5206],[-68.6554,-38.5206],[-68.6555,-38.5206],[-68.6557,-38.5205],[-68.656,-38.5203],[-68.6563,-38.5201],[-68.6566,-38.52],[-68.6567,-38.5199],[-68.6569,-38.5199],[-68.657,-38.5198],[-68.6571,-38.5199],[-68.6573,-38.5199],[-68.6574,-38.5198],[-68.6575,-38.5197],[-68.6577,-38.5197],[-68.6578,-38.5197],[-68.6579,-38.5197],[-68.658,-38.5198],[-68.6581,-38.5197],[-68.6583,-38.5196],[-68.6587,-38.5195],[-68.659,-38.5195],[-68.6591,-38.5196],[-68.6592,-38.5197],[-68.6593,-38.5197],[-68.6595,-38.5196],[-68.6597,-38.5196],[-68.6597,-38.5199],[-68.6599,-38.5199],[-68.66,-38.5198],[-68.6601,-38.5198],[-68.6601,-38.5198],[-68.6601,-38.5199],[-68.6602,-38.5199],[-68.6603,-38.5199],[-68.6604,-38.52],[-68.6605,-38.5201],[-68.6606,-38.52],[-68.6606,-38.52],[-68.6606,-38.5198],[-68.6606,-38.5197],[-68.6606,-38.5197],[-68.6607,-38.5196],[-68.6608,-38.5197],[-68.6608,-38.5197],[-68.6609,-38.5197],[-68.661,-38.5198],[-68.6611,-38.5197],[-68.6612,-38.5197],[-68.6612,-38.5198],[-68.6612,-38.5199],[-68.6609,-38.5201],[-68.6608,-38.5201],[-68.6607,-38.5203],[-68.6606,-38.5204],[-68.6605,-38.5205],[-68.6606,-38.5205],[-68.6607,-38.5205],[-68.6608,-38.5205],[-68.661,-38.5204],[-68.661,-38.5205],[-68.6611,-38.5205],[-68.6612,-38.5205],[-68.6613,-38.5204],[-68.6614,-38.5204],[-68.6616,-38.5206],[-68.6617,-38.5207],[-68.6618,-38.5208],[-68.662,-38.5207],[-68.662,-38.5206],[-68.662,-38.5204],[-68.662,-38.5202],[-68.6621,-38.5202],[-68.6622,-38.5201],[-68.6621,-38.52],[-68.6621,-38.5199],[-68.6621,-38.5197],[-68.662,-38.5194],[-68.662,-38.5193],[-68.6621,-38.5193],[-68.6625,-38.5192],[-68.6627,-38.5193],[-68.663,-38.5195],[-68.6633,-38.5196],[-68.6634,-38.5196],[-68.6635,-38.5195],[-68.6637,-38.5195],[-68.6637,-38.5195],[-68.6638,-38.5196],[-68.6639,-38.5197],[-68.664,-38.5198],[-68.6642,-38.5198],[-68.6645,-38.5198],[-68.6647,-38.5198],[-68.6648,-38.5196],[-68.665,-38.5195],[-68.6651,-38.5194],[-68.6654,-38.5194],[-68.6655,-38.5194],[-68.6656,-38.5195],[-68.6656,-38.5196],[-68.6657,-38.5196],[-68.6658,-38.5196],[-68.6658,-38.5196],[-68.6659,-38.5197],[-68.6658,-38.5198],[-68.6657,-38.52],[-68.6659,-38.5202],[-68.6661,-38.5202],[-68.6664,-38.5201],[-68.6666,-38.5201],[-68.6667,-38.5201],[-68.6669,-38.5201],[-68.667,-38.5201],[-68.6671,-38.5202],[-68.6672,-38.5202],[-68.6674,-38.5202],[-68.6675,-38.5202],[-68.6675,-38.5203],[-68.6677,-38.5203],[-68.6678,-38.5202],[-68.668,-38.5202],[-68.6681,-38.5203],[-68.6683,-38.5202],[-68.6683,-38.5201],[-68.6685,-38.5201],[-68.6686,-38.5202],[-68.6687,-38.5201],[-68.6689,-38.5201],[-68.669,-38.5204],[-68.6691,-38.5204],[-68.6692,-38.5204],[-68.6694,-38.5202],[-68.6696,-38.5203],[-68.6697,-38.5206],[-68.6698,-38.5206],[-68.6699,-38.5206],[-68.67,-38.5205],[-68.67,-38.5204],[-68.6701,-38.5202],[-68.6702,-38.5202],[-68.6702,-38.5203],[-68.6701,-38.5204],[-68.6703,-38.5205],[-68.6703,-38.5208],[-68.6705,-38.5209],[-68.6708,-38.5209],[-68.671,-38.5208],[-68.6712,-38.5208],[-68.6713,-38.5209],[-68.6715,-38.5208],[-68.6716,-38.5208],[-68.6717,-38.5207],[-68.6719,-38.5207],[-68.6719,-38.5208],[-68.672,-38.5209],[-68.6721,-38.5209],[-68.6722,-38.5208],[-68.6724,-38.5208],[-68.6726,-38.5208],[-68.6727,-38.5208],[-68.6729,-38.5207],[-68.673,-38.5206],[-68.6731,-38.5206],[-68.6733,-38.5206],[-68.6734,-38.5206],[-68.6736,-38.5206],[-68.6737,-38.5206],[-68.7038,-38.537],[-68.7034,-38.6481],[-68.7209,-38.6482],[-68.7793,-38.6483],[-68.7789,-38.7891],[-69.0061,-38.7894],[-69.0061,-38.8092],[-69.0647,-38.8091],[-69.0647,-38.6885],[-68.8957,-38.6886],[-68.8958,-38.6344],[-68.9877,-38.6345],[-68.9878,-38.4993],[-68.9648,-38.4993],[-68.9649,-38.4808],[-68.9641,-38.4802],[-68.9633,-38.4802],[-68.9629,-38.4799],[-68.9622,-38.4799],[-68.9607,-38.4791],[-68.9588,-38.4791],[-68.9588,-38.4779],[-68.9577,-38.4779],[-68.9574,-38.4776],[-68.9577,-38.477],[-68.957,-38.477],[-68.9562,-38.4761],[-68.9551,-38.4761],[-68.9551,-38.4752],[-68.954,-38.4747],[-68.9536,-38.4723],[-68.9529,-38.4723],[-68.9529,-38.472],[-68.9529,-38.4714],[-68.954,-38.4711],[-68.954,-38.4708],[-68.954,-38.4703],[-68.9544,-38.47],[-68.9544,-38.4694],[-68.9544,-38.4682],[-68.954,-38.4679],[-68.954,-38.4667],[-68.954,-38.4662],[-68.9536,-38.465],[-68.9536,-38.4644],[-68.9525,-38.4635],[-68.9525,-38.4632],[-68.9525,-38.4621],[-68.9518,-38.4612],[-68.9514,-38.4597],[-68.9507,-38.4591],[-68.9495,-38.4585],[-68.9492,-38.4568],[-68.9492,-38.4559],[-68.9492,-38.4553],[-68.9492,-38.4547],[-68.9492,-38.4544],[-68.9488,-38.4538],[-68.948,-38.4533],[-68.9466,-38.4524],[-68.9462,-38.4524],[-68.9451,-38.4512],[-68.9451,-38.4506],[-68.9443,-38.4503],[-68.9443,-38.4497],[-68.9436,-38.4492],[-68.9432,-38.4483],[-68.9425,-38.448],[-68.9413,-38.4474],[-68.941,-38.4474],[-68.9387,-38.4433],[-68.938,-38.4418],[-68.9369,-38.4406],[-68.9361,-38.4404],[-68.9361,-38.4401],[-68.9354,-38.4395],[-68.9346,-38.438],[-68.9339,-38.4368],[-68.9324,-38.4365],[-68.9313,-38.436],[-68.9294,-38.4357],[-68.9294,-38.4354],[-68.9294,-38.4345],[-68.9294,-38.4342],[-68.9294,-38.4336],[-68.9291,-38.433],[-68.9294,-38.4324],[-68.9294,-38.4316],[-68.9294,-38.4307],[-68.9291,-38.4307],[-68.9291,-38.4295],[-68.9291,-38.4289],[-68.9283,-38.428],[-68.9276,-38.4275],[-68.9272,-38.4263],[-68.9253,-38.4254],[-68.9246,-38.4248],[-68.9242,-38.4245],[-68.9238,-38.4236],[-68.9238,-38.4222],[-68.9231,-38.4216],[-68.9224,-38.421],[-68.9224,-38.4198],[-68.922,-38.4195],[-68.9216,-38.4192],[-68.9216,-38.4189],[-68.9212,-38.4189],[-68.9201,-38.4189],[-68.919,-38.4189],[-68.9186,-38.4187],[-68.9183,-38.4187],[-68.9175,-38.4178],[-68.9175,-38.4172],[-68.9168,-38.4169],[-68.916,-38.416],[-68.916,-38.4148],[-68.9157,-38.4145],[-68.9153,-38.4134],[-68.9138,-38.4125],[-68.9131,-38.4122],[-68.9123,-38.4116],[-68.9105,-38.4107],[-68.9101,-38.4101],[-68.9097,-38.4096],[-68.909,-38.4087],[-68.9082,-38.4084],[-68.9078,-38.4072],[-68.9075,-38.4054],[-68.9075,-38.404],[-68.9075,-38.4031],[-68.9071,-38.4025],[-68.9067,-38.4019],[-68.906,-38.4005],[-68.9045,-38.3987],[-68.9034,-38.3984],[-68.9034,-38.3981],[-68.9015,-38.3975],[-68.8993,-38.3964],[-68.8978,-38.3964],[-68.8974,-38.3961],[-68.8967,-38.3961],[-68.8959,-38.3964],[-68.8956,-38.3964],[-68.8952,-38.3964],[-68.8941,-38.3966],[-68.893,-38.3964],[-68.893,-38.3961],[-68.8926,-38.3952],[-68.8918,-38.3943],[-68.8904,-38.3943],[-68.8892,-38.394],[-68.8874,-38.394],[-68.8859,-38.3937],[-68.8851,-38.3931],[-68.8844,-38.3925],[-68.8837,-38.3919],[-68.8829,-38.3911],[-68.8822,-38.3899],[-68.8818,-38.3896],[-68.8814,-38.389],[-68.881,-38.389],[-68.8807,-38.389],[-68.8807,-38.3884],[-68.8807,-38.3881],[-68.8807,-38.3875],[-68.8807,-38.387],[-68.8807,-38.3867],[-68.8807,-38.3861],[-68.8799,-38.3861],[-68.8799,-38.3852],[-68.8792,-38.3846],[-68.8788,-38.3846],[-68.8773,-38.384],[-68.8762,-38.3837],[-68.8747,-38.3834],[-68.8736,-38.3834],[-68.8718,-38.3828],[-68.8699,-38.3823],[-68.8699,-38.3808],[-68.8692,-38.3799],[-68.8692,-38.3787],[-68.8692,-38.3781],[-68.8692,-38.3773],[-68.8684,-38.3761],[-68.8666,-38.3749],[-68.8643,-38.3732],[-68.8632,-38.3726],[-68.8628,-38.3717],[-68.8621,-38.3711],[-68.8614,-38.3702],[-68.8602,-38.3693],[-68.8587,-38.3685],[-68.8576,-38.3676],[-68.8565,-38.3676],[-68.8561,-38.3676],[-68.8558,-38.3676],[-68.8543,-38.3676],[-68.8528,-38.3685],[-68.8513,-38.3685],[-68.8509,-38.3685],[-68.8506,-38.3685],[-68.8491,-38.3684],[-68.8468,-38.3684],[-68.8457,-38.3684],[-68.845,-38.3682],[-68.8435,-38.3684],[-68.8431,-38.3684],[-68.842,-38.3684],[-68.842,-38.3687],[-68.8409,-38.3684],[-68.8394,-38.3684],[-68.839,-38.3684],[-68.8386,-38.3681],[-68.8368,-38.3676],[-68.8364,-38.3676],[-68.8353,-38.3676],[-68.8342,-38.3673],[-68.8338,-38.3673],[-68.8323,-38.3667],[-68.8308,-38.3667],[-68.8305,-38.3667],[-68.8297,-38.3673],[-68.8282,-38.3675],[-68.8278,-38.3675],[-68.8271,-38.3675],[-68.8256,-38.3675],[-68.8249,-38.3675],[-68.8245,-38.3675],[-68.8237,-38.3675],[-68.823,-38.3675],[-68.8223,-38.3672],[-68.8223,-38.3667],[-68.8219,-38.3661],[-68.8219,-38.3658],[-68.8193,-38.3652],[-68.817,-38.3652],[-68.8163,-38.3661],[-68.8159,-38.3666],[-68.8152,-38.3666],[-68.8148,-38.3666],[-68.8133,-38.3666],[-68.8126,-38.3672],[-68.8118,-38.3672],[-68.8107,-38.3672],[-68.8096,-38.3672],[-68.8092,-38.3675],[-68.8081,-38.3675],[-68.807,-38.3681],[-68.8062,-38.3687],[-68.8044,-38.3693],[-68.804,-38.3693],[-68.8025,-38.3698],[-68.801,-38.3698],[-68.7995,-38.3693],[-68.7984,-38.3693],[-68.7977,-38.3675],[-68.7969,-38.3675],[-68.7955,-38.3666],[-68.7947,-38.3666],[-68.794,-38.3666],[-68.794,-38.366],[-68.7936,-38.366],[-68.7925,-38.3651],[-68.791,-38.3643],[-68.7891,-38.3634],[-68.7854,-38.3631],[-68.7817,-38.3628],[-68.778,-38.3628],[-68.7761,-38.3631],[-68.7705,-38.3628],[-68.7668,-38.363]]],[[[-68.3085,-38.7922],[-68.5569,-38.7929],[-68.5574,-38.7112],[-68.3085,-38.7922]]]]}},{"type":"Feature","properties":{"nombre":"CHIHUIDO DE LA SALINA SUR"},"geometry":{"type":"Polygon","coordinates":[[[-69.5614,-37.0697],[-69.5621,-37.1652],[-69.6183,-37.1526],[-69.6186,-37.1931],[-69.6372,-37.193],[-69.6361,-37.0693],[-69.5614,-37.0697]]]}},{"type":"Feature","properties":{"nombre":"LOS CALDENES"},"geometry":{"type":"Polygon","coordinates":[[[-67.9683,-38.4425],[-67.9678,-38.4812],[-68.0302,-38.5259],[-68.1276,-38.5266],[-68.1287,-38.4438],[-67.9683,-38.4425]]]}},{"type":"Feature","properties":{"nombre":"RINCON DEL MANGRULLO"},"geometry":{"type":"Polygon","coordinates":[[[-69.4005,-38.5364],[-69.2309,-38.5369],[-69.2312,-38.6451],[-69.4413,-38.6446],[-69.4412,-38.5994],[-69.3237,-38.5997],[-69.3249,-38.5981],[-69.3273,-38.5959],[-69.3297,-38.5943],[-69.331,-38.5938],[-69.3321,-38.5937],[-69.3339,-38.5934],[-69.3355,-38.5948],[-69.3362,-38.5957],[-69.3371,-38.5965],[-69.3385,-38.5969],[-69.3391,-38.5972],[-69.3399,-38.5976],[-69.341,-38.598],[-69.3418,-38.5983],[-69.3426,-38.5985],[-69.3436,-38.5988],[-69.3444,-38.5989],[-69.345,-38.5988],[-69.3457,-38.5986],[-69.3464,-38.5982],[-69.347,-38.5979],[-69.3475,-38.5973],[-69.3479,-38.5968],[-69.3484,-38.5959],[-69.3488,-38.5954],[-69.3491,-38.5949],[-69.3496,-38.5945],[-69.3506,-38.5939],[-69.351,-38.5935],[-69.3524,-38.5919],[-69.3549,-38.5882],[-69.3574,-38.5868],[-69.3602,-38.5852],[-69.3629,-38.5835],[-69.3663,-38.5807],[-69.3688,-38.5788],[-69.3712,-38.5758],[-69.3747,-38.5716],[-69.3773,-38.5697],[-69.38,-38.5667],[-69.3818,-38.5654],[-69.3835,-38.5634],[-69.385,-38.5617],[-69.3862,-38.5588],[-69.3886,-38.5581],[-69.3897,-38.5555],[-69.3915,-38.5521],[-69.392,-38.5504],[-69.3933,-38.5483],[-69.3978,-38.5444],[-69.4005,-38.5417],[-69.4015,-38.5394],[-69.401,-38.5385],[-69.4006,-38.5368],[-69.4005,-38.5364]]]}},{"type":"Feature","properties":{"nombre":"VALLE DEL RIO GRANDE"},"geometry":{"type":"Polygon","coordinates":[[[-69.6371,-35.8882],[-69.6374,-35.9224],[-69.4424,-35.9233],[-69.4433,-36.0945],[-69.5666,-36.094],[-69.5676,-36.231],[-69.69,-36.2303],[-69.6894,-36.1673],[-69.7216,-36.1671],[-69.7191,-35.8877],[-69.6371,-35.8882]]]}},{"type":"Feature","properties":{"nombre":"CHIHUIDO DE LA SALINA"},"geometry":{"type":"Polygon","coordinates":[[[-69.6158,-36.9593],[-69.5606,-36.9596],[-69.5614,-37.0697],[-69.6167,-37.0694],[-69.6158,-36.9593]]]}},{"type":"Feature","properties":{"nombre":"CERRO FORTUNOSO"},"geometry":{"type":"Polygon","coordinates":[[[-69.3104,-36.167],[-69.3109,-36.3201],[-69.4446,-36.32],[-69.4438,-36.1666],[-69.3104,-36.167]]]}},{"type":"Feature","properties":{"nombre":"CAJON DE LOS CABALLOS (SECTOR ORIENTAL)"},"geometry":{"type":"Polygon","coordinates":[[[-69.1541,-35.8303],[-69.1545,-36.0],[-69.2445,-35.9998],[-69.2445,-36.1492],[-69.3103,-36.149],[-69.3104,-36.167],[-69.4438,-36.1666],[-69.4438,-36.1711],[-69.4611,-36.1711],[-69.4607,-36.0945],[-69.4433,-36.0945],[-69.4426,-35.9684],[-69.3318,-35.9687],[-69.3312,-35.8335],[-69.1541,-35.8303]]]}},{"type":"Feature","properties":{"nombre":"ALTIPLANICIE DEL PAYUN"},"geometry":{"type":"Polygon","coordinates":[[[-69.1668,-36.5999],[-69.1672,-36.7801],[-69.4473,-36.7794],[-69.4462,-36.5992],[-69.1668,-36.5999]]]}},{"type":"Feature","properties":{"nombre":"CONFLUENCIA SUR"},"geometry":{"type":"Polygon","coordinates":[[[-69.5537,-36.9127],[-69.5737,-36.96],[-69.6236,-36.9598],[-69.6036,-36.9125],[-69.5537,-36.9127]]]}},{"type":"Feature","properties":{"nombre":"DON JOSE"},"geometry":{"type":"Polygon","coordinates":[[[-67.6769,-39.0296],[-67.6538,-39.0293],[-67.6535,-39.0473],[-67.6766,-39.0476],[-67.6769,-39.0296]]]}},{"type":"Feature","properties":{"nombre":"FLOR DE ROCA"},"geometry":{"type":"Polygon","coordinates":[[[-67.5467,-39.0712],[-67.5471,-39.0532],[-67.4974,-39.0526],[-67.4971,-39.0706],[-67.5117,-39.0708],[-67.5212,-39.0676],[-67.5296,-39.069],[-67.5312,-39.071],[-67.5467,-39.0712]]]}},{"type":"Feature","properties":{"nombre":"PUESTO SURVELIN"},"geometry":{"type":"Polygon","coordinates":[[[-67.3156,-38.5164],[-67.2697,-38.5158],[-67.2688,-38.5526],[-67.3147,-38.5528],[-67.3156,-38.5164]]]}},{"type":"Feature","properties":{"nombre":"FONDO DE LA LEGUA"},"geometry":{"type":"MultiPolygon","coordinates":[[[[-69.4501,-37.302],[-69.4505,-37.3606],[-69.5871,-37.3599],[-69.587,-37.3464],[-69.5181,-37.3468],[-69.5179,-37.3197],[-69.5405,-37.3196],[-69.5404,-37.3016],[-69.4501,-37.302]]],[[[-69.2712,-37.143],[-69.2584,-37.1514],[-69.2522,-37.1555],[-69.2354,-37.1634],[-69.2206,-37.1716],[-69.2103,-37.1738],[-69.1987,-37.1729],[-69.1929,-37.1735],[-69.1679,-37.1806],[-69.168,-37.2306],[-69.2815,-37.2304],[-69.2813,-37.1815],[-69.4494,-37.181],[-69.4493,-37.1653],[-69.4421,-37.1627],[-69.4289,-37.161],[-69.4246,-37.1616],[-69.4169,-37.1658],[-69.4059,-37.1684],[-69.3968,-37.1683],[-69.3895,-37.1651],[-69.3796,-37.1616],[-69.366,-37.1596],[-69.35,-37.1577],[-69.331,-37.1522],[-69.323,-37.1504],[-69.3128,-37.1506],[-69.2991,-37.151],[-69.283,-37.1452],[-69.2755,-37.143],[-69.2712,-37.143]]]]}},{"type":"Feature","properties":{"nombre":"LOMA MONTOSA OESTE"},"geometry":{"type":"Polygon","coordinates":[[[-68.1463,-37.7529],[-68.1451,-37.8546],[-68.3633,-37.856],[-68.3641,-37.7542],[-68.1463,-37.7529]]]}},{"type":"Feature","properties":{"nombre":"CENTRO ESTE"},"geometry":{"type":"Polygon","coordinates":[[[-67.7582,-37.6756],[-67.7551,-37.7277],[-67.7336,-37.7645],[-68.0235,-37.7672],[-68.0226,-37.8357],[-68.1039,-37.8363],[-68.0978,-37.8543],[-68.1451,-37.8547],[-68.1468,-37.7105],[-68.0753,-37.71],[-68.0719,-37.7145],[-68.0717,-37.7307],[-68.0127,-37.7302],[-67.979,-37.7078],[-67.9791,-37.6966],[-67.7582,-37.6756]]]}},{"type":"Feature","properties":{"nombre":"AGUA DEL CAJON"},"geometry":{"type":"Polygon","coordinates":[[[-68.2008,-38.9578],[-68.5088,-38.9594],[-68.5099,-38.7932],[-68.3084,-38.7922],[-68.3075,-38.8972],[-68.2008,-38.9578]]]}},{"type":"Feature","properties":{"nombre":"EL SAUCE"},"geometry":{"type":"Polygon","coordinates":[[[-69.2733,-39.4796],[-69.4764,-39.6032],[-69.5928,-39.4864],[-69.5789,-39.4865],[-69.5788,-39.4734],[-69.5567,-39.4735],[-69.5567,-39.4757],[-69.5479,-39.4757],[-69.5479,-39.4684],[-69.5186,-39.4686],[-69.5187,-39.4724],[-69.5043,-39.4725],[-69.5043,-39.4671],[-69.488,-39.4672],[-69.4878,-39.4367],[-69.4986,-39.4366],[-69.4985,-39.4208],[-69.4549,-39.421],[-69.4549,-39.4142],[-69.44,-39.4142],[-69.44,-39.4125],[-69.3993,-39.4127],[-69.3992,-39.402],[-69.3843,-39.4021],[-69.3843,-39.3927],[-69.3466,-39.3928],[-69.3466,-39.3928],[-69.3375,-39.3928],[-69.3375,-39.3928],[-69.3189,-39.3928],[-69.319,-39.4186],[-69.3768,-39.4184],[-69.3769,-39.4385],[-69.3086,-39.4387],[-69.3086,-39.4483],[-69.2731,-39.4484],[-69.2733,-39.4796]],[[-69.3937,-39.4635],[-69.3873,-39.4805],[-69.3378,-39.4688],[-69.3442,-39.4518],[-69.3937,-39.4635]],[[-69.3897,-39.5082],[-69.3808,-39.5266],[-69.3639,-39.5218],[-69.3728,-39.5035],[-69.3897,-39.5082]]]}},{"type":"Feature","properties":{"nombre":"SALINA GRANDE I"},"geometry":{"type":"Polygon","coordinates":[[[-67.072,-38.3969],[-67.088,-38.394],[-67.124,-38.349],[-67.142,-38.355],[-67.15,-38.35],[-67.15,-38.325],[-67.166,-38.276],[-67.1729,-38.274],[-67.17,-38.256],[-67.179,-38.256],[-67.198,-38.249],[-67.191,-38.23],[-67.191,-38.227],[-67.1834,-38.2194],[-67.1859,-38.213],[-67.185,-38.2088],[-67.191,-38.205],[-67.222,-38.209],[-67.24,-38.205],[-67.266,-38.205],[-67.294,-38.228],[-67.305,-38.226],[-67.314,-38.227],[-67.322,-38.23],[-67.323,-38.192],[-67.3,-38.191],[-67.3,-38.1629],[-67.3567,-38.1632],[-67.3567,-38.1119],[-67.087,-38.1079],[-67.072,-38.3969]]]}},{"type":"Feature","properties":{"nombre":"CHACHAHUEN SUR"},"geometry":{"type":"Polygon","coordinates":[[[-68.8074,-37.3769],[-68.8076,-37.377],[-68.808,-37.3788],[-68.8088,-37.3799],[-68.8096,-37.3804],[-68.8115,-37.3808],[-68.8133,-37.3814],[-68.8134,-37.3814],[-68.8154,-37.3819],[-68.8177,-37.3825],[-68.8203,-37.3836],[-68.8212,-37.3838],[-68.8224,-37.3838],[-68.8232,-37.384],[-68.8245,-37.3841],[-68.8256,-37.3842],[-68.8271,-37.3844],[-68.8278,-37.3841],[-68.8284,-37.3836],[-68.829,-37.3833],[-68.8306,-37.3829],[-68.8321,-37.383],[-68.8323,-37.383],[-68.8338,-37.3834],[-68.8366,-37.3834],[-68.8367,-37.3834],[-68.8398,-37.3834],[-68.8419,-37.3836],[-68.842,-37.3837],[-68.8442,-37.3842],[-68.8442,-37.3843],[-68.8458,-37.385],[-68.8459,-37.385],[-68.846,-37.3854],[-68.8462,-37.3855],[-68.8486,-37.388],[-68.8501,-37.3894],[-68.8501,-37.3895],[-68.8505,-37.3896],[-68.8582,-37.3929],[-68.8636,-37.3926],[-68.8672,-37.3922],[-68.8696,-37.3917],[-68.871,-37.3913],[-68.8735,-37.3908],[-68.8762,-37.3892],[-68.8789,-37.3874],[-68.8795,-37.3869],[-68.8811,-37.3856],[-68.8823,-37.3844],[-68.8839,-37.3826],[-68.8844,-37.3806],[-68.8856,-37.3787],[-68.8911,-37.3766],[-68.894,-37.3758],[-68.899,-37.3744],[-68.9077,-37.3726],[-68.919,-37.3703],[-68.9256,-37.3703],[-68.93,-37.3689],[-68.9371,-37.3694],[-68.9372,-37.3694],[-68.9372,-37.3007],[-68.8187,-37.3006],[-68.8186,-37.3568],[-68.8074,-37.3568],[-68.8074,-37.3769]]]}},{"type":"Feature","properties":{"nombre":"MEDANITO SUR"},"geometry":{"type":"Polygon","coordinates":[[[-67.5866,-38.166],[-67.3008,-38.1622],[-67.3001,-38.1915],[-67.4924,-38.1964],[-67.4918,-38.2246],[-67.5113,-38.2224],[-67.5543,-38.2174],[-67.571,-38.2145],[-67.5838,-38.2128],[-67.5866,-38.166]]]}},{"type":"Feature","properties":{"nombre":"CAJON DE LOS CABALLOS"},"geometry":{"type":"Polygon","coordinates":[[[-69.4612,-36.1711],[-69.5671,-36.1707],[-69.5666,-36.0941],[-69.4608,-36.0945],[-69.4612,-36.1711]]]}},{"type":"Feature","properties":{"nombre":"EL OREJANO"},"geometry":{"type":"Polygon","coordinates":[[[-69.1944,-37.9412],[-69.1945,-37.9698],[-69.1699,-37.9699],[-69.17,-38.0235],[-69.2269,-38.0234],[-69.2269,-37.9964],[-69.2382,-37.9964],[-69.2381,-37.9411],[-69.1944,-37.9412]]]}},{"type":"Feature","properties":{"nombre":"PUESTO HERNANDEZ"},"geometry":{"type":"Polygon","coordinates":[[[-69.0014,-37.2371],[-69.0014,-37.2857],[-69.1188,-37.3551],[-69.1527,-37.355],[-69.1525,-37.2649],[-69.1953,-37.2649],[-69.1953,-37.2369],[-69.0014,-37.2371]]]}},{"type":"Feature","properties":{"nombre":"LA AMARGA CHICA"},"geometry":{"type":"MultiPolygon","coordinates":[[[[-68.6856,-38.1277],[-68.6851,-38.2484],[-68.7709,-38.1585],[-68.6118,-38.059],[-68.543,-38.1272],[-68.6856,-38.1277]]],[[[-68.6851,-38.2484],[-68.4983,-38.2478],[-68.6104,-38.3292],[-68.6851,-38.2484]]]]}},{"type":"Feature","properties":{"nombre":"MEDIANERA"},"geometry":{"type":"Polygon","coordinates":[[[-67.8734,-37.912],[-67.9586,-37.9128],[-67.9595,-37.8479],[-67.8744,-37.8471],[-67.8734,-37.912]]]}},{"type":"Feature","properties":{"nombre":"AGUADA DEL CHIVATO - AGUADA BOCAREY"},"geometry":{"type":"Polygon","coordinates":[[[-68.8664,-37.4334],[-68.8664,-37.4794],[-68.9233,-37.4794],[-68.9227,-37.5325],[-69.0288,-37.5326],[-69.0286,-37.4559],[-68.9455,-37.4561],[-68.9455,-37.4335],[-68.8664,-37.4334]]]}},{"type":"Feature","properties":{"nombre":"PUESTO CORTADERA"},"geometry":{"type":"Polygon","coordinates":[[[-69.3052,-39.0345],[-69.3053,-39.0547],[-69.3041,-39.0547],[-69.3045,-39.1498],[-69.4769,-39.1492],[-69.4769,-39.1415],[-69.4936,-39.1414],[-69.4934,-39.1087],[-69.4933,-39.1005],[-69.4766,-39.1005],[-69.4765,-39.0882],[-69.4764,-39.0676],[-69.455,-39.0677],[-69.455,-39.0593],[-69.4122,-39.0595],[-69.4122,-39.051],[-69.3694,-39.0511],[-69.3694,-39.0427],[-69.3266,-39.0428],[-69.3266,-39.0344],[-69.3052,-39.0345]]]}},{"type":"Feature","properties":{"nombre":"PORTEZUELO MINAS"},"geometry":{"type":"Polygon","coordinates":[[[-69.3048,-38.9367],[-69.3049,-38.9457],[-69.3052,-39.0345],[-69.3266,-39.0344],[-69.3266,-39.0428],[-69.3694,-39.0427],[-69.3694,-39.0511],[-69.4122,-39.051],[-69.4122,-39.0595],[-69.455,-39.0593],[-69.455,-39.0677],[-69.4764,-39.0676],[-69.4763,-39.0544],[-69.4762,-39.037],[-69.476,-39.0091],[-69.4495,-39.0092],[-69.449,-38.9362],[-69.4305,-38.9363],[-69.3048,-38.9367]]]}},{"type":"Feature","properties":{"nombre":"LOMA NEGRA NI"},"geometry":{"type":"Polygon","coordinates":[[[-69.2325,-38.8892],[-69.2368,-38.8975],[-69.2399,-38.9021],[-69.2421,-38.9015],[-69.2482,-38.8967],[-69.2529,-38.8976],[-69.2524,-38.8992],[-69.2811,-38.9047],[-69.2798,-38.9089],[-69.2932,-38.9114],[-69.2914,-38.9173],[-69.2806,-38.9153],[-69.277,-38.9266],[-69.2749,-38.9314],[-69.3354,-38.9312],[-69.3353,-38.9137],[-69.3123,-38.9137],[-69.3122,-38.9025],[-69.2871,-38.9025],[-69.2871,-38.8966],[-69.3306,-38.8964],[-69.3307,-38.9104],[-69.3792,-38.9102],[-69.3792,-38.919],[-69.3963,-38.919],[-69.3964,-38.9292],[-69.4217,-38.9291],[-69.4304,-38.9291],[-69.4305,-38.9363],[-69.449,-38.9362],[-69.4486,-38.8741],[-69.2032,-38.8748],[-69.2258,-38.8803],[-69.2297,-38.8876],[-69.2313,-38.8871],[-69.2325,-38.8892]]]}},{"type":"Feature","properties":{"nombre":"BAJO BAGUALES"},"geometry":{"type":"Polygon","coordinates":[[[-68.7687,-38.8682],[-68.7686,-38.9063],[-68.8147,-38.9063],[-68.8146,-38.9604],[-69.032,-38.9605],[-69.0321,-38.9695],[-69.1723,-38.9694],[-69.1722,-38.9684],[-69.1305,-38.9548],[-69.1162,-38.9278],[-69.1064,-38.9278],[-69.1064,-38.9302],[-69.1045,-38.9302],[-69.1045,-38.9284],[-69.0851,-38.9284],[-69.0851,-38.8948],[-69.1187,-38.8686],[-69.0011,-38.8684],[-68.7687,-38.8682]],[[-69.0054,-38.8906],[-69.0054,-38.8945],[-68.9705,-38.8945],[-68.9706,-38.9116],[-68.9459,-38.9116],[-68.9459,-38.8918],[-69.0007,-38.8918],[-69.0007,-38.8906],[-69.0054,-38.8906]],[[-69.0843,-38.9126],[-69.0656,-38.9126],[-69.0656,-38.9036],[-69.0769,-38.9036],[-69.0769,-38.8921],[-69.0597,-38.8921],[-69.0597,-38.8887],[-69.0496,-38.8887],[-69.015,-38.8944],[-69.0151,-38.892],[-69.0496,-38.8863],[-69.0842,-38.8862],[-69.0843,-38.9126]]]}},{"type":"Feature","properties":{"nombre":"NEUQUEN DEL MEDIO"},"geometry":{"type":"Polygon","coordinates":[[[-68.7225,-38.9062],[-68.7222,-38.9602],[-68.7454,-38.9603],[-68.8146,-38.9604],[-68.8147,-38.9063],[-68.7686,-38.9063],[-68.7225,-38.9062]]]}},{"type":"Feature","properties":{"nombre":"CUTRAL CO SUR"},"geometry":{"type":"Polygon","coordinates":[[[-69.1792,-38.946],[-69.1794,-38.9994],[-69.1724,-38.9994],[-69.1724,-39.0462],[-69.1725,-39.055],[-69.3041,-39.0547],[-69.3053,-39.0547],[-69.3052,-39.0345],[-69.3049,-38.9457],[-69.2705,-38.9458],[-69.2706,-38.963],[-69.2793,-38.963],[-69.2793,-38.9707],[-69.2879,-38.9707],[-69.2879,-38.9841],[-69.1865,-38.9843],[-69.1864,-38.946],[-69.1792,-38.946]]]}},{"type":"Feature","properties":{"nombre":"COLLON CURA"},"geometry":{"type":"Polygon","coordinates":[[[-69.3122,-38.9025],[-69.3123,-38.9137],[-69.3353,-38.9137],[-69.3678,-38.9136],[-69.3678,-38.9245],[-69.3793,-38.9245],[-69.3794,-38.9293],[-69.3964,-38.9292],[-69.3963,-38.919],[-69.3792,-38.919],[-69.3792,-38.9102],[-69.3307,-38.9104],[-69.3306,-38.8964],[-69.2871,-38.8966],[-69.2871,-38.9025],[-69.3122,-38.9025]]]}},{"type":"Feature","properties":{"nombre":"PUNTA SENILLOSA"},"geometry":{"type":"Polygon","coordinates":[[[-68.6097,-38.8479],[-68.6096,-38.8533],[-68.5694,-38.8532],[-68.5688,-38.8693],[-68.5464,-38.8815],[-68.5458,-38.8876],[-68.5544,-38.8876],[-68.5586,-38.8873],[-68.5608,-38.8886],[-68.5688,-38.8891],[-68.5799,-38.8877],[-68.5863,-38.8829],[-68.5994,-38.8737],[-68.614,-38.8732],[-68.6285,-38.8657],[-68.6629,-38.8657],[-68.663,-38.856],[-68.6742,-38.8561],[-68.6741,-38.8482],[-68.6097,-38.8479]]]}},{"type":"Feature","properties":{"nombre":"CUTRAL CO NORTE"},"geometry":{"type":"Polygon","coordinates":[[[-69.1864,-38.9536],[-69.1865,-38.9843],[-69.288,-38.9841],[-69.2879,-38.9706],[-69.2793,-38.9707],[-69.2792,-38.9629],[-69.2706,-38.9629],[-69.2705,-38.9509],[-69.2423,-38.951],[-69.2423,-38.9676],[-69.2378,-38.9677],[-69.2378,-38.9723],[-69.2273,-38.9723],[-69.2273,-38.967],[-69.2248,-38.967],[-69.2248,-38.9641],[-69.2218,-38.9641],[-69.2218,-38.9535],[-69.1864,-38.9536]]]}},{"type":"Feature","properties":{"nombre":"BANDURRIA SUR"},"geometry":{"type":"Polygon","coordinates":[[[-68.8109,-38.191],[-68.8108,-38.2185],[-68.7138,-38.2183],[-68.6851,-38.2484],[-68.6104,-38.3292],[-68.6911,-38.3295],[-68.7477,-38.2936],[-68.9094,-38.2938],[-68.9095,-38.1911],[-68.8109,-38.191]]]}},{"type":"Feature","properties":{"nombre":"AGUADA DE LA ARENA"},"geometry":{"type":"Polygon","coordinates":[[[-69.1133,-38.1154],[-69.0733,-38.1154],[-69.0734,-38.1624],[-69.0563,-38.1623],[-69.0564,-38.2578],[-69.1705,-38.2577],[-69.1704,-38.1857],[-69.1133,-38.1857],[-69.1133,-38.1154]]]}},{"type":"Feature","properties":{"nombre":"RIO NEUQUEN"},"geometry":{"type":"Polygon","coordinates":[[[-68.092,-38.6327],[-68.0893,-38.8408],[-68.0891,-38.8551],[-68.0928,-38.8567],[-68.1432,-38.8571],[-68.1436,-38.8258],[-68.3083,-38.8269],[-68.3086,-38.7922],[-68.2647,-38.8064],[-68.2332,-38.7512],[-68.3918,-38.6346],[-68.2561,-38.6338],[-68.092,-38.6327]]]}},{"type":"Feature","properties":{"nombre":"LA RIBERA BLOQUE I"},"geometry":{"type":"Polygon","coordinates":[[[-68.9649,-38.42],[-68.9649,-38.4447],[-69.0565,-38.4447],[-69.0564,-38.42],[-68.9649,-38.42]]]}},{"type":"Feature","properties":{"nombre":"LA RIBERA BLOQUE II"},"geometry":{"type":"Polygon","coordinates":[[[-69.2117,-38.6207],[-69.2095,-38.6201],[-69.207,-38.6189],[-69.2044,-38.6174],[-69.2009,-38.6147],[-69.1985,-38.6126],[-69.1924,-38.6089],[-69.1906,-38.6097],[-69.1891,-38.6093],[-69.1876,-38.6083],[-69.185,-38.6062],[-69.1827,-38.6059],[-69.1808,-38.6056],[-69.1791,-38.6047],[-69.1764,-38.6043],[-69.1734,-38.6045],[-69.1714,-38.6047],[-69.1691,-38.6051],[-69.1673,-38.6054],[-69.1653,-38.6058],[-69.1635,-38.6062],[-69.1605,-38.6073],[-69.1583,-38.6075],[-69.1567,-38.6065],[-69.1551,-38.6055],[-69.1521,-38.6049],[-69.1477,-38.6043],[-69.1446,-38.6031],[-69.1415,-38.6009],[-69.1388,-38.6008],[-69.1354,-38.5995],[-69.1313,-38.5964],[-69.1274,-38.5931],[-69.1222,-38.5892],[-69.117,-38.5861],[-69.1136,-38.5824],[-69.1118,-38.5808],[-69.1079,-38.5792],[-69.1058,-38.5788],[-69.1006,-38.5777],[-69.098,-38.5771],[-69.097,-38.5757],[-69.0942,-38.5741],[-69.0917,-38.5726],[-69.0892,-38.5712],[-69.0889,-38.5691],[-69.087,-38.5675],[-69.0846,-38.5666],[-69.0828,-38.5657],[-69.0798,-38.5632],[-69.077,-38.5613],[-69.0742,-38.5597],[-69.0723,-38.557],[-69.0701,-38.5538],[-69.0678,-38.5515],[-69.0643,-38.5481],[-69.062,-38.5454],[-69.0595,-38.5426],[-69.0567,-38.5407],[-69.0544,-38.5398],[-69.053,-38.5391],[-69.0507,-38.5375],[-69.0487,-38.5344],[-69.0491,-38.5305],[-69.0476,-38.5282],[-69.0475,-38.5257],[-69.0465,-38.5238],[-69.0454,-38.5213],[-69.044,-38.5192],[-69.041,-38.5156],[-69.0399,-38.5138],[-69.0304,-38.5138],[-69.0304,-38.5064],[-69.0094,-38.5064],[-69.0094,-38.4921],[-68.9813,-38.4921],[-68.9813,-38.4808],[-68.9649,-38.4808],[-68.9648,-38.4993],[-68.9878,-38.4993],[-68.9878,-38.5164],[-69.014,-38.5165],[-69.0141,-38.539],[-69.0329,-38.539],[-69.033,-38.5732],[-69.0678,-38.5731],[-69.0679,-38.6018],[-69.1048,-38.6018],[-69.1048,-38.6217],[-69.2133,-38.6217],[-69.2131,-38.6211],[-69.2117,-38.6207]]]}},{"type":"Feature","properties":{"nombre":"LOMA NEGRA"},"geometry":{"type":"Polygon","coordinates":[[[-67.5597,-38.6938],[-67.5599,-38.7027],[-67.5683,-38.7027],[-67.5688,-38.7249],[-67.4953,-38.7259],[-67.4958,-38.7555],[-67.4963,-38.7719],[-67.5471,-38.7713],[-67.5465,-38.7983],[-67.6064,-38.799],[-67.6053,-38.8549],[-67.7542,-38.8566],[-67.7567,-38.7388],[-67.7444,-38.7387],[-67.7109,-38.7384],[-67.7115,-38.7084],[-67.665,-38.7079],[-67.6651,-38.7009],[-67.615,-38.7003],[-67.6152,-38.6944],[-67.5597,-38.6938]]]}},{"type":"Feature","properties":{"nombre":"LA YESERA"},"geometry":{"type":"Polygon","coordinates":[[[-67.882,-38.8009],[-67.8818,-38.814],[-67.8354,-38.8135],[-67.8348,-38.8574],[-67.9396,-38.8581],[-67.9397,-38.8458],[-67.9604,-38.846],[-67.9605,-38.8411],[-67.995,-38.8413],[-67.9956,-38.802],[-67.882,-38.8009]]]}},{"type":"Feature","properties":{"nombre":"ESTACION FERNANDEZ ORO"},"geometry":{"type":"Polygon","coordinates":[[[-67.7415,-38.9673],[-67.7399,-39.055],[-67.9687,-39.0573],[-67.9699,-38.9695],[-67.7415,-38.9673]]]}},{"type":"Feature","properties":{"nombre":"DADIN"},"geometry":{"type":"MultiPolygon","coordinates":[[[[-69.1378,-38.8537],[-69.1188,-38.8686],[-69.0851,-38.8948],[-69.0851,-38.9285],[-69.1045,-38.9284],[-69.1045,-38.9302],[-69.1068,-38.9302],[-69.1068,-38.9278],[-69.1162,-38.9278],[-69.1127,-38.9212],[-69.1305,-38.8877],[-69.1735,-38.8738],[-69.2164,-38.8877],[-69.2342,-38.9213],[-69.2377,-38.924],[-69.2771,-38.9271],[-69.2806,-38.9153],[-69.2914,-38.9173],[-69.2933,-38.9114],[-69.2798,-38.9089],[-69.2811,-38.9047],[-69.2524,-38.8992],[-69.2529,-38.8976],[-69.2483,-38.8967],[-69.2421,-38.9015],[-69.2399,-38.9021],[-69.2368,-38.8975],[-69.2313,-38.8871],[-69.2297,-38.8877],[-69.2258,-38.8803],[-69.2043,-38.8748],[-69.2031,-38.8748],[-69.1813,-38.8677],[-69.1809,-38.868],[-69.1718,-38.8609],[-69.1594,-38.8706],[-69.1378,-38.8537]]],[[[-68.9459,-38.8918],[-68.9459,-38.9116],[-68.9706,-38.9116],[-68.9706,-38.8945],[-69.0054,-38.8945],[-69.0054,-38.8906],[-69.0007,-38.8906],[-69.0007,-38.8918],[-68.9459,-38.8918]]],[[[-69.0151,-38.892],[-69.0151,-38.8944],[-69.0496,-38.8887],[-69.0597,-38.8887],[-69.0597,-38.8921],[-69.0769,-38.8921],[-69.0769,-38.9036],[-69.0656,-38.9036],[-69.0656,-38.9126],[-69.0843,-38.9126],[-69.0842,-38.8862],[-69.0496,-38.8863],[-69.0151,-38.892]]]]}},{"type":"Feature","properties":{"nombre":"AL NORTE DE LA DORSAL"},"geometry":{"type":"Polygon","coordinates":[[[-69.0011,-38.8092],[-69.0011,-38.8684],[-69.1188,-38.8686],[-69.1378,-38.8537],[-69.1594,-38.8706],[-69.1718,-38.8609],[-69.1809,-38.868],[-69.1813,-38.8677],[-69.2031,-38.8748],[-69.3737,-38.8743],[-69.3733,-38.8086],[-69.0011,-38.8092]]]}},{"type":"Feature","properties":{"nombre":"CERRO MORADO ESTE"},"geometry":{"type":"Polygon","coordinates":[[[-68.5725,-37.4529],[-68.5734,-37.4529],[-68.5771,-37.4527],[-68.5813,-37.4512],[-68.5859,-37.4496],[-68.5895,-37.4482],[-68.5917,-37.4463],[-68.5958,-37.4441],[-68.6008,-37.4414],[-68.6055,-37.4388],[-68.6135,-37.437],[-68.6185,-37.4372],[-68.6225,-37.4379],[-68.6259,-37.4391],[-68.628,-37.4406],[-68.6298,-37.442],[-68.6326,-37.4435],[-68.6351,-37.4441],[-68.6398,-37.4443],[-68.6434,-37.4444],[-68.6457,-37.4445],[-68.651,-37.4448],[-68.6564,-37.4446],[-68.6604,-37.4445],[-68.6645,-37.4445],[-68.6663,-37.4442],[-68.6716,-37.443],[-68.6774,-37.4414],[-68.6833,-37.4404],[-68.6889,-37.4402],[-68.6918,-37.4403],[-68.6931,-37.4399],[-68.6954,-37.4383],[-68.6964,-37.4371],[-68.6966,-37.4355],[-68.6962,-37.4337],[-68.6961,-37.4324],[-68.6948,-37.4292],[-68.6948,-37.4279],[-68.6929,-37.4259],[-68.6915,-37.4237],[-68.6903,-37.4216],[-68.6912,-37.4201],[-68.6932,-37.4183],[-68.6967,-37.4165],[-68.6993,-37.4141],[-68.7009,-37.4129],[-68.7028,-37.4109],[-68.7032,-37.4095],[-68.7041,-37.4079],[-68.708,-37.404],[-68.7101,-37.4026],[-68.7118,-37.4012],[-68.7131,-37.3999],[-68.7135,-37.3979],[-68.7145,-37.3953],[-68.7152,-37.3942],[-68.7164,-37.3917],[-68.717,-37.39],[-68.7182,-37.3886],[-68.7201,-37.3877],[-68.7211,-37.3874],[-68.722,-37.3871],[-68.7222,-37.3477],[-68.6494,-37.3474],[-68.4914,-37.3468],[-68.4909,-37.4129],[-68.5727,-37.4133],[-68.5725,-37.4529]]]}},{"type":"Feature","properties":{"nombre":"PUESTO PRADO"},"geometry":{"type":"Polygon","coordinates":[[[-67.4923,-38.5529],[-67.4155,-38.5527],[-67.4148,-38.5842],[-67.4038,-38.584],[-67.4034,-38.6014],[-67.3847,-38.6012],[-67.3841,-38.6267],[-67.4075,-38.627],[-67.4072,-38.614],[-67.4227,-38.6138],[-67.4225,-38.6002],[-67.4557,-38.5998],[-67.4556,-38.5934],[-67.482,-38.593],[-67.4818,-38.5799],[-67.4929,-38.5798],[-67.4923,-38.5529]]]}},{"type":"Feature","properties":{"nombre":"LAS BASES"},"geometry":{"type":"Polygon","coordinates":[[[-67.4968,-38.4348],[-67.4039,-38.4336],[-67.4035,-38.4517],[-67.3639,-38.4512],[-67.3629,-38.495],[-67.4816,-38.4966],[-67.4824,-38.4615],[-67.4963,-38.4617],[-67.4963,-38.4617],[-67.4968,-38.4348],[-67.4963,-38.4617],[-67.4968,-38.4348]]]}},{"type":"Feature","properties":{"nombre":"EL MANGRULLO"},"geometry":{"type":"Polygon","coordinates":[[[-69.5453,-38.4679],[-69.5453,-38.4679],[-69.5453,-38.4679],[-69.5453,-38.4679],[-69.5453,-38.4679],[-69.5453,-38.4679],[-69.5453,-38.4679],[-69.5453,-38.4679],[-69.5453,-38.4679],[-69.5453,-38.4679],[-69.5452,-38.4679],[-69.5452,-38.4679],[-69.5452,-38.4679],[-69.5452,-38.4679],[-69.5452,-38.4679],[-69.5452,-38.4679],[-69.5452,-38.4679],[-69.5452,-38.4679],[-69.5452,-38.4679],[-69.5452,-38.4679],[-69.5452,-38.4679],[-69.5452,-38.4679],[-69.5451,-38.4679],[-69.5451,-38.4679],[-69.5451,-38.4679],[-69.5451,-38.4679],[-69.5451,-38.4679],[-69.5451,-38.4679],[-69.5451,-38.4679],[-69.5451,-38.4679],[-69.5451,-38.4679],[-69.5451,-38.4679],[-69.5451,-38.4678],[-69.545,-38.4678],[-69.545,-38.4678],[-69.545,-38.4678],[-69.545,-38.4678],[-69.545,-38.4678],[-69.545,-38.4678],[-69.545,-38.4678],[-69.545,-38.4678],[-69.545,-38.4678],[-69.545,-38.4678],[-69.545,-38.4678],[-69.5449,-38.4678],[-69.5449,-38.4678],[-69.5449,-38.4678],[-69.5449,-38.4678],[-69.5449,-38.4678],[-69.5449,-38.4678],[-69.5449,-38.4678],[-69.5449,-38.4678],[-69.5449,-38.4678],[-69.5449,-38.4678],[-69.5449,-38.4678],[-69.5449,-38.4678],[-69.5448,-38.4678],[-69.5448,-38.4678],[-69.5448,-38.4678],[-69.5448,-38.4678],[-69.5448,-38.4678],[-69.5448,-38.4678],[-69.5448,-38.4678],[-69.5448,-38.4678],[-69.5448,-38.4678],[-69.5448,-38.4678],[-69.5448,-38.4678],[-69.5447,-38.4678],[-69.5447,-38.4678],[-69.5447,-38.4678],[-69.5447,-38.4678],[-69.5447,-38.4678],[-69.5447,-38.4678],[-69.5447,-38.4678],[-69.5447,-38.4678],[-69.5447,-38.4678],[-69.5447,-38.4678],[-69.5447,-38.4679],[-69.5447,-38.4679],[-69.5447,-38.4679],[-69.5447,-38.4679],[-69.5447,-38.4679],[-69.5447,-38.4679],[-69.5447,-38.4679],[-69.5446,-38.4679],[-69.5446,-38.4679],[-69.5446,-38.4679],[-69.5446,-38.4679],[-69.5446,-38.4679],[-69.5446,-38.4679],[-69.5446,-38.4679],[-69.5446,-38.468],[-69.5446,-38.468],[-69.5446,-38.468],[-69.5446,-38.468],[-69.5446,-38.468],[-69.5446,-38.468],[-69.5446,-38.468],[-69.5446,-38.468],[-69.5446,-38.468],[-69.5446,-38.468],[-69.5446,-38.468],[-69.5446,-38.468],[-69.5446,-38.468],[-69.5445,-38.468],[-69.5445,-38.4681],[-69.5445,-38.4681],[-69.5445,-38.4681],[-69.5445,-38.4681],[-69.5445,-38.4681],[-69.5445,-38.4681],[-69.5445,-38.4681],[-69.5445,-38.4681],[-69.5445,-38.4681],[-69.5445,-38.4681],[-69.5445,-38.4681],[-69.5445,-38.4681],[-69.5445,-38.4681],[-69.5445,-38.4682],[-69.5445,-38.4682],[-69.5445,-38.4682],[-69.5445,-38.4682],[-69.5445,-38.4682],[-69.5444,-38.4682],[-69.5444,-38.4682],[-69.5444,-38.4682],[-69.5444,-38.4682],[-69.5444,-38.4682],[-69.5444,-38.4682],[-69.5444,-38.4682],[-69.5444,-38.4682],[-69.5444,-38.4682],[-69.5444,-38.4683],[-69.5444,-38.4683],[-69.5444,-38.4683],[-69.5444,-38.4683],[-69.5444,-38.4683],[-69.5444,-38.4683],[-69.5444,-38.4683],[-69.5444,-38.4683],[-69.5444,-38.4683],[-69.5444,-38.4683],[-69.5444,-38.4683],[-69.5443,-38.4683],[-69.5443,-38.4683],[-69.5443,-38.4683],[-69.5443,-38.4684],[-69.5443,-38.4684],[-69.5443,-38.4684],[-69.5443,-38.4684],[-69.5443,-38.4684],[-69.5443,-38.4684],[-69.5443,-38.4684],[-69.5443,-38.4684],[-69.5443,-38.4684],[-69.5443,-38.4684],[-69.5443,-38.4684],[-69.5443,-38.4684],[-69.5443,-38.4684],[-69.5443,-38.4685],[-69.5443,-38.4685],[-69.5443,-38.4685],[-69.5442,-38.4685],[-69.5442,-38.4685],[-69.5442,-38.4685],[-69.5442,-38.4685],[-69.5442,-38.4685],[-69.5442,-38.4685],[-69.5442,-38.4685],[-69.5442,-38.4685],[-69.5442,-38.4685],[-69.5442,-38.4685],[-69.5442,-38.4685],[-69.5442,-38.4686],[-69.5442,-38.4686],[-69.5442,-38.4686],[-69.5442,-38.4686],[-69.5442,-38.4686],[-69.5442,-38.4686],[-69.5442,-38.4686],[-69.5442,-38.4686],[-69.5442,-38.4686],[-69.5442,-38.4686],[-69.5442,-38.4686],[-69.5442,-38.4686],[-69.5442,-38.4687],[-69.5441,-38.4687],[-69.5441,-38.4687],[-69.5441,-38.4687],[-69.5441,-38.4687],[-69.5441,-38.4687],[-69.5441,-38.4687],[-69.5441,-38.4687],[-69.5441,-38.4687],[-69.5441,-38.4687],[-69.5441,-38.4687],[-69.5441,-38.4687],[-69.5441,-38.4688],[-69.5441,-38.4688],[-69.5441,-38.4688],[-69.5441,-38.4688],[-69.5441,-38.4688],[-69.5441,-38.4688],[-69.5441,-38.4688],[-69.5441,-38.4688],[-69.5441,-38.4688],[-69.5441,-38.4688],[-69.5441,-38.4688],[-69.5441,-38.4688],[-69.5441,-38.4689],[-69.5441,-38.4689],[-69.5441,-38.4689],[-69.5441,-38.4689],[-69.5441,-38.4689],[-69.5441,-38.4689],[-69.5441,-38.4689],[-69.5441,-38.4689],[-69.544,-38.4689],[-69.544,-38.4689],[-69.544,-38.4689],[-69.544,-38.4689],[-69.544,-38.469],[-69.544,-38.469],[-69.544,-38.469],[-69.544,-38.469],[-69.544,-38.469],[-69.544,-38.469],[-69.544,-38.469],[-69.544,-38.469],[-69.544,-38.469],[-69.544,-38.469],[-69.544,-38.469],[-69.544,-38.469],[-69.544,-38.4691],[-69.544,-38.4691],[-69.544,-38.4691],[-69.544,-38.4691],[-69.544,-38.4691],[-69.544,-38.4691],[-69.544,-38.4691],[-69.544,-38.4691],[-69.544,-38.4691],[-69.544,-38.4691],[-69.544,-38.4691],[-69.544,-38.4691],[-69.544,-38.4692],[-69.544,-38.4692],[-69.544,-38.4692],[-69.544,-38.4692],[-69.5439,-38.4692],[-69.5439,-38.4692],[-69.5439,-38.4692],[-69.5439,-38.4692],[-69.5439,-38.4692],[-69.5439,-38.4692],[-69.5439,-38.4692],[-69.5439,-38.4692],[-69.5439,-38.4693],[-69.5439,-38.4693],[-69.5439,-38.4693],[-69.5439,-38.4693],[-69.5439,-38.4693],[-69.5439,-38.4693],[-69.5439,-38.4693],[-69.5439,-38.4693],[-69.5439,-38.4693],[-69.5439,-38.4693],[-69.5439,-38.4693],[-69.5439,-38.4693],[-69.5439,-38.4694],[-69.5439,-38.4694],[-69.5439,-38.4694],[-69.5439,-38.4694],[-69.5439,-38.4694],[-69.5439,-38.4694],[-69.5439,-38.4694],[-69.5439,-38.4694],[-69.5439,-38.4694],[-69.5439,-38.4694],[-69.5439,-38.4694],[-69.5439,-38.4694],[-69.5438,-38.4695],[-69.5438,-38.4695],[-69.5438,-38.4695],[-69.5438,-38.4695],[-69.5438,-38.4695],[-69.5438,-38.4695],[-69.5438,-38.4695],[-69.5438,-38.4695],[-69.5438,-38.4695],[-69.5438,-38.4695],[-69.5438,-38.4695],[-69.5438,-38.4695],[-69.5438,-38.4696],[-69.5438,-38.4696],[-69.5438,-38.4696],[-69.5438,-38.4696],[-69.5438,-38.4696],[-69.5438,-38.4696],[-69.5438,-38.4696],[-69.5438,-38.4696],[-69.5438,-38.4696],[-69.5438,-38.4696],[-69.5438,-38.4696],[-69.5438,-38.4696],[-69.5438,-38.4697],[-69.5438,-38.4697],[-69.5438,-38.4697],[-69.5438,-38.4697],[-69.5438,-38.4697],[-69.5438,-38.4697],[-69.5438,-38.4697],[-69.5438,-38.4697],[-69.5437,-38.4697],[-69.5437,-38.4697],[-69.5437,-38.4697],[-69.5437,-38.4698],[-69.5437,-38.4698],[-69.5437,-38.4698],[-69.5437,-38.4698],[-69.5437,-38.4698],[-69.5437,-38.4698],[-69.5437,-38.4698],[-69.5437,-38.4698],[-69.5437,-38.4698],[-69.5437,-38.4698],[-69.5437,-38.4698],[-69.5437,-38.4698],[-69.5437,-38.4699],[-69.5437,-38.4699],[-69.5437,-38.4699],[-69.5437,-38.4699],[-69.5437,-38.4699],[-69.5437,-38.4699],[-69.5437,-38.4699],[-69.5437,-38.4699],[-69.5437,-38.4699],[-69.5437,-38.4699],[-69.5437,-38.4699],[-69.5437,-38.47],[-69.5437,-38.47],[-69.5437,-38.47],[-69.5437,-38.47],[-69.5437,-38.47],[-69.5437,-38.47],[-69.5437,-38.47],[-69.5437,-38.47],[-69.5437,-38.47],[-69.5437,-38.47],[-69.5437,-38.47],[-69.5437,-38.4701],[-69.5437,-38.4701],[-69.5437,-38.4701],[-69.5437,-38.4701],[-69.5437,-38.4701],[-69.5437,-38.4701],[-69.5437,-38.4701],[-69.5437,-38.4701],[-69.5437,-38.4701],[-69.5437,-38.4701],[-69.5437,-38.4701],[-69.5437,-38.4702],[-69.5437,-38.4702],[-69.5437,-38.4702],[-69.5437,-38.4702],[-69.5437,-38.4702],[-69.5437,-38.4702],[-69.5437,-38.4702],[-69.5437,-38.4702],[-69.5437,-38.4702],[-69.5437,-38.4702],[-69.5437,-38.4702],[-69.5437,-38.4703],[-69.5437,-38.4703],[-69.5437,-38.4703],[-69.5437,-38.4703],[-69.5437,-38.4703],[-69.5437,-38.4703],[-69.5437,-38.4703],[-69.5437,-38.4703],[-69.5437,-38.4703],[-69.5437,-38.4703],[-69.5437,-38.4703],[-69.5437,-38.4703],[-69.5437,-38.4704],[-69.5437,-38.4704],[-69.5437,-38.4704],[-69.5437,-38.4704],[-69.5437,-38.4704],[-69.5437,-38.4704],[-69.5437,-38.4704],[-69.5437,-38.4704],[-69.5437,-38.4704],[-69.5437,-38.4704],[-69.5437,-38.4704],[-69.5437,-38.4705],[-69.5437,-38.4705],[-69.5437,-38.4705],[-69.5437,-38.4705],[-69.5437,-38.4705],[-69.5437,-38.4705],[-69.5437,-38.4705],[-69.5437,-38.4705],[-69.5437,-38.4705],[-69.5437,-38.4705],[-69.5437,-38.4705],[-69.5437,-38.4706],[-69.5437,-38.4706],[-69.5437,-38.4706],[-69.5437,-38.4706],[-69.5437,-38.4706],[-69.5437,-38.4706],[-69.5437,-38.4706],[-69.5437,-38.4706],[-69.5437,-38.4706],[-69.5437,-38.4706],[-69.5437,-38.4706],[-69.5437,-38.4707],[-69.5437,-38.4707],[-69.5437,-38.4707],[-69.5437,-38.4707],[-69.5437,-38.4707],[-69.5437,-38.4707],[-69.5437,-38.4707],[-69.5437,-38.4707],[-69.5437,-38.4707],[-69.5437,-38.4707],[-69.5437,-38.4707],[-69.5437,-38.4708],[-69.5437,-38.4708],[-69.5437,-38.4708],[-69.5437,-38.4708],[-69.5437,-38.4708],[-69.5437,-38.4708],[-69.5436,-38.4708],[-69.5436,-38.4708],[-69.5436,-38.4708],[-69.5436,-38.4708],[-69.5436,-38.4708],[-69.5436,-38.4708],[-69.5436,-38.4709],[-69.5436,-38.4709],[-69.5436,-38.4709],[-69.5436,-38.4709],[-69.5436,-38.4709],[-69.5436,-38.4709],[-69.5436,-38.4709],[-69.5436,-38.4709],[-69.5436,-38.4709],[-69.5436,-38.4709],[-69.5436,-38.4709],[-69.5436,-38.471],[-69.5436,-38.471],[-69.5436,-38.471],[-69.5436,-38.471],[-69.5436,-38.471],[-69.5436,-38.471],[-69.5436,-38.471],[-69.5436,-38.471],[-69.5436,-38.471],[-69.5436,-38.471],[-69.5436,-38.471],[-69.5436,-38.4711],[-69.5436,-38.4711],[-69.5436,-38.4711],[-69.5436,-38.4711],[-69.5436,-38.4711],[-69.5436,-38.4711],[-69.5436,-38.4711],[-69.5436,-38.4711],[-69.5436,-38.4711],[-69.5436,-38.4711],[-69.5436,-38.4711],[-69.5436,-38.4712],[-69.5436,-38.4712],[-69.5436,-38.4712],[-69.5436,-38.4712],[-69.5436,-38.4712],[-69.5436,-38.4712],[-69.5436,-38.4712],[-69.5436,-38.4712],[-69.5436,-38.4712],[-69.5436,-38.4712],[-69.5436,-38.4712],[-69.5436,-38.4713],[-69.5436,-38.4713],[-69.5436,-38.4713],[-69.5436,-38.4713],[-69.5436,-38.4713],[-69.5436,-38.4713],[-69.5436,-38.4713],[-69.5436,-38.4713],[-69.5436,-38.4713],[-69.5436,-38.4713],[-69.5436,-38.4713],[-69.5436,-38.4714],[-69.5436,-38.4714],[-69.5436,-38.4714],[-69.5436,-38.4714],[-69.5436,-38.4714],[-69.5436,-38.4714],[-69.5436,-38.4714],[-69.5436,-38.4714],[-69.5436,-38.4714],[-69.5436,-38.4714],[-69.5436,-38.4714],[-69.5436,-38.4714],[-69.5436,-38.4715],[-69.5436,-38.4715],[-69.5436,-38.4715],[-69.5436,-38.4715],[-69.5436,-38.4715],[-69.5436,-38.4715],[-69.5436,-38.4715],[-69.5436,-38.4715],[-69.5436,-38.4715],[-69.5436,-38.4715],[-69.5436,-38.4715],[-69.5436,-38.4716],[-69.5436,-38.4716],[-69.5436,-38.4716],[-69.5436,-38.4716],[-69.5436,-38.4716],[-69.5436,-38.4716],[-69.5436,-38.4716],[-69.5436,-38.4716],[-69.5436,-38.4716],[-69.5436,-38.4716],[-69.5436,-38.4716],[-69.5436,-38.4717],[-69.5436,-38.4717],[-69.5436,-38.4717],[-69.5436,-38.4717],[-69.5436,-38.4717],[-69.5436,-38.4717],[-69.5436,-38.4717],[-69.5436,-38.4717],[-69.5436,-38.4717],[-69.5436,-38.4717],[-69.5436,-38.4717],[-69.5436,-38.4718],[-69.5436,-38.4718],[-69.5436,-38.4718],[-69.5436,-38.4718],[-69.5436,-38.4718],[-69.5436,-38.4718],[-69.5436,-38.4718],[-69.5436,-38.4718],[-69.5436,-38.4718],[-69.5436,-38.4718],[-69.5436,-38.4718],[-69.5436,-38.4719],[-69.5436,-38.4719],[-69.5436,-38.4719],[-69.5436,-38.4719],[-69.5436,-38.4719],[-69.5436,-38.4719],[-69.5436,-38.4719],[-69.5436,-38.4719],[-69.5436,-38.4719],[-69.5436,-38.4719],[-69.5436,-38.4719],[-69.5436,-38.4719],[-69.5436,-38.472],[-69.5436,-38.472],[-69.5436,-38.472],[-69.5436,-38.472],[-69.5436,-38.472],[-69.5436,-38.472],[-69.5436,-38.472],[-69.5436,-38.472],[-69.5436,-38.472],[-69.5436,-38.472],[-69.5436,-38.472],[-69.5436,-38.4721],[-69.5436,-38.4721],[-69.5436,-38.4721],[-69.5436,-38.4721],[-69.5436,-38.4721],[-69.5435,-38.4721],[-69.5435,-38.4721],[-69.5435,-38.4721],[-69.5435,-38.4721],[-69.5435,-38.4721],[-69.5435,-38.4721],[-69.5435,-38.4721],[-69.5435,-38.4722],[-69.5435,-38.4722],[-69.5435,-38.4722],[-69.5435,-38.4722],[-69.5435,-38.4722],[-69.5435,-38.4722],[-69.5435,-38.4722],[-69.5435,-38.4722],[-69.5435,-38.4722],[-69.5435,-38.4722],[-69.5435,-38.4722],[-69.5435,-38.4722],[-69.5435,-38.4722],[-69.5435,-38.4723],[-69.5435,-38.4723],[-69.5435,-38.4723],[-69.5435,-38.4723],[-69.5434,-38.4723],[-69.5434,-38.4723],[-69.5434,-38.4723],[-69.5434,-38.4723],[-69.5434,-38.4723],[-69.5434,-38.4723],[-69.5434,-38.4723],[-69.5434,-38.4723],[-69.5434,-38.4724],[-69.5434,-38.4724],[-69.5434,-38.4724],[-69.5434,-38.4724],[-69.5434,-38.4724],[-69.5434,-38.4724],[-69.5434,-38.4724],[-69.5434,-38.4724],[-69.5434,-38.4724],[-69.5434,-38.4724],[-69.5434,-38.4724],[-69.5434,-38.4724],[-69.5434,-38.4724],[-69.5434,-38.4725],[-69.5434,-38.4725],[-69.5434,-38.4725],[-69.5433,-38.4725],[-69.5433,-38.4725],[-69.5433,-38.4725],[-69.5433,-38.4725],[-69.5433,-38.4725],[-69.5433,-38.4725],[-69.5433,-38.4725],[-69.5433,-38.4725],[-69.5433,-38.4725],[-69.5433,-38.4725],[-69.5433,-38.4726],[-69.5433,-38.4726],[-69.5433,-38.4726],[-69.5433,-38.4726],[-69.5433,-38.4726],[-69.5433,-38.4726],[-69.5433,-38.4726],[-69.5433,-38.4726],[-69.5433,-38.4726],[-69.5433,-38.4726],[-69.5433,-38.4726],[-69.5433,-38.4726],[-69.5433,-38.4727],[-69.5433,-38.4727],[-69.5433,-38.4727],[-69.5433,-38.4727],[-69.5433,-38.4727],[-69.5433,-38.4727],[-69.5433,-38.4727],[-69.5432,-38.4727],[-69.5432,-38.4727],[-69.5432,-38.4727],[-69.5432,-38.4727],[-69.5432,-38.4728],[-69.5432,-38.4728],[-69.5432,-38.4728],[-69.5432,-38.4728],[-69.5432,-38.4728],[-69.5432,-38.4728],[-69.5432,-38.4728],[-69.5432,-38.4728],[-69.5432,-38.4728],[-69.5432,-38.4728],[-69.5432,-38.4728],[-69.5432,-38.4728],[-69.5432,-38.4729],[-69.5432,-38.4729],[-69.5432,-38.4729],[-69.5432,-38.4729],[-69.5432,-38.4729],[-69.5432,-38.4729],[-69.5432,-38.4729],[-69.5432,-38.4729],[-69.5432,-38.4729],[-69.5432,-38.4729],[-69.5432,-38.4729],[-69.5432,-38.4729],[-69.5432,-38.473],[-69.5432,-38.473],[-69.5432,-38.473],[-69.5432,-38.473],[-69.5432,-38.473],[-69.5432,-38.473],[-69.5432,-38.473],[-69.5432,-38.473],[-69.5432,-38.473],[-69.5432,-38.473],[-69.5432,-38.473],[-69.5432,-38.4731],[-69.5432,-38.4731],[-69.5432,-38.4731],[-69.5432,-38.4731],[-69.5432,-38.4731],[-69.5432,-38.4731],[-69.5432,-38.4731],[-69.5432,-38.4731],[-69.5431,-38.4731],[-69.5431,-38.4731],[-69.5431,-38.4731],[-69.5431,-38.4731],[-69.5431,-38.4732],[-69.5431,-38.4732],[-69.5431,-38.4732],[-69.5431,-38.4732],[-69.5431,-38.4732],[-69.5431,-38.4732],[-69.5431,-38.4732],[-69.5431,-38.4732],[-69.5431,-38.4732],[-69.5431,-38.4732],[-69.5431,-38.4732],[-69.5431,-38.4733],[-69.5431,-38.4733],[-69.5431,-38.4733],[-69.5431,-38.4733],[-69.5431,-38.4733],[-69.5431,-38.4733],[-69.5431,-38.4733],[-69.5431,-38.4733],[-69.5431,-38.4733],[-69.5431,-38.4733],[-69.5431,-38.4733],[-69.5431,-38.4733],[-69.5431,-38.4734],[-69.5431,-38.4734],[-69.5431,-38.4734],[-69.5431,-38.4734],[-69.5431,-38.4734],[-69.5431,-38.4734],[-69.5431,-38.4734],[-69.5431,-38.4734],[-69.5431,-38.4734],[-69.5431,-38.4734],[-69.5431,-38.4734],[-69.5431,-38.4735],[-69.5431,-38.4735],[-69.5431,-38.4735],[-69.5431,-38.4735],[-69.5431,-38.4735],[-69.5431,-38.4735],[-69.5431,-38.4735],[-69.5431,-38.4735],[-69.5431,-38.4735],[-69.5431,-38.4735],[-69.5431,-38.4735],[-69.5431,-38.4736],[-69.5431,-38.4736],[-69.5431,-38.4736],[-69.5431,-38.4736],[-69.5431,-38.4736],[-69.5431,-38.4736],[-69.5431,-38.4736],[-69.5431,-38.4736],[-69.5431,-38.4736],[-69.5431,-38.4736],[-69.5431,-38.4736],[-69.5431,-38.4736],[-69.5431,-38.4737],[-69.5431,-38.4737],[-69.5431,-38.4737],[-69.5431,-38.4737],[-69.5431,-38.4737],[-69.5431,-38.4737],[-69.5431,-38.4737],[-69.5431,-38.4737],[-69.5431,-38.4737],[-69.5431,-38.4737],[-69.5431,-38.4737],[-69.5431,-38.4738],[-69.5431,-38.4738],[-69.5431,-38.4738],[-69.5431,-38.4738],[-69.5431,-38.4738],[-69.5431,-38.4738],[-69.5431,-38.4738],[-69.5431,-38.4738],[-69.5431,-38.4738],[-69.5431,-38.4738],[-69.5431,-38.4738],[-69.5431,-38.4739],[-69.5431,-38.4739],[-69.5431,-38.4739],[-69.5431,-38.4739],[-69.5431,-38.4739],[-69.5431,-38.4739],[-69.5431,-38.4739],[-69.5431,-38.4739],[-69.5431,-38.4739],[-69.5431,-38.4739],[-69.5431,-38.4739],[-69.5431,-38.474],[-69.5431,-38.474],[-69.5431,-38.474],[-69.5431,-38.474],[-69.5431,-38.474],[-69.5431,-38.474],[-69.5431,-38.474],[-69.5431,-38.474],[-69.5431,-38.474],[-69.5431,-38.474],[-69.5431,-38.474],[-69.5431,-38.4741],[-69.5431,-38.4741],[-69.5431,-38.4741],[-69.5431,-38.4741],[-69.5431,-38.4741],[-69.5431,-38.4741],[-69.5431,-38.4741],[-69.5431,-38.4741],[-69.5431,-38.4741],[-69.5431,-38.4741],[-69.5431,-38.4741],[-69.5431,-38.4741],[-69.5431,-38.4742],[-69.5431,-38.4742],[-69.5431,-38.4742],[-69.5431,-38.4742],[-69.5431,-38.4742],[-69.5431,-38.4742],[-69.5431,-38.4742],[-69.5431,-38.4742],[-69.5431,-38.4742],[-69.5432,-38.4742],[-69.5432,-38.4742],[-69.5432,-38.4742],[-69.5432,-38.4742],[-69.5432,-38.4742],[-69.5432,-38.4743],[-69.5432,-38.4743],[-69.5432,-38.4743],[-69.5432,-38.4743],[-69.5432,-38.4743],[-69.5432,-38.4743],[-69.5432,-38.4743],[-69.5432,-38.4743],[-69.5432,-38.4743],[-69.5432,-38.4743],[-69.5432,-38.4743],[-69.5432,-38.4743],[-69.5432,-38.4743],[-69.5433,-38.4743],[-69.5433,-38.4744],[-69.5433,-38.4744],[-69.5433,-38.4744],[-69.5433,-38.4744],[-69.5433,-38.4744],[-69.5433,-38.4744],[-69.5433,-38.4744],[-69.5433,-38.4744],[-69.5433,-38.4744],[-69.5433,-38.4744],[-69.5433,-38.4744],[-69.5433,-38.4744],[-69.5433,-38.4744],[-69.5433,-38.4744],[-69.5433,-38.4745],[-69.5433,-38.4745],[-69.5433,-38.4745],[-69.5433,-38.4745],[-69.5434,-38.4745],[-69.5434,-38.4745],[-69.5434,-38.4745],[-69.5434,-38.4745],[-69.5434,-38.4745],[-69.5434,-38.4745],[-69.5434,-38.4745],[-69.5434,-38.4745],[-69.5434,-38.4745],[-69.5434,-38.4745],[-69.5434,-38.4746],[-69.5434,-38.4746],[-69.5434,-38.4746],[-69.5434,-38.4746],[-69.5434,-38.4746],[-69.5434,-38.4746],[-69.5434,-38.4746],[-69.5434,-38.4746],[-69.5435,-38.4746],[-69.5435,-38.4746],[-69.5435,-38.4746],[-69.5435,-38.4746],[-69.5435,-38.4746],[-69.5435,-38.4746],[-69.5435,-38.4747],[-69.5435,-38.4747],[-69.5435,-38.4747],[-69.5435,-38.4747],[-69.5435,-38.4747],[-69.5435,-38.4747],[-69.5435,-38.4747],[-69.5435,-38.4747],[-69.5435,-38.4747],[-69.5435,-38.4747],[-69.5435,-38.4747],[-69.5435,-38.4747],[-69.5436,-38.4747],[-69.5436,-38.4747],[-69.5436,-38.4747],[-69.5436,-38.4747],[-69.5436,-38.4748],[-69.5436,-38.4748],[-69.5436,-38.4748],[-69.5436,-38.4748],[-69.5436,-38.4748],[-69.5436,-38.4748],[-69.5436,-38.4748],[-69.5436,-38.4748],[-69.5436,-38.4748],[-69.5436,-38.4748],[-69.5437,-38.4748],[-69.5437,-38.4748],[-69.5437,-38.4748],[-69.5437,-38.4748],[-69.5437,-38.4748],[-69.5437,-38.4748],[-69.5437,-38.4748],[-69.5437,-38.4748],[-69.5437,-38.4748],[-69.5437,-38.4749],[-69.5437,-38.4749],[-69.5437,-38.4749],[-69.5437,-38.4749],[-69.5437,-38.4749],[-69.5438,-38.4749],[-69.5438,-38.4749],[-69.5438,-38.4749],[-69.5438,-38.4749],[-69.5438,-38.4749],[-69.5438,-38.4749],[-69.5438,-38.4749],[-69.5438,-38.4749],[-69.5438,-38.4749],[-69.5438,-38.4749],[-69.5438,-38.4749],[-69.5438,-38.4749],[-69.5438,-38.4749],[-69.5439,-38.4749],[-69.5439,-38.475],[-69.5439,-38.475],[-69.5439,-38.475],[-69.5439,-38.475],[-69.5439,-38.475],[-69.5439,-38.475],[-69.5439,-38.475],[-69.5439,-38.475],[-69.5439,-38.475],[-69.5439,-38.475],[-69.5439,-38.475],[-69.5439,-38.475],[-69.5439,-38.475],[-69.544,-38.475],[-69.544,-38.475],[-69.544,-38.475],[-69.544,-38.475],[-69.544,-38.475],[-69.544,-38.475],[-69.544,-38.475],[-69.544,-38.4751],[-69.544,-38.4751],[-69.544,-38.4751],[-69.544,-38.4751],[-69.544,-38.4751],[-69.544,-38.4751],[-69.544,-38.4751],[-69.5441,-38.4751],[-69.5441,-38.4751],[-69.5441,-38.4751],[-69.5441,-38.4751],[-69.5441,-38.4751],[-69.5441,-38.4751],[-69.5441,-38.4751],[-69.5441,-38.4751],[-69.5441,-38.4751],[-69.5441,-38.4751],[-69.5441,-38.4751],[-69.5441,-38.4751],[-69.5441,-38.4752],[-69.5441,-38.4752],[-69.5442,-38.4752],[-69.5442,-38.4752],[-69.5442,-38.4752],[-69.5442,-38.4752],[-69.5442,-38.4752],[-69.5442,-38.4752],[-69.5442,-38.4752],[-69.5442,-38.4752],[-69.5442,-38.4752],[-69.5442,-38.4752],[-69.5442,-38.4752],[-69.5442,-38.4752],[-69.5442,-38.4752],[-69.5442,-38.4752],[-69.5442,-38.4752],[-69.5443,-38.4753],[-69.5443,-38.4753],[-69.5443,-38.4753],[-69.5443,-38.4753],[-69.5443,-38.4753],[-69.5443,-38.4753],[-69.5443,-38.4753],[-69.5443,-38.4753],[-69.5443,-38.4753],[-69.5443,-38.4753],[-69.5443,-38.4753],[-69.5443,-38.4753],[-69.5443,-38.4753],[-69.5443,-38.4753],[-69.5443,-38.4753],[-69.5443,-38.4753],[-69.5444,-38.4754],[-69.5444,-38.4754],[-69.5444,-38.4754],[-69.5444,-38.4754],[-69.5444,-38.4754],[-69.5444,-38.4754],[-69.5444,-38.4754],[-69.5444,-38.4754],[-69.5444,-38.4754],[-69.5444,-38.4754],[-69.5444,-38.4754],[-69.5444,-38.4754],[-69.5444,-38.4754],[-69.5444,-38.4754],[-69.5444,-38.4754],[-69.5444,-38.4754],[-69.5445,-38.4755],[-69.5445,-38.4755],[-69.5445,-38.4755],[-69.5445,-38.4755],[-69.5445,-38.4755],[-69.5445,-38.4755],[-69.5445,-38.4755],[-69.5445,-38.4755],[-69.5445,-38.4755],[-69.5445,-38.4755],[-69.5445,-38.4755],[-69.5445,-38.4755],[-69.5445,-38.4755],[-69.5445,-38.4755],[-69.5445,-38.4755],[-69.5445,-38.4756],[-69.5446,-38.4756],[-69.5446,-38.4756],[-69.5446,-38.4756],[-69.5446,-38.4756],[-69.5446,-38.4756],[-69.5446,-38.4756],[-69.5445,-38.4756],[-69.5445,-38.4756],[-69.5445,-38.4756],[-69.5445,-38.4756],[-69.5445,-38.4756],[-69.5445,-38.4756],[-69.5445,-38.4756],[-69.5445,-38.4757],[-69.5445,-38.4757],[-69.5445,-38.4757],[-69.5445,-38.4757],[-69.5445,-38.4757],[-69.5445,-38.4757],[-69.5445,-38.4757],[-69.5445,-38.4757],[-69.5445,-38.4757],[-69.5445,-38.4757],[-69.5445,-38.4757],[-69.5445,-38.4757],[-69.5445,-38.4757],[-69.5444,-38.4757],[-69.5444,-38.4758],[-69.5444,-38.4758],[-69.5444,-38.4758],[-69.5444,-38.4758],[-69.5444,-38.4758],[-69.5444,-38.4758],[-69.5444,-38.4758],[-69.5444,-38.4758],[-69.5444,-38.4758],[-69.5444,-38.4758],[-69.5444,-38.4758],[-69.5444,-38.4758],[-69.5444,-38.4758],[-69.5444,-38.4759],[-69.5444,-38.4759],[-69.5444,-38.4759],[-69.5444,-38.4759],[-69.5444,-38.4759],[-69.5444,-38.4759],[-69.5443,-38.4759],[-69.5443,-38.4759],[-69.5443,-38.4759],[-69.5443,-38.4759],[-69.5443,-38.4759],[-69.5443,-38.4759],[-69.5443,-38.4759],[-69.5443,-38.476],[-69.5443,-38.476],[-69.5443,-38.476],[-69.5443,-38.476],[-69.5443,-38.476],[-69.5443,-38.476],[-69.5443,-38.476],[-69.5443,-38.476],[-69.5443,-38.476],[-69.5443,-38.476],[-69.5443,-38.476],[-69.5443,-38.476],[-69.5443,-38.476],[-69.5443,-38.476],[-69.5442,-38.4761],[-69.5442,-38.4761],[-69.5442,-38.4761],[-69.5442,-38.4761],[-69.5442,-38.4761],[-69.5442,-38.4761],[-69.5442,-38.4761],[-69.5442,-38.4761],[-69.5442,-38.4761],[-69.5442,-38.4761],[-69.5442,-38.4761],[-69.5442,-38.4761],[-69.5442,-38.4761],[-69.5442,-38.4762],[-69.5442,-38.4762],[-69.5442,-38.4762],[-69.5442,-38.4762],[-69.5442,-38.4762],[-69.5442,-38.4762],[-69.5442,-38.4762],[-69.5441,-38.4762],[-69.5441,-38.4762],[-69.5441,-38.4762],[-69.5441,-38.4762],[-69.5441,-38.4762],[-69.5441,-38.4762],[-69.5441,-38.4762],[-69.5441,-38.4763],[-69.5441,-38.4763],[-69.5441,-38.4763],[-69.5441,-38.4763],[-69.5441,-38.4763],[-69.5441,-38.4763],[-69.5441,-38.4763],[-69.5441,-38.4763],[-69.5441,-38.4763],[-69.5441,-38.4763],[-69.5441,-38.4763],[-69.5441,-38.4763],[-69.5441,-38.4763],[-69.544,-38.4764],[-69.544,-38.4764],[-69.544,-38.4764],[-69.544,-38.4764],[-69.544,-38.4764],[-69.544,-38.4764],[-69.544,-38.4764],[-69.544,-38.4764],[-69.544,-38.4764],[-69.544,-38.4764],[-69.544,-38.4764],[-69.544,-38.4764],[-69.544,-38.4764],[-69.544,-38.4765],[-69.544,-38.4765],[-69.544,-38.4765],[-69.544,-38.4765],[-69.544,-38.4765],[-69.544,-38.4765],[-69.544,-38.4765],[-69.544,-38.4765],[-69.544,-38.4765],[-69.5439,-38.4765],[-69.5439,-38.4765],[-69.5439,-38.4765],[-69.5439,-38.4765],[-69.5439,-38.4766],[-69.5439,-38.4766],[-69.5439,-38.4766],[-69.5439,-38.4766],[-69.5439,-38.4766],[-69.5439,-38.4766],[-69.5439,-38.4766],[-69.5439,-38.4766],[-69.5439,-38.4766],[-69.5439,-38.4766],[-69.5439,-38.4766],[-69.5439,-38.4766],[-69.5439,-38.4766],[-69.5439,-38.4767],[-69.5439,-38.4767],[-69.5439,-38.4767],[-69.5439,-38.4767],[-69.5439,-38.4767],[-69.5438,-38.4767],[-69.5438,-38.4767],[-69.5438,-38.4767],[-69.5438,-38.4767],[-69.5438,-38.4767],[-69.5438,-38.4767],[-69.5438,-38.4767],[-69.5438,-38.4767],[-69.5438,-38.4768],[-69.5438,-38.4768],[-69.5438,-38.4768],[-69.5438,-38.4768],[-69.5438,-38.4768],[-69.5438,-38.4768],[-69.5438,-38.4768],[-69.5438,-38.4768],[-69.5438,-38.4768],[-69.5438,-38.4768],[-69.5438,-38.4768],[-69.5438,-38.4768],[-69.5438,-38.4768],[-69.5438,-38.4769],[-69.5437,-38.4769],[-69.5437,-38.4769],[-69.5437,-38.4769],[-69.5437,-38.4769],[-69.5437,-38.4769],[-69.5437,-38.4769],[-69.5437,-38.4769],[-69.5437,-38.4769],[-69.5437,-38.4769],[-69.5437,-38.4769],[-69.5437,-38.4769],[-69.5437,-38.4769],[-69.5437,-38.477],[-69.5437,-38.477],[-69.5437,-38.477],[-69.5437,-38.477],[-69.5437,-38.477],[-69.5437,-38.477],[-69.5437,-38.477],[-69.5437,-38.477],[-69.5437,-38.477],[-69.5437,-38.477],[-69.5437,-38.477],[-69.5436,-38.477],[-69.5436,-38.477],[-69.5436,-38.4771],[-69.5436,-38.4771],[-69.5436,-38.4771],[-69.5436,-38.4771],[-69.5436,-38.4771],[-69.5436,-38.4771],[-69.5436,-38.4771],[-69.5436,-38.4771],[-69.5436,-38.4771],[-69.5436,-38.4771],[-69.5436,-38.4771],[-69.5436,-38.4771],[-69.5436,-38.4772],[-69.5436,-38.4772],[-69.5436,-38.4772],[-69.5436,-38.4772],[-69.5436,-38.4772],[-69.5436,-38.4772],[-69.5436,-38.4772],[-69.5436,-38.4772],[-69.5435,-38.4772],[-69.5435,-38.4772],[-69.5435,-38.4772],[-69.5435,-38.4772],[-69.5435,-38.4772],[-69.5435,-38.4773],[-69.5435,-38.4773],[-69.5435,-38.4773],[-69.5435,-38.4773],[-69.5435,-38.4773],[-69.5435,-38.4773],[-69.5435,-38.4773],[-69.5435,-38.4773],[-69.5435,-38.4773],[-69.5435,-38.4773],[-69.5435,-38.4773],[-69.5435,-38.4773],[-69.5435,-38.4773],[-69.5435,-38.4774],[-69.5435,-38.4774],[-69.5435,-38.4774],[-69.5435,-38.4774],[-69.5434,-38.4774],[-69.5434,-38.4774],[-69.5434,-38.4774],[-69.5434,-38.4774],[-69.5434,-38.4774],[-69.5434,-38.4774],[-69.5434,-38.4774],[-69.5434,-38.4774],[-69.5434,-38.4774],[-69.5434,-38.4775],[-69.5434,-38.4775],[-69.5434,-38.4775],[-69.5434,-38.4775],[-69.5434,-38.4775],[-69.5434,-38.4775],[-69.5434,-38.4775],[-69.5434,-38.4775],[-69.5434,-38.4775],[-69.5434,-38.4775],[-69.5434,-38.4775],[-69.5434,-38.4775],[-69.5434,-38.4775],[-69.5433,-38.4776],[-69.5433,-38.4776],[-69.5433,-38.4776],[-69.5433,-38.4776],[-69.5433,-38.4776],[-69.5433,-38.4776],[-69.5433,-38.4776],[-69.5433,-38.4776],[-69.5433,-38.4776],[-69.5433,-38.4776],[-69.5433,-38.4776],[-69.5433,-38.4776],[-69.5433,-38.4776],[-69.5433,-38.4777],[-69.5433,-38.4777],[-69.5433,-38.4777],[-69.5433,-38.4777],[-69.5433,-38.4777],[-69.5433,-38.4777],[-69.5433,-38.4777],[-69.5433,-38.4777],[-69.5433,-38.4777],[-69.5433,-38.4777],[-69.5432,-38.4777],[-69.5432,-38.4777],[-69.5432,-38.4777],[-69.5432,-38.4778],[-69.5432,-38.4778],[-69.5432,-38.4778],[-69.5432,-38.4778],[-69.5432,-38.4778],[-69.5432,-38.4778],[-69.5432,-38.4778],[-69.5432,-38.4778],[-69.5432,-38.4778],[-69.5432,-38.4778],[-69.5432,-38.4778],[-69.5432,-38.4778],[-69.5432,-38.4778],[-69.5432,-38.4779],[-69.5432,-38.4779],[-69.5432,-38.4779],[-69.5432,-38.4779],[-69.5432,-38.4779],[-69.5431,-38.4779],[-69.5431,-38.4779],[-69.5431,-38.4779],[-69.5431,-38.4779],[-69.5431,-38.4779],[-69.5431,-38.4779],[-69.5431,-38.4779],[-69.5431,-38.4779],[-69.5431,-38.478],[-69.5431,-38.478],[-69.5431,-38.478],[-69.5431,-38.478],[-69.5431,-38.478],[-69.5431,-38.478],[-69.5431,-38.478],[-69.5431,-38.478],[-69.5431,-38.478],[-69.5431,-38.478],[-69.5431,-38.478],[-69.5431,-38.478],[-69.5431,-38.478],[-69.5431,-38.4781],[-69.543,-38.4781],[-69.543,-38.4781],[-69.543,-38.4781],[-69.543,-38.4781],[-69.543,-38.4781],[-69.543,-38.4781],[-69.543,-38.4781],[-69.543,-38.4781],[-69.543,-38.4781],[-69.543,-38.4781],[-69.543,-38.4781],[-69.543,-38.4781],[-69.543,-38.4782],[-69.543,-38.4782],[-69.543,-38.4782],[-69.543,-38.4782],[-69.543,-38.4782],[-69.543,-38.4782],[-69.543,-38.4782],[-69.543,-38.4782],[-69.543,-38.4782],[-69.543,-38.4782],[-69.5429,-38.4782],[-69.5429,-38.4782],[-69.5429,-38.4782],[-69.5429,-38.4783],[-69.5429,-38.4783],[-69.5429,-38.4783],[-69.5429,-38.4783],[-69.5429,-38.4783],[-69.5429,-38.4783],[-69.5429,-38.4783],[-69.5429,-38.4783],[-69.5429,-38.4783],[-69.5429,-38.4783],[-69.5429,-38.4783],[-69.5429,-38.4783],[-69.5429,-38.4783],[-69.5429,-38.4784],[-69.5429,-38.4784],[-69.5429,-38.4784],[-69.5429,-38.4784],[-69.5429,-38.4784],[-69.5429,-38.4784],[-69.5428,-38.4784],[-69.5428,-38.4784],[-69.5428,-38.4784],[-69.5428,-38.4784],[-69.5428,-38.4784],[-69.5428,-38.4784],[-69.5428,-38.4784],[-69.5428,-38.4785],[-69.5428,-38.4785],[-69.5428,-38.4785],[-69.5428,-38.4785],[-69.5428,-38.4785],[-69.5428,-38.4785],[-69.5428,-38.4785],[-69.5428,-38.4785],[-69.5428,-38.4785],[-69.5428,-38.4785],[-69.5428,-38.4785],[-69.5428,-38.4785],[-69.5428,-38.4785],[-69.5428,-38.4786],[-69.5428,-38.4786],[-69.5427,-38.4786],[-69.5427,-38.4786],[-69.5427,-38.4786],[-69.5427,-38.4786],[-69.5427,-38.4786],[-69.5427,-38.4786],[-69.5427,-38.4786],[-69.5427,-38.4786],[-69.5427,-38.4786],[-69.5427,-38.4786],[-69.5427,-38.4786],[-69.5427,-38.4787],[-69.5427,-38.4787],[-69.5427,-38.4787],[-69.5427,-38.4787],[-69.5427,-38.4787],[-69.5427,-38.4787],[-69.5427,-38.4787],[-69.5427,-38.4787],[-69.5427,-38.4787],[-69.5427,-38.4787],[-69.5427,-38.4787],[-69.5427,-38.4788],[-69.5427,-38.4788],[-69.5427,-38.4788],[-69.5427,-38.4788],[-69.5427,-38.4788],[-69.5427,-38.4788],[-69.5427,-38.4788],[-69.5427,-38.4788],[-69.5426,-38.4788],[-69.5426,-38.4788],[-69.5426,-38.4788],[-69.5426,-38.4788],[-69.5426,-38.4789],[-69.5426,-38.4789],[-69.5426,-38.4789],[-69.5426,-38.4789],[-69.5426,-38.4789],[-69.5426,-38.4789],[-69.5426,-38.4789],[-69.5426,-38.4789],[-69.5426,-38.4789],[-69.5426,-38.4789],[-69.5426,-38.4789],[-69.5426,-38.4789],[-69.5426,-38.479],[-69.5426,-38.479],[-69.5426,-38.479],[-69.5426,-38.479],[-69.5426,-38.479],[-69.5426,-38.479],[-69.5426,-38.479],[-69.5426,-38.479],[-69.5426,-38.479],[-69.5426,-38.479],[-69.5426,-38.479],[-69.5426,-38.479],[-69.5426,-38.4791],[-69.5426,-38.4791],[-69.5426,-38.4791],[-69.5426,-38.4791],[-69.5426,-38.4791],[-69.5426,-38.4791],[-69.5426,-38.4791],[-69.5426,-38.4791],[-69.5425,-38.4791],[-69.5425,-38.4791],[-69.5425,-38.4791],[-69.5425,-38.4791],[-69.5425,-38.4792],[-69.5425,-38.4792],[-69.5425,-38.4792],[-69.5425,-38.4792],[-69.5425,-38.4792],[-69.5425,-38.4792],[-69.5425,-38.4792],[-69.5425,-38.4792],[-69.5425,-38.4792],[-69.5425,-38.4792],[-69.5425,-38.4792],[-69.5425,-38.4793],[-69.5425,-38.4793],[-69.5425,-38.4793],[-69.5425,-38.4793],[-69.5425,-38.4793],[-69.5425,-38.4793],[-69.5425,-38.4793],[-69.5425,-38.4793],[-69.5425,-38.4793],[-69.5425,-38.4793],[-69.5425,-38.4793],[-69.5425,-38.4793],[-69.5425,-38.4794],[-69.5425,-38.4794],[-69.5425,-38.4794],[-69.5425,-38.4794],[-69.5425,-38.4794],[-69.5424,-38.4794],[-69.5424,-38.4794],[-69.5424,-38.4794],[-69.5424,-38.4794],[-69.5424,-38.4794],[-69.5424,-38.4794],[-69.5424,-38.4794],[-69.5424,-38.4794],[-69.5424,-38.4795],[-69.5424,-38.4795],[-69.5424,-38.4795],[-69.5424,-38.4795],[-69.5424,-38.4795],[-69.5424,-38.4795],[-69.5424,-38.4795],[-69.5424,-38.4795],[-69.5424,-38.4795],[-69.5424,-38.4795],[-69.5424,-38.4795],[-69.5424,-38.4795],[-69.5424,-38.4795],[-69.5424,-38.4796],[-69.5424,-38.4796],[-69.5424,-38.4796],[-69.5423,-38.4796],[-69.5423,-38.4796],[-69.5423,-38.4796],[-69.5423,-38.4796],[-69.5423,-38.4796],[-69.5423,-38.4796],[-69.5423,-38.4796],[-69.5423,-38.4796],[-69.5423,-38.4796],[-69.5423,-38.4797],[-69.5423,-38.4797],[-69.5423,-38.4797],[-69.5423,-38.4797],[-69.5423,-38.4797],[-69.5423,-38.4797],[-69.5423,-38.4797],[-69.5423,-38.4797],[-69.5423,-38.4797],[-69.5423,-38.4797],[-69.5423,-38.4797],[-69.5423,-38.4797],[-69.5423,-38.4797],[-69.5423,-38.4798],[-69.5422,-38.4798],[-69.5422,-38.4798],[-69.5422,-38.4798],[-69.5422,-38.4798],[-69.5422,-38.4798],[-69.5422,-38.4798],[-69.5422,-38.4798],[-69.5422,-38.4798],[-69.5422,-38.4798],[-69.5422,-38.4798],[-69.5422,-38.4798],[-69.5422,-38.4798],[-69.5422,-38.4799],[-69.5422,-38.4799],[-69.5422,-38.4799],[-69.5422,-38.4799],[-69.5422,-38.4799],[-69.5422,-38.4799],[-69.5422,-38.4799],[-69.5422,-38.4799],[-69.5422,-38.4799],[-69.5422,-38.4799],[-69.5422,-38.4799],[-69.5421,-38.4799],[-69.5421,-38.4799],[-69.5421,-38.48],[-69.5421,-38.48],[-69.5421,-38.48],[-69.5421,-38.48],[-69.5421,-38.48],[-69.5421,-38.48],[-69.5421,-38.48],[-69.5421,-38.48],[-69.5421,-38.48],[-69.5421,-38.48],[-69.5421,-38.48],[-69.5421,-38.48],[-69.5421,-38.48],[-69.5421,-38.4801],[-69.5421,-38.4801],[-69.5421,-38.4801],[-69.5421,-38.4801],[-69.5421,-38.4801],[-69.5421,-38.4801],[-69.5421,-38.4801],[-69.5421,-38.4801],[-69.5421,-38.4801],[-69.5421,-38.4801],[-69.542,-38.4801],[-69.542,-38.4801],[-69.542,-38.4802],[-69.542,-38.4802],[-69.542,-38.4802],[-69.542,-38.4802],[-69.542,-38.4802],[-69.542,-38.4802],[-69.542,-38.4802],[-69.542,-38.4802],[-69.542,-38.4802],[-69.542,-38.4802],[-69.542,-38.4802],[-69.542,-38.4803],[-69.542,-38.4803],[-69.542,-38.4803],[-69.542,-38.4803],[-69.542,-38.4803],[-69.542,-38.4803],[-69.542,-38.4803],[-69.542,-38.4803],[-69.542,-38.4803],[-69.542,-38.4803],[-69.542,-38.4803],[-69.542,-38.4804],[-69.542,-38.4804],[-69.542,-38.4804],[-69.542,-38.4804],[-69.542,-38.4804],[-69.542,-38.4804],[-69.542,-38.4804],[-69.542,-38.4804],[-69.542,-38.4804],[-69.542,-38.4804],[-69.542,-38.4804],[-69.542,-38.4804],[-69.542,-38.4805],[-69.542,-38.4805],[-69.542,-38.4805],[-69.542,-38.4805],[-69.542,-38.4805],[-69.542,-38.4805],[-69.542,-38.4805],[-69.542,-38.4805],[-69.542,-38.4805],[-69.542,-38.4805],[-69.542,-38.4805],[-69.542,-38.4806],[-69.542,-38.4806],[-69.542,-38.4806],[-69.542,-38.4806],[-69.542,-38.4806],[-69.542,-38.4806],[-69.542,-38.4806],[-69.542,-38.4806],[-69.542,-38.4806],[-69.542,-38.4806],[-69.542,-38.4806],[-69.542,-38.4807],[-69.542,-38.4807],[-69.542,-38.4807],[-69.542,-38.4807],[-69.542,-38.4807],[-69.542,-38.4807],[-69.542,-38.4807],[-69.542,-38.4807],[-69.542,-38.4807],[-69.542,-38.4807],[-69.542,-38.4807],[-69.542,-38.4807],[-69.542,-38.4808],[-69.542,-38.4808],[-69.542,-38.4808],[-69.542,-38.4808],[-69.542,-38.4808],[-69.542,-38.4808],[-69.542,-38.4808],[-69.542,-38.4808],[-69.542,-38.4808],[-69.542,-38.4808],[-69.542,-38.4808],[-69.5419,-38.4809],[-69.5419,-38.4809],[-69.5419,-38.4809],[-69.5419,-38.4809],[-69.5419,-38.4809],[-69.5419,-38.4809],[-69.5419,-38.4809],[-69.5419,-38.4809],[-69.5419,-38.4809],[-69.5419,-38.4809],[-69.5419,-38.4809],[-69.5419,-38.481],[-69.5419,-38.481],[-69.5419,-38.481],[-69.5419,-38.481],[-69.5419,-38.481],[-69.5419,-38.481],[-69.5419,-38.481],[-69.5419,-38.481],[-69.5419,-38.481],[-69.5419,-38.481],[-69.5419,-38.481],[-69.5419,-38.481],[-69.5419,-38.4811],[-69.5419,-38.4811],[-69.5419,-38.4811],[-69.5419,-38.4811],[-69.5419,-38.4811],[-69.5419,-38.4811],[-69.5419,-38.4811],[-69.5419,-38.4811],[-69.5419,-38.4811],[-69.5419,-38.4811],[-69.5419,-38.4811],[-69.5419,-38.4812],[-69.5419,-38.4812],[-69.5419,-38.4812],[-69.5419,-38.4812],[-69.5419,-38.4812],[-69.5419,-38.4812],[-69.5419,-38.4812],[-69.5419,-38.4812],[-69.5419,-38.4812],[-69.5419,-38.4812],[-69.5419,-38.4812],[-69.5419,-38.4813],[-69.5419,-38.4813],[-69.5419,-38.4813],[-69.5419,-38.4813],[-69.5419,-38.4813],[-69.5419,-38.4813],[-69.5419,-38.4813],[-69.5419,-38.4813],[-69.5419,-38.4813],[-69.5419,-38.4813],[-69.5419,-38.4813],[-69.5419,-38.4814],[-69.5419,-38.4814],[-69.5419,-38.4814],[-69.5419,-38.4814],[-69.5419,-38.4814],[-69.5419,-38.4814],[-69.5419,-38.4814],[-69.5419,-38.4814],[-69.5419,-38.4814],[-69.5419,-38.4814],[-69.5419,-38.4814],[-69.5419,-38.4815],[-69.5419,-38.4815],[-69.5419,-38.4815],[-69.5419,-38.4815],[-69.5419,-38.4815],[-69.5419,-38.4815],[-69.5419,-38.4815],[-69.542,-38.4815],[-69.542,-38.4815],[-69.542,-38.4815],[-69.542,-38.4815],[-69.542,-38.4815],[-69.542,-38.4816],[-69.542,-38.4816],[-69.542,-38.4816],[-69.542,-38.4816],[-69.542,-38.4816],[-69.542,-38.4816],[-69.542,-38.4816],[-69.542,-38.4816],[-69.542,-38.4816],[-69.542,-38.4816],[-69.542,-38.4816],[-69.542,-38.4816],[-69.542,-38.4817],[-69.542,-38.4817],[-69.542,-38.4817],[-69.542,-38.4817],[-69.542,-38.4817],[-69.542,-38.4817],[-69.542,-38.4817],[-69.542,-38.4817],[-69.542,-38.4817],[-69.542,-38.4817],[-69.542,-38.4817],[-69.542,-38.4817],[-69.542,-38.4818],[-69.542,-38.4818],[-69.5421,-38.4818],[-69.5421,-38.4818],[-69.5421,-38.4818],[-69.5421,-38.4818],[-69.5421,-38.4818],[-69.5421,-38.4818],[-69.5421,-38.4818],[-69.5421,-38.4818],[-69.5421,-38.4818],[-69.5421,-38.4818],[-69.5421,-38.4819],[-69.5421,-38.4819],[-69.5421,-38.4819],[-69.5421,-38.4819],[-69.5421,-38.4819],[-69.5421,-38.4819],[-69.5421,-38.4819],[-69.5421,-38.4819],[-69.5421,-38.4819],[-69.5421,-38.4819],[-69.5421,-38.4819],[-69.5421,-38.4819],[-69.5421,-38.482],[-69.5421,-38.482],[-69.5421,-38.482],[-69.5421,-38.482],[-69.5421,-38.482],[-69.5421,-38.482],[-69.5421,-38.482],[-69.5421,-38.482],[-69.5421,-38.482],[-69.5422,-38.482],[-69.5422,-38.482],[-69.5422,-38.482],[-69.5422,-38.4821],[-69.5422,-38.4821],[-69.5422,-38.4821],[-69.5422,-38.4821],[-69.5422,-38.4821],[-69.5422,-38.4821],[-69.5422,-38.4821],[-69.5422,-38.4821],[-69.5422,-38.4821],[-69.5422,-38.4821],[-69.5422,-38.4821],[-69.5422,-38.4821],[-69.5422,-38.4822],[-69.5422,-38.4822],[-69.5422,-38.4822],[-69.5422,-38.4822],[-69.5422,-38.4822],[-69.5422,-38.4822],[-69.5422,-38.4822],[-69.5422,-38.4822],[-69.5422,-38.4822],[-69.5422,-38.4822],[-69.5422,-38.4822],[-69.5422,-38.4822],[-69.5422,-38.4822],[-69.5423,-38.4823],[-69.5423,-38.4823],[-69.5423,-38.4823],[-69.5423,-38.4823],[-69.5423,-38.4823],[-69.5423,-38.4823],[-69.5423,-38.4823],[-69.5423,-38.4823],[-69.5423,-38.4823],[-69.5423,-38.4823],[-69.5423,-38.4823],[-69.5423,-38.4823],[-69.5423,-38.4823],[-69.5423,-38.4824],[-69.5423,-38.4824],[-69.5423,-38.4824],[-69.5423,-38.4824],[-69.5423,-38.4824],[-69.5423,-38.4824],[-69.5423,-38.4824],[-69.5423,-38.4824],[-69.5424,-38.4824],[-69.5424,-38.4824],[-69.5424,-38.4824],[-69.5424,-38.4824],[-69.5424,-38.4824],[-69.5424,-38.4824],[-69.5424,-38.4825],[-69.5424,-38.4825],[-69.5424,-38.4825],[-69.5424,-38.4825],[-69.5424,-38.4825],[-69.5424,-38.4825],[-69.5424,-38.4825],[-69.5424,-38.4825],[-69.5424,-38.4825],[-69.5424,-38.4825],[-69.5424,-38.4825],[-69.5424,-38.4825],[-69.5424,-38.4825],[-69.5424,-38.4826],[-69.5424,-38.4826],[-69.5425,-38.4826],[-69.5425,-38.4826],[-69.5425,-38.4826],[-69.5425,-38.4826],[-69.5425,-38.4826],[-69.5425,-38.4826],[-69.5425,-38.4826],[-69.5425,-38.4826],[-69.5425,-38.4826],[-69.5425,-38.4826],[-69.5425,-38.4826],[-69.5425,-38.4827],[-69.5425,-38.4827],[-69.5425,-38.4827],[-69.5425,-38.4827],[-69.5425,-38.4827],[-69.5425,-38.4827],[-69.5425,-38.4827],[-69.5425,-38.4827],[-69.5425,-38.4827],[-69.5425,-38.4827],[-69.5425,-38.4827],[-69.5425,-38.4827],[-69.5426,-38.4828],[-69.5426,-38.4828],[-69.5426,-38.4828],[-69.5426,-38.4828],[-69.5426,-38.4828],[-69.5426,-38.4828],[-69.5426,-38.4828],[-69.5426,-38.4828],[-69.5426,-38.4828],[-69.5426,-38.4828],[-69.5426,-38.4828],[-69.5426,-38.4828],[-69.5426,-38.4828],[-69.5426,-38.4829],[-69.5426,-38.4829],[-69.5426,-38.4829],[-69.5426,-38.4829],[-69.5426,-38.4829],[-69.5426,-38.4829],[-69.5426,-38.4829],[-69.5426,-38.4829],[-69.5426,-38.4829],[-69.5426,-38.4829],[-69.5427,-38.4829],[-69.5427,-38.4829],[-69.5427,-38.4829],[-69.5427,-38.483],[-69.5427,-38.483],[-69.5427,-38.483],[-69.5427,-38.483],[-69.5427,-38.483],[-69.5427,-38.483],[-69.5427,-38.483],[-69.5427,-38.483],[-69.5427,-38.483],[-69.5427,-38.483],[-69.5427,-38.483],[-69.5427,-38.483],[-69.5427,-38.483],[-69.5427,-38.4831],[-69.5427,-38.4831],[-69.5427,-38.4831],[-69.5427,-38.4831],[-69.5427,-38.4831],[-69.5427,-38.4831],[-69.5427,-38.4831],[-69.5428,-38.4831],[-69.5428,-38.4831],[-69.5428,-38.4831],[-69.5428,-38.4831],[-69.5428,-38.4831],[-69.5428,-38.4831],[-69.5428,-38.4832],[-69.5428,-38.4832],[-69.5428,-38.4832],[-69.5428,-38.4832],[-69.5428,-38.4832],[-69.5428,-38.4832],[-69.5428,-38.4832],[-69.5428,-38.4832],[-69.5428,-38.4832],[-69.5428,-38.4832],[-69.5428,-38.4832],[-69.5428,-38.4832],[-69.5428,-38.4833],[-69.5428,-38.4833],[-69.5428,-38.4833],[-69.5428,-38.4833],[-69.5428,-38.4833],[-69.5429,-38.4833],[-69.5429,-38.4833],[-69.5429,-38.4833],[-69.5429,-38.4833],[-69.5429,-38.4833],[-69.5429,-38.4833],[-69.5429,-38.4833],[-69.5429,-38.4833],[-69.5429,-38.4834],[-69.5429,-38.4834],[-69.5429,-38.4834],[-69.5429,-38.4834],[-69.5429,-38.4834],[-69.5429,-38.4834],[-69.5429,-38.4834],[-69.5429,-38.4834],[-69.5429,-38.4834],[-69.5429,-38.4834],[-69.5429,-38.4834],[-69.5429,-38.4834],[-69.5429,-38.4834],[-69.5429,-38.4835],[-69.5429,-38.4835],[-69.5429,-38.4835],[-69.543,-38.4835],[-69.543,-38.4835],[-69.543,-38.4835],[-69.543,-38.4835],[-69.543,-38.4835],[-69.543,-38.4835],[-69.543,-38.4835],[-69.543,-38.4835],[-69.543,-38.4835],[-69.543,-38.4835],[-69.543,-38.4836],[-69.543,-38.4836],[-69.543,-38.4836],[-69.543,-38.4836],[-69.543,-38.4836],[-69.543,-38.4836],[-69.543,-38.4836],[-69.543,-38.4836],[-69.543,-38.4836],[-69.543,-38.4836],[-69.543,-38.4836],[-69.543,-38.4836],[-69.543,-38.4837],[-69.5431,-38.4837],[-69.5431,-38.4837],[-69.5431,-38.4837],[-69.5431,-38.4837],[-69.5431,-38.4837],[-69.5431,-38.4837],[-69.5431,-38.4837],[-69.5431,-38.4837],[-69.5431,-38.4837],[-69.5431,-38.4837],[-69.5431,-38.4837],[-69.5431,-38.4837],[-69.5431,-38.4838],[-69.5431,-38.4838],[-69.5431,-38.4838],[-69.5431,-38.4838],[-69.5431,-38.4838],[-69.5431,-38.4838],[-69.5431,-38.4838],[-69.5431,-38.4838],[-69.5431,-38.4838],[-69.5431,-38.4838],[-69.5431,-38.4838],[-69.5431,-38.4838],[-69.5431,-38.4838],[-69.5431,-38.4839],[-69.5431,-38.4839],[-69.5431,-38.4839],[-69.5431,-38.4839],[-69.5431,-38.4839],[-69.5431,-38.4839],[-69.5431,-38.4839],[-69.5431,-38.4839],[-69.5431,-38.4839],[-69.5431,-38.4839],[-69.5431,-38.4839],[-69.5431,-38.484],[-69.5431,-38.484],[-69.5431,-38.484],[-69.5431,-38.484],[-69.5431,-38.484],[-69.5431,-38.484],[-69.5431,-38.484],[-69.5431,-38.484],[-69.5431,-38.484],[-69.5431,-38.484],[-69.5431,-38.484],[-69.5431,-38.484],[-69.5431,-38.4841],[-69.5431,-38.4841],[-69.5431,-38.4841],[-69.5431,-38.4841],[-69.5431,-38.4841],[-69.5431,-38.4841],[-69.5431,-38.4841],[-69.5431,-38.4841],[-69.5431,-38.4841],[-69.5431,-38.4841],[-69.5431,-38.4841],[-69.5431,-38.4842],[-69.543,-38.4842],[-69.543,-38.4842],[-69.543,-38.4842],[-69.543,-38.4842],[-69.543,-38.4842],[-69.543,-38.4842],[-69.543,-38.4842],[-69.543,-38.4842],[-69.543,-38.4842],[-69.543,-38.4842],[-69.543,-38.4842],[-69.543,-38.4843],[-69.543,-38.4843],[-69.543,-38.4843],[-69.543,-38.4843],[-69.543,-38.4843],[-69.543,-38.4843],[-69.543,-38.4843],[-69.543,-38.4843],[-69.543,-38.4843],[-69.543,-38.4843],[-69.543,-38.4843],[-69.543,-38.4843],[-69.543,-38.4844],[-69.543,-38.4844],[-69.543,-38.4844],[-69.543,-38.4844],[-69.543,-38.4844],[-69.543,-38.4844],[-69.543,-38.4844],[-69.543,-38.4844],[-69.543,-38.4844],[-69.543,-38.4844],[-69.543,-38.4844],[-69.543,-38.4845],[-69.543,-38.4845],[-69.543,-38.4845],[-69.543,-38.4845],[-69.543,-38.4845],[-69.543,-38.4845],[-69.543,-38.4845],[-69.543,-38.4845],[-69.5429,-38.4845],[-69.5429,-38.4845],[-69.5429,-38.4845],[-69.5429,-38.4845],[-69.5429,-38.4846],[-69.5429,-38.4846],[-69.5429,-38.4846],[-69.5429,-38.4846],[-69.5429,-38.4846],[-69.5429,-38.4846],[-69.5429,-38.4846],[-69.5429,-38.4846],[-69.5429,-38.4846],[-69.5429,-38.4846],[-69.5429,-38.4846],[-69.5429,-38.4847],[-69.5429,-38.4847],[-69.5429,-38.4847],[-69.5429,-38.4847],[-69.5429,-38.4847],[-69.5429,-38.4847],[-69.5429,-38.4847],[-69.5429,-38.4847],[-69.5429,-38.4847],[-69.5429,-38.4847],[-69.5429,-38.4847],[-69.5429,-38.4847],[-69.5429,-38.4848],[-69.5429,-38.4848],[-69.5429,-38.4848],[-69.5429,-38.4848],[-69.5429,-38.4848],[-69.5429,-38.4848],[-69.5429,-38.4848],[-69.5429,-38.4848],[-69.5429,-38.4848],[-69.5429,-38.4848],[-69.5429,-38.4848],[-69.5429,-38.4848],[-69.5429,-38.4849],[-69.5429,-38.4849],[-69.5428,-38.4849],[-69.5428,-38.4849],[-69.5428,-38.4849],[-69.5428,-38.4849],[-69.5428,-38.4849],[-69.5428,-38.4849],[-69.5428,-38.4849],[-69.5428,-38.4849],[-69.5428,-38.4849],[-69.5428,-38.485],[-69.5428,-38.485],[-69.5428,-38.485],[-69.5428,-38.485],[-69.5428,-38.485],[-69.5428,-38.485],[-69.5428,-38.485],[-69.5428,-38.485],[-69.5428,-38.485],[-69.5428,-38.485],[-69.5428,-38.485],[-69.5428,-38.485],[-69.5428,-38.4851],[-69.5428,-38.4851],[-69.5428,-38.4851],[-69.5428,-38.4851],[-69.5428,-38.4851],[-69.5428,-38.4851],[-69.5428,-38.4851],[-69.5428,-38.4851],[-69.5428,-38.4851],[-69.5428,-38.4851],[-69.5428,-38.4851],[-69.5428,-38.4851],[-69.5427,-38.4852],[-69.5427,-38.4852],[-69.5427,-38.4852],[-69.5427,-38.4852],[-69.5427,-38.4852],[-69.5427,-38.4852],[-69.5427,-38.4852],[-69.5427,-38.4852],[-69.5427,-38.4852],[-69.5427,-38.4852],[-69.5427,-38.4852],[-69.5427,-38.4852],[-69.5427,-38.4853],[-69.5427,-38.4853],[-69.5427,-38.4853],[-69.5427,-38.4853],[-69.5427,-38.4853],[-69.5427,-38.4853],[-69.5427,-38.4853],[-69.5427,-38.4853],[-69.5427,-38.4853],[-69.5427,-38.4853],[-69.5427,-38.4853],[-69.5427,-38.4853],[-69.5427,-38.4854],[-69.5427,-38.4854],[-69.5427,-38.4854],[-69.5427,-38.4854],[-69.5427,-38.4854],[-69.5427,-38.4854],[-69.5427,-38.4854],[-69.5427,-38.4854],[-69.5427,-38.4854],[-69.5426,-38.4854],[-69.5426,-38.4854],[-69.5426,-38.4854],[-69.5426,-38.4855],[-69.5426,-38.4855],[-69.5426,-38.4855],[-69.5426,-38.4855],[-69.5426,-38.4855],[-69.5426,-38.4855],[-69.5426,-38.4855],[-69.5426,-38.4855],[-69.5426,-38.4855],[-69.5426,-38.4855],[-69.5426,-38.4855],[-69.5426,-38.4856],[-69.5426,-38.4856],[-69.5426,-38.4856],[-69.5426,-38.4856],[-69.5426,-38.4856],[-69.5426,-38.4856],[-69.5426,-38.4856],[-69.5426,-38.4856],[-69.5426,-38.4856],[-69.5426,-38.4856],[-69.5426,-38.4856],[-69.5426,-38.4856],[-69.5426,-38.4857],[-69.5426,-38.4857],[-69.5426,-38.4857],[-69.5426,-38.4857],[-69.5426,-38.4857],[-69.5426,-38.4857],[-69.5426,-38.4857],[-69.5426,-38.4857],[-69.5426,-38.4857],[-69.5426,-38.4857],[-69.5426,-38.4857],[-69.5426,-38.4858],[-69.5426,-38.4858],[-69.5426,-38.4858],[-69.5426,-38.4858],[-69.5426,-38.4858],[-69.5426,-38.4858],[-69.5426,-38.4858],[-69.5426,-38.4858],[-69.5426,-38.4858],[-69.5426,-38.4858],[-69.5426,-38.4858],[-69.5426,-38.4859],[-69.5426,-38.4859],[-69.5426,-38.4859],[-69.5426,-38.4859],[-69.5426,-38.4859],[-69.5426,-38.4859],[-69.5426,-38.4859],[-69.5426,-38.4859],[-69.5426,-38.4859],[-69.5426,-38.4859],[-69.5426,-38.4859],[-69.5425,-38.4859],[-69.5425,-38.486],[-69.5425,-38.486],[-69.5425,-38.486],[-69.5425,-38.486],[-69.5425,-38.486],[-69.5425,-38.486],[-69.5425,-38.486],[-69.5425,-38.486],[-69.5425,-38.486],[-69.5425,-38.486],[-69.5425,-38.486],[-69.5425,-38.4861],[-69.5425,-38.4861],[-69.5425,-38.4861],[-69.5425,-38.4861],[-69.5425,-38.4861],[-69.5425,-38.4861],[-69.5425,-38.4861],[-69.5425,-38.4861],[-69.5425,-38.4861],[-69.5425,-38.4861],[-69.5425,-38.4861],[-69.5425,-38.4861],[-69.5425,-38.4862],[-69.5425,-38.4862],[-69.5425,-38.4862],[-69.5425,-38.4862],[-69.5425,-38.4862],[-69.5425,-38.4862],[-69.5425,-38.4862],[-69.5425,-38.4862],[-69.5425,-38.4862],[-69.5425,-38.4862],[-69.5425,-38.4862],[-69.5425,-38.4863],[-69.5425,-38.4863],[-69.5425,-38.4863],[-69.5425,-38.4863],[-69.5425,-38.4863],[-69.5425,-38.4863],[-69.5425,-38.4863],[-69.5425,-38.4863],[-69.5425,-38.4863],[-69.5425,-38.4863],[-69.5425,-38.4863],[-69.5425,-38.4864],[-69.5425,-38.4864],[-69.5425,-38.4864],[-69.5425,-38.4864],[-69.5425,-38.4864],[-69.5425,-38.4864],[-69.5425,-38.4864],[-69.5425,-38.4864],[-69.5425,-38.4864],[-69.5425,-38.4864],[-69.5425,-38.4864],[-69.5424,-38.4864],[-69.5424,-38.4865],[-69.5424,-38.4865],[-69.5424,-38.4865],[-69.5424,-38.4865],[-69.5424,-38.4865],[-69.5424,-38.4865],[-69.5424,-38.4865],[-69.5424,-38.4865],[-69.5424,-38.4865],[-69.5424,-38.4865],[-69.5424,-38.4865],[-69.5424,-38.4865],[-69.5424,-38.4866],[-69.5424,-38.4866],[-69.5424,-38.4866],[-69.5424,-38.4866],[-69.5424,-38.4866],[-69.5424,-38.4866],[-69.5424,-38.4866],[-69.5424,-38.4866],[-69.5424,-38.4866],[-69.5424,-38.4866],[-69.5424,-38.4866],[-69.5424,-38.4866],[-69.5424,-38.4867],[-69.5424,-38.4867],[-69.5424,-38.4867],[-69.5424,-38.4867],[-69.5424,-38.4867],[-69.5424,-38.4867],[-69.5424,-38.4867],[-69.5424,-38.4867],[-69.5423,-38.4867],[-69.5423,-38.4867],[-69.5423,-38.4867],[-69.5423,-38.4867],[-69.5423,-38.4868],[-69.5423,-38.4868],[-69.5423,-38.4868],[-69.5423,-38.4868],[-69.5423,-38.4868],[-69.5423,-38.4868],[-69.5423,-38.4868],[-69.5423,-38.4868],[-69.5423,-38.4868],[-69.5423,-38.4868],[-69.5423,-38.4868],[-69.5423,-38.4868],[-69.5423,-38.4869],[-69.5423,-38.4869],[-69.5423,-38.4869],[-69.5423,-38.4869],[-69.5423,-38.4869],[-69.5423,-38.4869],[-69.5423,-38.4869],[-69.5423,-38.4869],[-69.5423,-38.4869],[-69.5423,-38.4869],[-69.5423,-38.4869],[-69.5423,-38.487],[-69.5423,-38.487],[-69.5423,-38.487],[-69.5423,-38.487],[-69.5423,-38.487],[-69.5422,-38.487],[-69.5422,-38.487],[-69.5422,-38.487],[-69.5422,-38.487],[-69.5422,-38.487],[-69.5422,-38.487],[-69.5422,-38.487],[-69.5422,-38.487],[-69.5422,-38.4871],[-69.5422,-38.4871],[-69.5422,-38.4871],[-69.5422,-38.4871],[-69.5422,-38.4871],[-69.5422,-38.4871],[-69.5422,-38.4871],[-69.5422,-38.4871],[-69.5422,-38.4871],[-69.5422,-38.4871],[-69.5422,-38.4871],[-69.5422,-38.4871],[-69.5422,-38.4871],[-69.5421,-38.4871],[-69.5421,-38.4872],[-69.5421,-38.4872],[-69.5421,-38.4872],[-69.5421,-38.4872],[-69.5421,-38.4872],[-69.5421,-38.4872],[-69.5421,-38.4872],[-69.5421,-38.4872],[-69.5421,-38.4872],[-69.5421,-38.4872],[-69.5421,-38.4872],[-69.5421,-38.4872],[-69.5421,-38.4872],[-69.5421,-38.4873],[-69.5421,-38.4873],[-69.5421,-38.4873],[-69.5421,-38.4873],[-69.5421,-38.4873],[-69.5421,-38.4873],[-69.5421,-38.4873],[-69.542,-38.4873],[-69.542,-38.4873],[-69.542,-38.4873],[-69.542,-38.4873],[-69.542,-38.4873],[-69.542,-38.4873],[-69.542,-38.4874],[-69.542,-38.4874],[-69.542,-38.4874],[-69.542,-38.4874],[-69.542,-38.4874],[-69.542,-38.4874],[-69.542,-38.4874],[-69.542,-38.4874],[-69.542,-38.4874],[-69.542,-38.4874],[-69.542,-38.4874],[-69.542,-38.4874],[-69.542,-38.4874],[-69.542,-38.4875],[-69.542,-38.4875],[-69.5419,-38.4875],[-69.5419,-38.4875],[-69.5419,-38.4875],[-69.5419,-38.4875],[-69.5419,-38.4875],[-69.5419,-38.4875],[-69.5419,-38.4875],[-69.5419,-38.4875],[-69.5419,-38.4875],[-69.5419,-38.4875],[-69.5419,-38.4875],[-69.5419,-38.4876],[-69.5419,-38.4876],[-69.5419,-38.4876],[-69.5419,-38.4876],[-69.5419,-38.4876],[-69.5419,-38.4876],[-69.5419,-38.4876],[-69.5419,-38.4876],[-69.5419,-38.4876],[-69.5419,-38.4876],[-69.5418,-38.4876],[-69.5418,-38.4876],[-69.5418,-38.4876],[-69.5418,-38.4876],[-69.5418,-38.4877],[-69.5418,-38.4877],[-69.5418,-38.4877],[-69.5418,-38.4877],[-69.5418,-38.4877],[-69.5418,-38.4877],[-69.5418,-38.4877],[-69.5418,-38.4877],[-69.5418,-38.4877],[-69.5418,-38.4877],[-69.5418,-38.4877],[-69.5418,-38.4877],[-69.5418,-38.4877],[-69.5418,-38.4878],[-69.5418,-38.4878],[-69.5418,-38.4878],[-69.5418,-38.4878],[-69.5417,-38.4878],[-69.5417,-38.4878],[-69.5417,-38.4878],[-69.5417,-38.4878],[-69.5417,-38.4878],[-69.5417,-38.4878],[-69.5417,-38.4878],[-69.5417,-38.4878],[-69.5417,-38.4878],[-69.5417,-38.4878],[-69.5417,-38.4879],[-69.5417,-38.4879],[-69.5417,-38.4879],[-69.5417,-38.4879],[-69.5417,-38.4879],[-69.5417,-38.4879],[-69.5417,-38.4879],[-69.5417,-38.4879],[-69.5416,-38.4879],[-69.5416,-38.4879],[-69.5416,-38.4879],[-69.5416,-38.4879],[-69.5416,-38.4879],[-69.5416,-38.4879],[-69.5416,-38.4879],[-69.5416,-38.488],[-69.5416,-38.488],[-69.5416,-38.488],[-69.5416,-38.488],[-69.5416,-38.488],[-69.5416,-38.488],[-69.5416,-38.488],[-69.5416,-38.488],[-69.5416,-38.488],[-69.5416,-38.488],[-69.5416,-38.488],[-69.5415,-38.488],[-69.5415,-38.488],[-69.5415,-38.488],[-69.5415,-38.4881],[-69.5415,-38.4881],[-69.5415,-38.4881],[-69.5415,-38.4881],[-69.5415,-38.4881],[-69.5415,-38.4881],[-69.5415,-38.4881],[-69.5415,-38.4881],[-69.5415,-38.4881],[-69.5415,-38.4881],[-69.5415,-38.4881],[-69.5415,-38.4881],[-69.5415,-38.4881],[-69.5415,-38.4881],[-69.5415,-38.4882],[-69.5415,-38.4882],[-69.5415,-38.4882],[-69.5415,-38.4882],[-69.5414,-38.4882],[-69.5414,-38.4882],[-69.5414,-38.4882],[-69.5414,-38.4882],[-69.5414,-38.4882],[-69.5414,-38.4882],[-69.5414,-38.4882],[-69.5414,-38.4882],[-69.5414,-38.4883],[-69.5414,-38.4883],[-69.5414,-38.4883],[-69.5414,-38.4883],[-69.5414,-38.4883],[-69.5414,-38.4883],[-69.5414,-38.4883],[-69.5414,-38.4883],[-69.5414,-38.4883],[-69.5414,-38.4883],[-69.5414,-38.4883],[-69.5414,-38.4883],[-69.5414,-38.4883],[-69.5414,-38.4884],[-69.5414,-38.4884],[-69.5414,-38.4884],[-69.5414,-38.4884],[-69.5414,-38.4884],[-69.5413,-38.4884],[-69.5413,-38.4884],[-69.5413,-38.4884],[-69.5413,-38.4884],[-69.5413,-38.4884],[-69.5413,-38.4884],[-69.5413,-38.4884],[-69.5413,-38.4885],[-69.5413,-38.4885],[-69.5413,-38.4885],[-69.5413,-38.4885],[-69.5413,-38.4885],[-69.5413,-38.4885],[-69.5413,-38.4885],[-69.5413,-38.4885],[-69.5413,-38.4885],[-69.5413,-38.4885],[-69.5413,-38.4885],[-69.5413,-38.4885],[-69.5413,-38.4885],[-69.5413,-38.4885],[-69.5413,-38.4886],[-69.5412,-38.4886],[-69.5412,-38.4886],[-69.5412,-38.4886],[-69.5412,-38.4886],[-69.5412,-38.4886],[-69.5412,-38.4886],[-69.5412,-38.4886],[-69.5412,-38.4886],[-69.5412,-38.4886],[-69.5412,-38.4886],[-69.5412,-38.4886],[-69.5412,-38.4886],[-69.5412,-38.4886],[-69.5412,-38.4886],[-69.5412,-38.4887],[-69.5412,-38.4887],[-69.5412,-38.4887],[-69.5411,-38.4887],[-69.5411,-38.4887],[-69.5411,-38.4887],[-69.5411,-38.4887],[-69.5411,-38.4887],[-69.5411,-38.4887],[-69.5411,-38.4887],[-69.5411,-38.4887],[-69.5411,-38.4887],[-69.5411,-38.4887],[-69.5411,-38.4887],[-69.5411,-38.4887],[-69.5411,-38.4888],[-69.5411,-38.4888],[-69.5411,-38.4888],[-69.5411,-38.4888],[-69.5411,-38.4888],[-69.541,-38.4888],[-69.541,-38.4888],[-69.541,-38.4888],[-69.541,-38.4888],[-69.541,-38.4888],[-69.541,-38.4888],[-69.541,-38.4888],[-69.541,-38.4888],[-69.541,-38.4888],[-69.541,-38.4888],[-69.541,-38.4888],[-69.541,-38.4889],[-69.541,-38.4889],[-69.541,-38.4889],[-69.541,-38.4889],[-69.541,-38.4889],[-69.5409,-38.4889],[-69.5409,-38.4889],[-69.5409,-38.4889],[-69.5409,-38.4889],[-69.5409,-38.4889],[-69.5409,-38.4889],[-69.5409,-38.4889],[-69.5409,-38.4889],[-69.5409,-38.4889],[-69.5409,-38.4889],[-69.5409,-38.4889],[-69.5409,-38.489],[-69.5409,-38.489],[-69.5409,-38.489],[-69.5409,-38.489],[-69.5408,-38.489],[-69.5408,-38.489],[-69.5408,-38.489],[-69.5408,-38.489],[-69.5408,-38.489],[-69.5408,-38.489],[-69.5408,-38.489],[-69.5408,-38.489],[-69.5408,-38.489],[-69.5408,-38.489],[-69.5408,-38.489],[-69.5408,-38.489],[-69.5408,-38.489],[-69.5408,-38.4891],[-69.5408,-38.4891],[-69.5407,-38.4891],[-69.5407,-38.4891],[-69.5407,-38.4891],[-69.5407,-38.4891],[-69.5407,-38.4891],[-69.5407,-38.4891],[-69.5407,-38.4891],[-69.5407,-38.4891],[-69.5407,-38.4891],[-69.5407,-38.4891],[-69.5407,-38.4891],[-69.5407,-38.4891],[-69.5407,-38.4891],[-69.5407,-38.4891],[-69.5406,-38.4891],[-69.5406,-38.4892],[-69.5406,-38.4892],[-69.5406,-38.4892],[-69.5406,-38.4892],[-69.5406,-38.4892],[-69.5406,-38.4892],[-69.5406,-38.4892],[-69.5406,-38.4892],[-69.5406,-38.4892],[-69.5406,-38.4892],[-69.5406,-38.4892],[-69.5406,-38.4892],[-69.5406,-38.4892],[-69.5406,-38.4892],[-69.5405,-38.4892],[-69.5405,-38.4892],[-69.5405,-38.4892],[-69.5405,-38.4893],[-69.5405,-38.4893],[-69.5405,-38.4893],[-69.5405,-38.4893],[-69.5405,-38.4893],[-69.5405,-38.4893],[-69.5405,-38.4893],[-69.5405,-38.4893],[-69.5405,-38.4893],[-69.5405,-38.4893],[-69.5405,-38.4893],[-69.5405,-38.4893],[-69.5404,-38.4893],[-69.5404,-38.4893],[-69.5404,-38.4893],[-69.5404,-38.4893],[-69.5404,-38.4893],[-69.5404,-38.4893],[-69.5404,-38.4893],[-69.5404,-38.4893],[-69.5404,-38.4894],[-69.5404,-38.4894],[-69.5404,-38.4894],[-69.5404,-38.4894],[-69.5404,-38.4894],[-69.5403,-38.4894],[-69.5403,-38.4894],[-69.5403,-38.4894],[-69.5403,-38.4894],[-69.5403,-38.4894],[-69.5403,-38.4894],[-69.5403,-38.4894],[-69.5403,-38.4894],[-69.5403,-38.4894],[-69.5403,-38.4894],[-69.5403,-38.4894],[-69.5403,-38.4894],[-69.5402,-38.4894],[-69.5402,-38.4894],[-69.5402,-38.4894],[-69.5402,-38.4894],[-69.5402,-38.4894],[-69.5402,-38.4894],[-69.5402,-38.4894],[-69.5402,-38.4895],[-69.5402,-38.4895],[-69.5402,-38.4895],[-69.5402,-38.4895],[-69.5402,-38.4895],[-69.5401,-38.4895],[-69.5401,-38.4895],[-69.5401,-38.4895],[-69.5401,-38.4895],[-69.5401,-38.4895],[-69.5401,-38.4895],[-69.5401,-38.4895],[-69.5401,-38.4895],[-69.5401,-38.4895],[-69.5401,-38.4895],[-69.5401,-38.4895],[-69.5401,-38.4895],[-69.5401,-38.4895],[-69.54,-38.4895],[-69.54,-38.4895],[-69.54,-38.4895],[-69.54,-38.4895],[-69.54,-38.4895],[-69.54,-38.4895],[-69.54,-38.4895],[-69.54,-38.4896],[-69.54,-38.4896],[-69.54,-38.4896],[-69.54,-38.4896],[-69.54,-38.4896],[-69.54,-38.4896],[-69.54,-38.4896],[-69.5399,-38.4896],[-69.5399,-38.4896],[-69.5399,-38.4896],[-69.5399,-38.4896],[-69.5399,-38.4896],[-69.5399,-38.4896],[-69.5399,-38.4896],[-69.5399,-38.4896],[-69.5399,-38.4896],[-69.5399,-38.4897],[-69.5399,-38.4897],[-69.5399,-38.4897],[-69.5399,-38.4897],[-69.5399,-38.4897],[-69.5399,-38.4897],[-69.5399,-38.4897],[-69.5399,-38.4897],[-69.5399,-38.4897],[-69.5398,-38.4897],[-69.5398,-38.4897],[-69.5398,-38.4897],[-69.5398,-38.4897],[-69.5398,-38.4897],[-69.5398,-38.4898],[-69.5398,-38.4898],[-69.5398,-38.4898],[-69.5398,-38.4898],[-69.5398,-38.4898],[-69.5398,-38.4898],[-69.5398,-38.4898],[-69.5398,-38.4898],[-69.5398,-38.4898],[-69.5398,-38.4898],[-69.5398,-38.4898],[-69.5398,-38.4898],[-69.5398,-38.4898],[-69.5397,-38.4898],[-69.5397,-38.4899],[-69.5397,-38.4899],[-69.5397,-38.4899],[-69.5397,-38.4899],[-69.5397,-38.4899],[-69.5397,-38.4899],[-69.5397,-38.4899],[-69.5397,-38.4899],[-69.5397,-38.4899],[-69.5397,-38.4899],[-69.5397,-38.4899],[-69.5397,-38.4899],[-69.5397,-38.4899],[-69.5397,-38.4899],[-69.5397,-38.4899],[-69.5397,-38.49],[-69.5397,-38.49],[-69.5396,-38.49],[-69.5396,-38.49],[-69.5396,-38.49],[-69.5396,-38.49],[-69.5396,-38.49],[-69.5396,-38.49],[-69.5396,-38.49],[-69.5396,-38.49],[-69.5396,-38.49],[-69.5396,-38.49],[-69.5396,-38.49],[-69.5396,-38.49],[-69.5396,-38.4901],[-69.5396,-38.4901],[-69.5396,-38.4901],[-69.5396,-38.4901],[-69.5396,-38.4901],[-69.5396,-38.4901],[-69.5395,-38.4901],[-69.5395,-38.4901],[-69.5395,-38.4901],[-69.5395,-38.4901],[-69.5395,-38.4901],[-69.5395,-38.4901],[-69.5395,-38.4901],[-69.5395,-38.4901],[-69.5395,-38.4901],[-69.5395,-38.4901],[-69.5395,-38.4901],[-69.5394,-38.4901],[-69.5394,-38.4901],[-69.5394,-38.4901],[-69.5394,-38.4901],[-69.5394,-38.4901],[-69.5394,-38.4901],[-69.5394,-38.4901],[-69.5394,-38.4901],[-69.5394,-38.4901],[-69.5394,-38.4901],[-69.5394,-38.4901],[-69.5393,-38.4901],[-69.5393,-38.4901],[-69.5393,-38.4901],[-69.5393,-38.4901],[-69.5393,-38.4901],[-69.5393,-38.4901],[-69.5393,-38.4901],[-69.5393,-38.4901],[-69.5393,-38.4901],[-69.5393,-38.4901],[-69.5393,-38.4901],[-69.5393,-38.4901],[-69.5392,-38.4901],[-69.5392,-38.4901],[-69.5392,-38.4901],[-69.5392,-38.4901],[-69.5392,-38.4901],[-69.5392,-38.4901],[-69.5392,-38.4901],[-69.5392,-38.4901],[-69.5392,-38.4901],[-69.5392,-38.4901],[-69.5392,-38.4901],[-69.5391,-38.4901],[-69.5391,-38.4901],[-69.5391,-38.4901],[-69.5391,-38.4901],[-69.5391,-38.4901],[-69.5391,-38.4901],[-69.5391,-38.4902],[-69.5391,-38.4902],[-69.5391,-38.4902],[-69.5391,-38.4902],[-69.5391,-38.4902],[-69.5391,-38.4902],[-69.539,-38.4902],[-69.539,-38.4902],[-69.539,-38.4902],[-69.539,-38.4902],[-69.539,-38.4902],[-69.539,-38.4902],[-69.539,-38.4902],[-69.539,-38.4902],[-69.539,-38.4902],[-69.539,-38.4902],[-69.539,-38.4902],[-69.539,-38.4902],[-69.539,-38.4902],[-69.5389,-38.4902],[-69.5389,-38.4902],[-69.5389,-38.4902],[-69.5389,-38.4902],[-69.5389,-38.4902],[-69.5389,-38.4903],[-69.5389,-38.4903],[-69.5389,-38.4903],[-69.5389,-38.4903],[-69.5389,-38.4903],[-69.5389,-38.4903],[-69.5389,-38.4903],[-69.5389,-38.4903],[-69.5388,-38.4903],[-69.5388,-38.4903],[-69.5388,-38.4903],[-69.5388,-38.4903],[-69.5388,-38.4903],[-69.5388,-38.4903],[-69.5388,-38.4903],[-69.5388,-38.4903],[-69.5388,-38.4903],[-69.5388,-38.4903],[-69.5388,-38.4903],[-69.5388,-38.4903],[-69.5388,-38.4903],[-69.5387,-38.4903],[-69.5387,-38.4903],[-69.5387,-38.4903],[-69.5387,-38.4904],[-69.5387,-38.4904],[-69.5387,-38.4904],[-69.5387,-38.4904],[-69.5387,-38.4904],[-69.5387,-38.4904],[-69.5387,-38.4904],[-69.5387,-38.4904],[-69.5387,-38.4904],[-69.5386,-38.4904],[-69.5386,-38.4904],[-69.5386,-38.4904],[-69.5386,-38.4904],[-69.5386,-38.4904],[-69.5386,-38.4904],[-69.5386,-38.4904],[-69.5386,-38.4904],[-69.5386,-38.4904],[-69.5386,-38.4904],[-69.5386,-38.4904],[-69.5386,-38.4904],[-69.5386,-38.4904],[-69.5385,-38.4904],[-69.5385,-38.4904],[-69.5385,-38.4905],[-69.5385,-38.4905],[-69.5385,-38.4905],[-69.5385,-38.4905],[-69.5385,-38.4905],[-69.5385,-38.4905],[-69.5385,-38.4905],[-69.5385,-38.4905],[-69.5385,-38.4905],[-69.5385,-38.4905],[-69.5385,-38.4905],[-69.5384,-38.4905],[-69.5384,-38.4905],[-69.5384,-38.4905],[-69.5384,-38.4905],[-69.5384,-38.4905],[-69.5384,-38.4905],[-69.5384,-38.4905],[-69.5384,-38.4905],[-69.5384,-38.4905],[-69.5384,-38.4905],[-69.5384,-38.4905],[-69.5383,-38.4905],[-69.5383,-38.4905],[-69.5383,-38.4905],[-69.5383,-38.4905],[-69.5383,-38.4905],[-69.5383,-38.4905],[-69.5383,-38.4905],[-69.5383,-38.4905],[-69.5383,-38.4905],[-69.5383,-38.4905],[-69.5383,-38.4905],[-69.5383,-38.4905],[-69.5382,-38.4905],[-69.5382,-38.4905],[-69.5382,-38.4905],[-69.5382,-38.4905],[-69.5382,-38.4905],[-69.5382,-38.4905],[-69.5382,-38.4905],[-69.5382,-38.4905],[-69.5382,-38.4905],[-69.5382,-38.4905],[-69.5382,-38.4905],[-69.5381,-38.4905],[-69.5381,-38.4905],[-69.5381,-38.4905],[-69.5381,-38.4905],[-69.5381,-38.4905],[-69.5381,-38.4905],[-69.5381,-38.4905],[-69.5381,-38.4905],[-69.5381,-38.4905],[-69.5381,-38.4905],[-69.5381,-38.4905],[-69.538,-38.4905],[-69.538,-38.4905],[-69.538,-38.4905],[-69.538,-38.4905],[-69.538,-38.4905],[-69.538,-38.4905],[-69.538,-38.4905],[-69.538,-38.4905],[-69.538,-38.4905],[-69.538,-38.4905],[-69.538,-38.4905],[-69.5379,-38.4905],[-69.5379,-38.4905],[-69.5379,-38.4905],[-69.5379,-38.4905],[-69.5379,-38.4905],[-69.5379,-38.4905],[-69.5379,-38.4905],[-69.5379,-38.4905],[-69.5379,-38.4905],[-69.5379,-38.4905],[-69.5379,-38.4905],[-69.5378,-38.4905],[-69.5378,-38.4905],[-69.5378,-38.4905],[-69.5378,-38.4905],[-69.5378,-38.4905],[-69.5378,-38.4905],[-69.5378,-38.4906],[-69.5378,-38.4906],[-69.5378,-38.4906],[-69.5378,-38.4906],[-69.5378,-38.4906],[-69.5377,-38.4906],[-69.5377,-38.4906],[-69.5377,-38.4906],[-69.5377,-38.4906],[-69.5377,-38.4906],[-69.5377,-38.4906],[-69.5377,-38.4906],[-69.5377,-38.4906],[-69.5377,-38.4906],[-69.5377,-38.4906],[-69.5377,-38.4906],[-69.5377,-38.4906],[-69.5376,-38.4906],[-69.5376,-38.4906],[-69.5376,-38.4906],[-69.5376,-38.4906],[-69.5376,-38.4906],[-69.5376,-38.4906],[-69.5376,-38.4906],[-69.5376,-38.4906],[-69.5376,-38.4906],[-69.5376,-38.4906],[-69.5376,-38.4906],[-69.5375,-38.4906],[-69.5375,-38.4906],[-69.5375,-38.4906],[-69.5375,-38.4906],[-69.5375,-38.4906],[-69.5375,-38.4906],[-69.5375,-38.4906],[-69.5375,-38.4906],[-69.5375,-38.4906],[-69.5375,-38.4906],[-69.5375,-38.4906],[-69.5374,-38.4906],[-69.5374,-38.4906],[-69.5374,-38.4906],[-69.5374,-38.4906],[-69.5374,-38.4906],[-69.5374,-38.4906],[-69.5374,-38.4906],[-69.5374,-38.4906],[-69.5374,-38.4906],[-69.5374,-38.4906],[-69.5374,-38.4906],[-69.5373,-38.4906],[-69.5373,-38.4906],[-69.5373,-38.4906],[-69.5373,-38.4906],[-69.5373,-38.4906],[-69.5373,-38.4906],[-69.5373,-38.4906],[-69.5373,-38.4906],[-69.5373,-38.4906],[-69.5373,-38.4906],[-69.5373,-38.4906],[-69.5373,-38.4906],[-69.5372,-38.4906],[-69.5372,-38.4906],[-69.5372,-38.4906],[-69.5372,-38.4906],[-69.5372,-38.4906],[-69.5372,-38.4906],[-69.5372,-38.4906],[-69.5372,-38.4906],[-69.5372,-38.4906],[-69.5372,-38.4906],[-69.5372,-38.4906],[-69.5371,-38.4906],[-69.5371,-38.4906],[-69.5371,-38.4906],[-69.5371,-38.4906],[-69.5371,-38.4906],[-69.5371,-38.4906],[-69.5371,-38.4906],[-69.5371,-38.4906],[-69.5371,-38.4906],[-69.5371,-38.4906],[-69.5371,-38.4906],[-69.5371,-38.4907],[-69.537,-38.4907],[-69.537,-38.4907],[-69.537,-38.4907],[-69.537,-38.4907],[-69.537,-38.4907],[-69.537,-38.4907],[-69.537,-38.4907],[-69.537,-38.4907],[-69.537,-38.4907],[-69.537,-38.4907],[-69.537,-38.4907],[-69.5369,-38.4907],[-69.5369,-38.4907],[-69.5369,-38.4907],[-69.5369,-38.4907],[-69.5369,-38.4907],[-69.5369,-38.4907],[-69.5369,-38.4907],[-69.5369,-38.4907],[-69.5369,-38.4907],[-69.5369,-38.4907],[-69.5369,-38.4907],[-69.5369,-38.4907],[-69.5368,-38.4907],[-69.5368,-38.4907],[-69.5368,-38.4907],[-69.5368,-38.4907],[-69.5368,-38.4907],[-69.5368,-38.4907],[-69.5368,-38.4907],[-69.5368,-38.4907],[-69.5368,-38.4907],[-69.5368,-38.4907],[-69.5368,-38.4907],[-69.5368,-38.4907],[-69.5367,-38.4907],[-69.5367,-38.4907],[-69.5367,-38.4907],[-69.5367,-38.4907],[-69.5367,-38.4907],[-69.5367,-38.4907],[-69.5367,-38.4907],[-69.5367,-38.4907],[-69.5367,-38.4907],[-69.5367,-38.4907],[-69.5367,-38.4908],[-69.5366,-38.4908],[-69.5366,-38.4908],[-69.5366,-38.4908],[-69.5366,-38.4908],[-69.5366,-38.4908],[-69.5366,-38.4908],[-69.5366,-38.4908],[-69.5366,-38.4908],[-69.5366,-38.4908],[-69.5366,-38.4908],[-69.5366,-38.4908],[-69.5366,-38.4908],[-69.5365,-38.4908],[-69.5365,-38.4908],[-69.5365,-38.4908],[-69.5365,-38.4908],[-69.5365,-38.4908],[-69.5365,-38.4908],[-69.5365,-38.4908],[-69.5365,-38.4908],[-69.5365,-38.4908],[-69.5365,-38.4908],[-69.5365,-38.4908],[-69.5364,-38.4908],[-69.5364,-38.4908],[-69.5364,-38.4908],[-69.5364,-38.4908],[-69.5364,-38.4908],[-69.5364,-38.4907],[-69.5364,-38.4907],[-69.5364,-38.4907],[-69.5364,-38.4907],[-69.5364,-38.4907],[-69.5364,-38.4907],[-69.5363,-38.4907],[-69.5363,-38.4907],[-69.5363,-38.4907],[-69.5363,-38.4907],[-69.5363,-38.4907],[-69.5363,-38.4907],[-69.5363,-38.4907],[-69.5363,-38.4907],[-69.5363,-38.4907],[-69.5363,-38.4907],[-69.5363,-38.4907],[-69.5362,-38.4907],[-69.5362,-38.4907],[-69.5362,-38.4907],[-69.5362,-38.4907],[-69.5362,-38.4907],[-69.5362,-38.4907],[-69.5362,-38.4907],[-69.5362,-38.4907],[-69.5362,-38.4907],[-69.5362,-38.4907],[-69.5362,-38.4907],[-69.5361,-38.4907],[-69.5361,-38.4907],[-69.5361,-38.4907],[-69.5361,-38.4907],[-69.5361,-38.4907],[-69.5361,-38.4907],[-69.5361,-38.4907],[-69.5361,-38.4907],[-69.5361,-38.4907],[-69.5361,-38.4907],[-69.5361,-38.4907],[-69.536,-38.4907],[-69.536,-38.4907],[-69.536,-38.4907],[-69.536,-38.4907],[-69.536,-38.4907],[-69.536,-38.4907],[-69.536,-38.4907],[-69.536,-38.4907],[-69.536,-38.4907],[-69.536,-38.4907],[-69.536,-38.4907],[-69.536,-38.4907],[-69.5359,-38.4907],[-69.5359,-38.4907],[-69.5359,-38.4907],[-69.5359,-38.4907],[-69.5359,-38.4907],[-69.5359,-38.4907],[-69.5359,-38.4907],[-69.5359,-38.4907],[-69.5359,-38.4907],[-69.5359,-38.4907],[-69.5359,-38.4907],[-69.5358,-38.4907],[-69.5358,-38.4907],[-69.5358,-38.4907],[-69.5358,-38.4907],[-69.5358,-38.4907],[-69.5358,-38.4907],[-69.5358,-38.4907],[-69.5358,-38.4907],[-69.5358,-38.4907],[-69.5358,-38.4907],[-69.5358,-38.4907],[-69.5357,-38.4907],[-69.5357,-38.4907],[-69.5357,-38.4907],[-69.5357,-38.4907],[-69.5357,-38.4907],[-69.5357,-38.4907],[-69.5357,-38.4907],[-69.5357,-38.4907],[-69.5357,-38.4907],[-69.5357,-38.4907],[-69.5357,-38.4907],[-69.5356,-38.4907],[-69.5356,-38.4907],[-69.5356,-38.4907],[-69.5356,-38.4907],[-69.5356,-38.4907],[-69.5356,-38.4907],[-69.5356,-38.4907],[-69.5356,-38.4907],[-69.5356,-38.4907],[-69.5356,-38.4907],[-69.5356,-38.4907],[-69.5355,-38.4907],[-69.5355,-38.4907],[-69.5355,-38.4907],[-69.5355,-38.4907],[-69.5355,-38.4907],[-69.5355,-38.4907],[-69.5355,-38.4907],[-69.5355,-38.4907],[-69.5355,-38.4907],[-69.5355,-38.4907],[-69.5355,-38.4907],[-69.5355,-38.4907],[-69.5354,-38.4907],[-69.5354,-38.4907],[-69.5354,-38.4907],[-69.5354,-38.4907],[-69.5354,-38.4907],[-69.5354,-38.4907],[-69.5354,-38.4907],[-69.5354,-38.4907],[-69.5354,-38.4907],[-69.5354,-38.4907],[-69.5354,-38.4907],[-69.5353,-38.4907],[-69.5353,-38.4907],[-69.5353,-38.4907],[-69.5353,-38.4907],[-69.5353,-38.4907],[-69.5353,-38.4907],[-69.5353,-38.4907],[-69.5353,-38.4907],[-69.5353,-38.4907],[-69.5353,-38.4907],[-69.5353,-38.4907],[-69.5352,-38.4907],[-69.5352,-38.4907],[-69.5352,-38.4907],[-69.5352,-38.4907],[-69.5352,-38.4907],[-69.5352,-38.4907],[-69.5352,-38.4907],[-69.5352,-38.4907],[-69.5352,-38.4907],[-69.5352,-38.4907],[-69.5352,-38.4907],[-69.5351,-38.4907],[-69.5351,-38.4907],[-69.5351,-38.4907],[-69.5351,-38.4907],[-69.5351,-38.4907],[-69.5351,-38.4907],[-69.5351,-38.4907],[-69.5351,-38.4907],[-69.5351,-38.4907],[-69.5351,-38.4907],[-69.5351,-38.4907],[-69.535,-38.4907],[-69.535,-38.4907],[-69.535,-38.4907],[-69.535,-38.4907],[-69.535,-38.4907],[-69.535,-38.4907],[-69.535,-38.4907],[-69.535,-38.4907],[-69.535,-38.4907],[-69.535,-38.4907],[-69.535,-38.4907],[-69.5349,-38.4907],[-69.5349,-38.4907],[-69.5349,-38.4907],[-69.5349,-38.4907],[-69.5349,-38.4907],[-69.5349,-38.4907],[-69.5349,-38.4907],[-69.5349,-38.4907],[-69.5349,-38.4907],[-69.5349,-38.4907],[-69.5349,-38.4907],[-69.5349,-38.4907],[-69.5348,-38.4907],[-69.5348,-38.4907],[-69.5348,-38.4907],[-69.5348,-38.4906],[-69.5348,-38.4906],[-69.5348,-38.4906],[-69.5348,-38.4906],[-69.5348,-38.4906],[-69.5348,-38.4906],[-69.5348,-38.4906],[-69.5348,-38.4906],[-69.5348,-38.4906],[-69.5348,-38.4906],[-69.5347,-38.4906],[-69.5347,-38.4906],[-69.5347,-38.4906],[-69.5347,-38.4906],[-69.5347,-38.4906],[-69.5347,-38.4906],[-69.5347,-38.4906],[-69.5347,-38.4906],[-69.5347,-38.4906],[-69.5347,-38.4906],[-69.5347,-38.4906],[-69.5347,-38.4906],[-69.5347,-38.4906],[-69.5346,-38.4906],[-69.5346,-38.4905],[-69.5346,-38.4905],[-69.5346,-38.4905],[-69.5346,-38.4905],[-69.5346,-38.4905],[-69.5346,-38.4905],[-69.5346,-38.4905],[-69.5346,-38.4905],[-69.5346,-38.4905],[-69.5346,-38.4905],[-69.5346,-38.4905],[-69.5345,-38.4905],[-69.5345,-38.4905],[-69.5345,-38.4905],[-69.5345,-38.4905],[-69.5345,-38.4905],[-69.5345,-38.4905],[-69.5345,-38.4905],[-69.5345,-38.4905],[-69.5345,-38.4905],[-69.5345,-38.4905],[-69.5345,-38.4905],[-69.5345,-38.4905],[-69.5345,-38.4904],[-69.5344,-38.4904],[-69.5344,-38.4904],[-69.5344,-38.4904],[-69.5344,-38.4904],[-69.5344,-38.4904],[-69.5344,-38.4904],[-69.5344,-38.4904],[-69.5344,-38.4904],[-69.5344,-38.4904],[-69.5344,-38.4904],[-69.5344,-38.4904],[-69.5344,-38.4904],[-69.5344,-38.4904],[-69.5343,-38.4904],[-69.5343,-38.4904],[-69.5343,-38.4904],[-69.5343,-38.4904],[-69.5343,-38.4904],[-69.5343,-38.4904],[-69.5343,-38.4904],[-69.5343,-38.4904],[-69.5343,-38.4904],[-69.5343,-38.4904],[-69.5343,-38.4903],[-69.5343,-38.4903],[-69.5342,-38.4903],[-69.5342,-38.4903],[-69.5342,-38.4903],[-69.5342,-38.4903],[-69.5342,-38.4903],[-69.5342,-38.4903],[-69.5342,-38.4903],[-69.5342,-38.4903],[-69.5342,-38.4903],[-69.5342,-38.4903],[-69.5342,-38.4903],[-69.5342,-38.4903],[-69.5342,-38.4903],[-69.5341,-38.4903],[-69.5341,-38.4903],[-69.5341,-38.4903],[-69.5341,-38.4903],[-69.5341,-38.4903],[-69.5341,-38.4903],[-69.5341,-38.4903],[-69.5341,-38.4903],[-69.5341,-38.4903],[-69.5341,-38.4902],[-69.5341,-38.4902],[-69.5341,-38.4902],[-69.5341,-38.4902],[-69.534,-38.4902],[-69.534,-38.4902],[-69.534,-38.4902],[-69.534,-38.4902],[-69.534,-38.4902],[-69.534,-38.4902],[-69.534,-38.4902],[-69.534,-38.4902],[-69.534,-38.4902],[-69.534,-38.4902],[-69.534,-38.4902],[-69.534,-38.4902],[-69.534,-38.4902],[-69.5339,-38.4902],[-69.5339,-38.4902],[-69.5339,-38.4902],[-69.5339,-38.4902],[-69.5339,-38.4902],[-69.5339,-38.4902],[-69.5339,-38.4902],[-69.5339,-38.4902],[-69.5339,-38.4902],[-69.5339,-38.4902],[-69.5339,-38.4902],[-69.5338,-38.4902],[-69.5338,-38.4902],[-69.5338,-38.4902],[-69.5338,-38.4902],[-69.5338,-38.4902],[-69.5338,-38.4902],[-69.5338,-38.4902],[-69.5338,-38.4902],[-69.5338,-38.4902],[-69.5338,-38.4902],[-69.5338,-38.4902],[-69.5337,-38.4902],[-69.5337,-38.4902],[-69.5337,-38.4902],[-69.5337,-38.4902],[-69.5337,-38.4902],[-69.5337,-38.4902],[-69.5337,-38.4902],[-69.5337,-38.4902],[-69.5337,-38.4902],[-69.5337,-38.4902],[-69.5337,-38.4902],[-69.5337,-38.4902],[-69.5336,-38.4902],[-69.5336,-38.4902],[-69.5336,-38.4902],[-69.5336,-38.4902],[-69.5336,-38.4902],[-69.5336,-38.4902],[-69.5336,-38.4902],[-69.5336,-38.4902],[-69.5336,-38.4902],[-69.5336,-38.4902],[-69.5336,-38.4902],[-69.5335,-38.4902],[-69.5335,-38.4902],[-69.5335,-38.4902],[-69.5335,-38.4902],[-69.5335,-38.4902],[-69.5335,-38.4902],[-69.5335,-38.4902],[-69.5335,-38.4902],[-69.5335,-38.4902],[-69.5335,-38.4902],[-69.5335,-38.4902],[-69.5334,-38.4902],[-69.5334,-38.4902],[-69.5334,-38.4902],[-69.5334,-38.4902],[-69.5334,-38.4902],[-69.5334,-38.4902],[-69.5334,-38.4902],[-69.5334,-38.4902],[-69.5334,-38.4902],[-69.5334,-38.4902],[-69.5334,-38.4902],[-69.5333,-38.4902],[-69.5333,-38.4902],[-69.5333,-38.4902],[-69.5333,-38.4902],[-69.5333,-38.4902],[-69.5333,-38.4902],[-69.5333,-38.4902],[-69.5333,-38.4902],[-69.5333,-38.4902],[-69.5333,-38.4902],[-69.5333,-38.4902],[-69.5332,-38.4902],[-69.5332,-38.4902],[-69.5332,-38.4902],[-69.5332,-38.4902],[-69.5332,-38.4902],[-69.5332,-38.4902],[-69.5332,-38.4902],[-69.5332,-38.4902],[-69.5332,-38.4902],[-69.5332,-38.4902],[-69.5332,-38.4902],[-69.5331,-38.4902],[-69.5331,-38.4902],[-69.5331,-38.4902],[-69.5331,-38.4902],[-69.5331,-38.4902],[-69.5331,-38.4902],[-69.5331,-38.4902],[-69.5331,-38.4902],[-69.5331,-38.4902],[-69.5331,-38.4902],[-69.5331,-38.4902],[-69.533,-38.4902],[-69.533,-38.4902],[-69.533,-38.4902],[-69.533,-38.4902],[-69.533,-38.4902],[-69.533,-38.4902],[-69.533,-38.4902],[-69.533,-38.4902],[-69.533,-38.4902],[-69.533,-38.4902],[-69.533,-38.4902],[-69.533,-38.4902],[-69.5329,-38.4902],[-69.5329,-38.4902],[-69.5329,-38.4902],[-69.5329,-38.4902],[-69.5329,-38.4902],[-69.5329,-38.4902],[-69.5329,-38.4902],[-69.5329,-38.4902],[-69.5329,-38.4902],[-69.5329,-38.4902],[-69.5329,-38.4902],[-69.5328,-38.4902],[-69.5328,-38.4902],[-69.5328,-38.4902],[-69.5328,-38.4902],[-69.5328,-38.4902],[-69.5328,-38.4902],[-69.5328,-38.4902],[-69.5328,-38.4902],[-69.5328,-38.4902],[-69.5328,-38.4902],[-69.5328,-38.4902],[-69.5327,-38.4902],[-69.5327,-38.4902],[-69.5327,-38.4902],[-69.5327,-38.4902],[-69.5327,-38.4902],[-69.5327,-38.4902],[-69.5327,-38.4902],[-69.5327,-38.4902],[-69.5327,-38.4902],[-69.5327,-38.4902],[-69.5327,-38.4902],[-69.5326,-38.4902],[-69.5326,-38.4902],[-69.5326,-38.4902],[-69.5326,-38.4902],[-69.5326,-38.4902],[-69.5326,-38.4902],[-69.5326,-38.4902],[-69.5326,-38.4902],[-69.5326,-38.4902],[-69.5326,-38.4902],[-69.5326,-38.4902],[-69.5325,-38.4902],[-69.5325,-38.4902],[-69.5325,-38.4902],[-69.5325,-38.4902],[-69.5325,-38.4902],[-69.5325,-38.4902],[-69.5325,-38.4902],[-69.5325,-38.4902],[-69.5325,-38.4902],[-69.5325,-38.4902],[-69.5325,-38.4902],[-69.5324,-38.4902],[-69.5324,-38.4902],[-69.5324,-38.4902],[-69.5324,-38.4902],[-69.5324,-38.4902],[-69.5324,-38.4902],[-69.5324,-38.4902],[-69.5324,-38.4902],[-69.5324,-38.4902],[-69.5324,-38.4902],[-69.5324,-38.4902],[-69.5323,-38.4902],[-69.5323,-38.4902],[-69.5323,-38.4902],[-69.5323,-38.4902],[-69.5323,-38.4902],[-69.5323,-38.4902],[-69.5323,-38.4902],[-69.5323,-38.4902],[-69.5323,-38.4902],[-69.5323,-38.4902],[-69.5323,-38.4902],[-69.5323,-38.4902],[-69.5322,-38.4902],[-69.5322,-38.4902],[-69.5322,-38.4902],[-69.5322,-38.4902],[-69.5322,-38.4902],[-69.5322,-38.4902],[-69.5322,-38.4902],[-69.5322,-38.4902],[-69.5322,-38.4902],[-69.5322,-38.4902],[-69.5322,-38.4902],[-69.5321,-38.4902],[-69.5321,-38.4902],[-69.5321,-38.4902],[-69.5321,-38.4902],[-69.5321,-38.4902],[-69.5321,-38.4902],[-69.5321,-38.4902],[-69.5321,-38.4902],[-69.5321,-38.4902],[-69.5321,-38.4902],[-69.5321,-38.4902],[-69.532,-38.4902],[-69.532,-38.4902],[-69.532,-38.4902],[-69.532,-38.4902],[-69.532,-38.4902],[-69.532,-38.4902],[-69.532,-38.4902],[-69.532,-38.4902],[-69.532,-38.4902],[-69.532,-38.4902],[-69.532,-38.4902],[-69.5319,-38.4902],[-69.5319,-38.4902],[-69.5319,-38.4902],[-69.5319,-38.4902],[-69.5319,-38.4902],[-69.5319,-38.4902],[-69.5319,-38.4902],[-69.5319,-38.4902],[-69.5319,-38.4902],[-69.5319,-38.4902],[-69.5319,-38.4902],[-69.5318,-38.4902],[-69.5318,-38.4902],[-69.5318,-38.4902],[-69.5318,-38.4902],[-69.5318,-38.4902],[-69.5318,-38.4902],[-69.5318,-38.4902],[-69.5318,-38.4902],[-69.5318,-38.4902],[-69.5318,-38.4902],[-69.5318,-38.4902],[-69.5318,-38.4902],[-69.5317,-38.4902],[-69.5317,-38.4902],[-69.5317,-38.4902],[-69.5317,-38.4902],[-69.5317,-38.4902],[-69.5317,-38.4902],[-69.5317,-38.4902],[-69.5317,-38.4902],[-69.5317,-38.4902],[-69.5317,-38.4902],[-69.5317,-38.4902],[-69.5316,-38.4902],[-69.5316,-38.4902],[-69.5316,-38.4902],[-69.5316,-38.4902],[-69.5316,-38.4902],[-69.5316,-38.4902],[-69.5316,-38.4902],[-69.5316,-38.4902],[-69.5316,-38.4902],[-69.5316,-38.4902],[-69.5316,-38.4902],[-69.5315,-38.4902],[-69.5315,-38.4902],[-69.5315,-38.4902],[-69.5315,-38.4902],[-69.5315,-38.4902],[-69.5315,-38.4902],[-69.5315,-38.4902],[-69.5315,-38.4902],[-69.5315,-38.4902],[-69.5315,-38.4902],[-69.5315,-38.4902],[-69.5314,-38.4902],[-69.5314,-38.4902],[-69.5314,-38.4902],[-69.5314,-38.4902],[-69.5314,-38.4902],[-69.5314,-38.4902],[-69.5314,-38.4902],[-69.5314,-38.4902],[-69.5314,-38.4902],[-69.5314,-38.4902],[-69.5314,-38.4902],[-69.5314,-38.4902],[-69.5313,-38.4902],[-69.5313,-38.4902],[-69.5313,-38.4902],[-69.5313,-38.4902],[-69.5313,-38.4902],[-69.5313,-38.4902],[-69.5313,-38.4902],[-69.5313,-38.4902],[-69.5313,-38.4902],[-69.5313,-38.4902],[-69.5313,-38.4902],[-69.5312,-38.4902],[-69.5312,-38.4902],[-69.5312,-38.4902],[-69.5312,-38.4902],[-69.5312,-38.4902],[-69.5312,-38.4902],[-69.5312,-38.4902],[-69.5312,-38.4902],[-69.5312,-38.4902],[-69.5312,-38.4902],[-69.5312,-38.4902],[-69.5311,-38.4902],[-69.5311,-38.4902],[-69.5311,-38.4902],[-69.5311,-38.4902],[-69.5311,-38.4902],[-69.5311,-38.4902],[-69.5311,-38.4902],[-69.5311,-38.4903],[-69.5311,-38.4903],[-69.5311,-38.4903],[-69.5311,-38.4903],[-69.531,-38.4903],[-69.531,-38.4903],[-69.531,-38.4903],[-69.531,-38.4903],[-69.531,-38.4903],[-69.531,-38.4903],[-69.531,-38.4903],[-69.531,-38.4903],[-69.531,-38.4903],[-69.531,-38.4903],[-69.531,-38.4903],[-69.531,-38.4903],[-69.5309,-38.4903],[-69.5309,-38.4903],[-69.5309,-38.4903],[-69.5309,-38.4903],[-69.5309,-38.4903],[-69.5309,-38.4903],[-69.5309,-38.4903],[-69.5309,-38.4903],[-69.5309,-38.4903],[-69.5309,-38.4903],[-69.5309,-38.4903],[-69.5308,-38.4903],[-69.5308,-38.4903],[-69.5308,-38.4903],[-69.5308,-38.4903],[-69.5308,-38.4903],[-69.5308,-38.4903],[-69.5308,-38.4903],[-69.5308,-38.4903],[-69.5308,-38.4903],[-69.5308,-38.4903],[-69.5308,-38.4903],[-69.5307,-38.4903],[-69.5307,-38.4903],[-69.5307,-38.4903],[-69.5307,-38.4903],[-69.5307,-38.4903],[-69.5307,-38.4903],[-69.5307,-38.4903],[-69.5307,-38.4903],[-69.5307,-38.4903],[-69.5307,-38.4903],[-69.5307,-38.4903],[-69.5307,-38.4903],[-69.5306,-38.4903],[-69.5306,-38.4903],[-69.5306,-38.4903],[-69.5306,-38.4903],[-69.5306,-38.4903],[-69.5306,-38.4903],[-69.5306,-38.4903],[-69.5306,-38.4903],[-69.5306,-38.4903],[-69.5306,-38.4903],[-69.5306,-38.4903],[-69.5305,-38.4903],[-69.5305,-38.4903],[-69.5305,-38.4903],[-69.5305,-38.4903],[-69.5305,-38.4903],[-69.5305,-38.4903],[-69.5305,-38.4903],[-69.5305,-38.4903],[-69.5305,-38.4903],[-69.5305,-38.4903],[-69.5305,-38.4903],[-69.5304,-38.4903],[-69.5304,-38.4904],[-69.5304,-38.4904],[-69.5304,-38.4904],[-69.5304,-38.4904],[-69.5304,-38.4904],[-69.5304,-38.4904],[-69.5304,-38.4904],[-69.5304,-38.4904],[-69.5304,-38.4904],[-69.5304,-38.4904],[-69.5304,-38.4904],[-69.5303,-38.4904],[-69.5303,-38.4904],[-69.5303,-38.4904],[-69.5303,-38.4904],[-69.5303,-38.4904],[-69.5303,-38.4904],[-69.5303,-38.4904],[-69.5303,-38.4904],[-69.5303,-38.4904],[-69.5303,-38.4904],[-69.5303,-38.4904],[-69.5302,-38.4904],[-69.5302,-38.4904],[-69.5302,-38.4904],[-69.5302,-38.4904],[-69.5302,-38.4904],[-69.5302,-38.4904],[-69.5302,-38.4904],[-69.5302,-38.4904],[-69.5302,-38.4904],[-69.5302,-38.4904],[-69.5302,-38.4904],[-69.5301,-38.4904],[-69.5301,-38.4904],[-69.5301,-38.4904],[-69.5301,-38.4904],[-69.5301,-38.4904],[-69.5301,-38.4904],[-69.5301,-38.4904],[-69.5301,-38.4904],[-69.5301,-38.4904],[-69.5301,-38.4904],[-69.5301,-38.4904],[-69.5301,-38.4904],[-69.53,-38.4904],[-69.53,-38.4904],[-69.53,-38.4904],[-69.53,-38.4904],[-69.53,-38.4904],[-69.53,-38.4904],[-69.53,-38.4904],[-69.53,-38.4904],[-69.53,-38.4904],[-69.53,-38.4904],[-69.53,-38.4904],[-69.5299,-38.4904],[-69.5299,-38.4904],[-69.5299,-38.4904],[-69.5299,-38.4904],[-69.5299,-38.4904],[-69.5299,-38.4904],[-69.5299,-38.4904],[-69.5299,-38.4904],[-69.5299,-38.4904],[-69.5299,-38.4904],[-69.5299,-38.4904],[-69.5298,-38.4904],[-69.5298,-38.4904],[-69.5298,-38.4904],[-69.5298,-38.4904],[-69.5298,-38.4904],[-69.5298,-38.4904],[-69.5298,-38.4904],[-69.5298,-38.4904],[-69.5298,-38.4904],[-69.5298,-38.4904],[-69.5298,-38.4905],[-69.5297,-38.4905],[-69.5297,-38.4905],[-69.5297,-38.4905],[-69.5297,-38.4905],[-69.5297,-38.4905],[-69.5297,-38.4905],[-69.5297,-38.4905],[-69.5297,-38.4905],[-69.5297,-38.4905],[-69.5297,-38.4905],[-69.5297,-38.4905],[-69.5297,-38.4905],[-69.5296,-38.4905],[-69.5296,-38.4905],[-69.5296,-38.4905],[-69.5296,-38.4905],[-69.5296,-38.4905],[-69.5296,-38.4905],[-69.5296,-38.4905],[-69.5296,-38.4905],[-69.5296,-38.4905],[-69.5296,-38.4905],[-69.5296,-38.4905],[-69.5295,-38.4905],[-69.5295,-38.4905],[-69.5295,-38.4905],[-69.5295,-38.4905],[-69.5295,-38.4905],[-69.5295,-38.4905],[-69.5295,-38.4905],[-69.5295,-38.4905],[-69.5295,-38.4905],[-69.5295,-38.4905],[-69.5295,-38.4905],[-69.5294,-38.4905],[-69.5294,-38.4905],[-69.5294,-38.4905],[-69.5294,-38.4905],[-69.5294,-38.4905],[-69.5294,-38.4905],[-69.5294,-38.4905],[-69.5294,-38.4905],[-69.5294,-38.4905],[-69.5294,-38.4905],[-69.5294,-38.4905],[-69.5293,-38.4905],[-69.5293,-38.4905],[-69.5293,-38.4905],[-69.5293,-38.4905],[-69.5293,-38.4905],[-69.5293,-38.4905],[-69.5293,-38.4905],[-69.5293,-38.4905],[-69.5293,-38.4905],[-69.5293,-38.4905],[-69.5293,-38.4905],[-69.5293,-38.4905],[-69.5292,-38.4905],[-69.5292,-38.4905],[-69.5292,-38.4905],[-69.5292,-38.4905],[-69.5292,-38.4905],[-69.5292,-38.4905],[-69.5292,-38.4905],[-69.5292,-38.4905],[-69.5292,-38.4905],[-69.5292,-38.4905],[-69.5292,-38.4905],[-69.5291,-38.4905],[-69.5291,-38.4905],[-69.5291,-38.4905],[-69.5291,-38.4905],[-69.5291,-38.4905],[-69.5291,-38.4905],[-69.5291,-38.4905],[-69.5291,-38.4905],[-69.5291,-38.4905],[-69.5291,-38.4905],[-69.5291,-38.4905],[-69.529,-38.4905],[-69.529,-38.4905],[-69.529,-38.4905],[-69.529,-38.4905],[-69.529,-38.4905],[-69.529,-38.4905],[-69.529,-38.4905],[-69.529,-38.4906],[-69.529,-38.4906],[-69.529,-38.4906],[-69.529,-38.4906],[-69.529,-38.4906],[-69.5289,-38.4906],[-69.5289,-38.4906],[-69.5289,-38.4906],[-69.5289,-38.4906],[-69.5289,-38.4906],[-69.5289,-38.4906],[-69.5289,-38.4906],[-69.5289,-38.4906],[-69.5289,-38.4906],[-69.5289,-38.4906],[-69.5289,-38.4906],[-69.5288,-38.4906],[-69.5288,-38.4906],[-69.5288,-38.4906],[-69.5288,-38.4906],[-69.5288,-38.4906],[-69.5288,-38.4906],[-69.5288,-38.4906],[-69.5288,-38.4906],[-69.5288,-38.4906],[-69.5288,-38.4906],[-69.5288,-38.4906],[-69.5287,-38.4906],[-69.5287,-38.4906],[-69.5287,-38.4906],[-69.5287,-38.4906],[-69.5287,-38.4906],[-69.5287,-38.4906],[-69.5287,-38.4906],[-69.5287,-38.4906],[-69.5287,-38.4906],[-69.5287,-38.4906],[-69.5287,-38.4906],[-69.5286,-38.4906],[-69.5286,-38.4906],[-69.5286,-38.4906],[-69.5286,-38.4906],[-69.5286,-38.4906],[-69.5286,-38.4906],[-69.5286,-38.4906],[-69.5286,-38.4906],[-69.5286,-38.4906],[-69.5286,-38.4906],[-69.5286,-38.4906],[-69.5286,-38.4906],[-69.5285,-38.4906],[-69.5285,-38.4906],[-69.5285,-38.4906],[-69.5285,-38.4906],[-69.5285,-38.4906],[-69.5285,-38.4906],[-69.5285,-38.4906],[-69.5285,-38.4906],[-69.5285,-38.4906],[-69.5285,-38.4906],[-69.5285,-38.4906],[-69.5284,-38.4906],[-69.5284,-38.4906],[-69.5284,-38.4906],[-69.5284,-38.4906],[-69.5284,-38.4906],[-69.5284,-38.4906],[-69.5284,-38.4906],[-69.5284,-38.4906],[-69.5284,-38.4906],[-69.5284,-38.4906],[-69.5284,-38.4907],[-69.5284,-38.4907],[-69.5283,-38.4907],[-69.5283,-38.4907],[-69.5283,-38.4907],[-69.5283,-38.4907],[-69.5283,-38.4907],[-69.5283,-38.4907],[-69.5283,-38.4907],[-69.5283,-38.4907],[-69.5283,-38.4907],[-69.5283,-38.4907],[-69.5283,-38.4907],[-69.5282,-38.4907],[-69.5282,-38.4907],[-69.5282,-38.4907],[-69.5282,-38.4907],[-69.5282,-38.4907],[-69.5282,-38.4907],[-69.5282,-38.4907],[-69.5282,-38.4907],[-69.5282,-38.4907],[-69.5282,-38.4907],[-69.5282,-38.4907],[-69.5282,-38.4907],[-69.5281,-38.4907],[-69.5281,-38.4907],[-69.5281,-38.4907],[-69.5281,-38.4907],[-69.5281,-38.4907],[-69.5281,-38.4907],[-69.5281,-38.4907],[-69.5281,-38.4907],[-69.5281,-38.4907],[-69.5281,-38.4907],[-69.5281,-38.4907],[-69.528,-38.4907],[-69.528,-38.4907],[-69.528,-38.4907],[-69.528,-38.4907],[-69.528,-38.4907],[-69.528,-38.4907],[-69.528,-38.4907],[-69.528,-38.4907],[-69.528,-38.4907],[-69.528,-38.4907],[-69.528,-38.4908],[-69.528,-38.4908],[-69.5279,-38.4908],[-69.5279,-38.4908],[-69.5279,-38.4908],[-69.5279,-38.4908],[-69.5279,-38.4908],[-69.5279,-38.4908],[-69.5279,-38.4908],[-69.5279,-38.4908],[-69.5279,-38.4908],[-69.5279,-38.4908],[-69.5279,-38.4908],[-69.5278,-38.4908],[-69.5278,-38.4908],[-69.5278,-38.4908],[-69.5278,-38.4908],[-69.5278,-38.4908],[-69.5278,-38.4908],[-69.5278,-38.4908],[-69.5278,-38.4908],[-69.5278,-38.4908],[-69.5278,-38.4908],[-69.5278,-38.4908],[-69.5278,-38.4908],[-69.5277,-38.4908],[-69.5277,-38.4908],[-69.5277,-38.4908],[-69.5277,-38.4908],[-69.5277,-38.4908],[-69.5277,-38.4908],[-69.5277,-38.4908],[-69.5277,-38.4908],[-69.5277,-38.4908],[-69.5277,-38.4908],[-69.5277,-38.4908],[-69.5276,-38.4908],[-69.5276,-38.4908],[-69.5276,-38.4908],[-69.5276,-38.4908],[-69.5276,-38.4908],[-69.5276,-38.4908],[-69.5276,-38.4908],[-69.5276,-38.4908],[-69.5276,-38.4908],[-69.5276,-38.4908],[-69.5276,-38.4909],[-69.5276,-38.4909],[-69.5275,-38.4909],[-69.5275,-38.4909],[-69.5275,-38.4909],[-69.5275,-38.4909],[-69.5275,-38.4909],[-69.5275,-38.4909],[-69.5275,-38.4909],[-69.5275,-38.4909],[-69.5275,-38.4909],[-69.5275,-38.4909],[-69.5275,-38.4909],[-69.5274,-38.4909],[-69.5274,-38.4909],[-69.5274,-38.4909],[-69.5274,-38.4909],[-69.5274,-38.4909],[-69.5274,-38.4909],[-69.5274,-38.4909],[-69.5274,-38.4909],[-69.5274,-38.4909],[-69.5274,-38.4909],[-69.5274,-38.4909],[-69.5274,-38.4909],[-69.5273,-38.4909],[-69.5273,-38.4909],[-69.5273,-38.4909],[-69.5273,-38.4909],[-69.5273,-38.4909],[-69.5273,-38.4909],[-69.5273,-38.4909],[-69.5273,-38.4909],[-69.5273,-38.4909],[-69.5273,-38.4909],[-69.5273,-38.4909],[-69.5272,-38.4909],[-69.5272,-38.4909],[-69.5272,-38.4909],[-69.5272,-38.4909],[-69.5272,-38.4909],[-69.5272,-38.4909],[-69.5272,-38.4909],[-69.5272,-38.4909],[-69.5272,-38.4909],[-69.5272,-38.4909],[-69.5272,-38.491],[-69.5272,-38.491],[-69.5271,-38.491],[-69.5271,-38.491],[-69.5271,-38.491],[-69.5271,-38.491],[-69.5271,-38.491],[-69.5271,-38.491],[-69.5271,-38.491],[-69.5271,-38.491],[-69.5271,-38.491],[-69.5271,-38.491],[-69.5271,-38.491],[-69.527,-38.491],[-69.527,-38.491],[-69.527,-38.491],[-69.527,-38.491],[-69.527,-38.491],[-69.527,-38.491],[-69.527,-38.491],[-69.527,-38.491],[-69.527,-38.491],[-69.527,-38.491],[-69.527,-38.491],[-69.527,-38.491],[-69.5269,-38.491],[-69.5269,-38.491],[-69.5269,-38.491],[-69.5269,-38.491],[-69.5269,-38.491],[-69.5269,-38.491],[-69.5269,-38.491],[-69.5269,-38.491],[-69.5269,-38.491],[-69.5269,-38.491],[-69.5269,-38.491],[-69.5268,-38.491],[-69.5268,-38.491],[-69.5268,-38.491],[-69.5268,-38.491],[-69.5268,-38.491],[-69.5268,-38.491],[-69.5268,-38.491],[-69.5268,-38.491],[-69.5268,-38.491],[-69.5268,-38.491],[-69.5268,-38.4911],[-69.5268,-38.4911],[-69.5267,-38.4911],[-69.5267,-38.4911],[-69.5267,-38.4911],[-69.5267,-38.4911],[-69.5267,-38.4911],[-69.5267,-38.4911],[-69.5267,-38.4911],[-69.5267,-38.4911],[-69.5267,-38.4911],[-69.5267,-38.4911],[-69.5267,-38.4911],[-69.5266,-38.4911],[-69.5266,-38.4911],[-69.5266,-38.4911],[-69.5266,-38.4911],[-69.5266,-38.4911],[-69.5266,-38.4911],[-69.5266,-38.4911],[-69.5266,-38.4911],[-69.5266,-38.4911],[-69.5266,-38.4911],[-69.5266,-38.4911],[-69.5266,-38.4911],[-69.5265,-38.4911],[-69.5265,-38.4911],[-69.5265,-38.4911],[-69.5265,-38.4911],[-69.5265,-38.4911],[-69.5265,-38.4911],[-69.5265,-38.4911],[-69.5265,-38.4911],[-69.5265,-38.4911],[-69.5265,-38.4911],[-69.5265,-38.4911],[-69.5265,-38.4911],[-69.5264,-38.4912],[-69.5264,-38.4912],[-69.5264,-38.4912],[-69.5264,-38.4912],[-69.5264,-38.4912],[-69.5264,-38.4912],[-69.5264,-38.4912],[-69.5264,-38.4912],[-69.5264,-38.4912],[-69.5264,-38.4912],[-69.5264,-38.4912],[-69.5264,-38.4912],[-69.5263,-38.4912],[-69.5263,-38.4912],[-69.5263,-38.4912],[-69.5263,-38.4912],[-69.5263,-38.4912],[-69.5263,-38.4912],[-69.5263,-38.4912],[-69.5263,-38.4912],[-69.5263,-38.4912],[-69.5263,-38.4912],[-69.5263,-38.4912],[-69.5263,-38.4912],[-69.5262,-38.4912],[-69.5262,-38.4912],[-69.5262,-38.4912],[-69.5262,-38.4912],[-69.5262,-38.4912],[-69.5262,-38.4912],[-69.5262,-38.4913],[-69.5262,-38.4913],[-69.5262,-38.4913],[-69.5262,-38.4913],[-69.5262,-38.4913],[-69.5262,-38.4913],[-69.5261,-38.4913],[-69.5261,-38.4913],[-69.5261,-38.4913],[-69.5261,-38.4913],[-69.5261,-38.4913],[-69.5261,-38.4913],[-69.5261,-38.4913],[-69.5261,-38.4913],[-69.5261,-38.4913],[-69.5261,-38.4913],[-69.5261,-38.4913],[-69.5261,-38.4913],[-69.526,-38.4913],[-69.526,-38.4913],[-69.526,-38.4913],[-69.526,-38.4913],[-69.526,-38.4913],[-69.526,-38.4913],[-69.526,-38.4913],[-69.526,-38.4913],[-69.526,-38.4913],[-69.526,-38.4913],[-69.526,-38.4913],[-69.526,-38.4913],[-69.5259,-38.4914],[-69.5259,-38.4914],[-69.5259,-38.4914],[-69.5259,-38.4914],[-69.5259,-38.4914],[-69.5259,-38.4914],[-69.5259,-38.4914],[-69.5259,-38.4914],[-69.5259,-38.4914],[-69.5259,-38.4914],[-69.5259,-38.4914],[-69.5259,-38.4914],[-69.5258,-38.4914],[-69.5258,-38.4914],[-69.5258,-38.4914],[-69.5258,-38.4914],[-69.5258,-38.4914],[-69.5258,-38.4914],[-69.5258,-38.4914],[-69.5258,-38.4914],[-69.5258,-38.4914],[-69.5258,-38.4914],[-69.5258,-38.4914],[-69.5258,-38.4914],[-69.5257,-38.4914],[-69.5257,-38.4914],[-69.5257,-38.4914],[-69.5257,-38.4914],[-69.5257,-38.4914],[-69.5257,-38.4914],[-69.5257,-38.4915],[-69.5257,-38.4915],[-69.5257,-38.4915],[-69.5257,-38.4915],[-69.5257,-38.4915],[-69.5257,-38.4915],[-69.5256,-38.4915],[-69.5256,-38.4915],[-69.5256,-38.4915],[-69.5256,-38.4915],[-69.5256,-38.4915],[-69.5256,-38.4915],[-69.5256,-38.4915],[-69.5256,-38.4915],[-69.5256,-38.4915],[-69.5256,-38.4915],[-69.5256,-38.4915],[-69.5256,-38.4915],[-69.5255,-38.4915],[-69.5255,-38.4915],[-69.5255,-38.4915],[-69.5255,-38.4915],[-69.5255,-38.4915],[-69.5255,-38.4915],[-69.5255,-38.4915],[-69.5255,-38.4915],[-69.5255,-38.4915],[-69.5255,-38.4915],[-69.5255,-38.4915],[-69.5255,-38.4915],[-69.5254,-38.4916],[-69.5254,-38.4916],[-69.5254,-38.4916],[-69.5254,-38.4916],[-69.5254,-38.4916],[-69.5254,-38.4916],[-69.5254,-38.4916],[-69.5254,-38.4916],[-69.5254,-38.4916],[-69.5254,-38.4916],[-69.5254,-38.4916],[-69.5254,-38.4916],[-69.5253,-38.4916],[-69.5253,-38.4916],[-69.5253,-38.4916],[-69.5253,-38.4916],[-69.5253,-38.4916],[-69.5253,-38.4916],[-69.5253,-38.4916],[-69.5253,-38.4916],[-69.5253,-38.4916],[-69.5253,-38.4916],[-69.5253,-38.4916],[-69.5253,-38.4916],[-69.5252,-38.4916],[-69.5252,-38.4916],[-69.5252,-38.4916],[-69.5252,-38.4916],[-69.5252,-38.4916],[-69.5252,-38.4916],[-69.5252,-38.4917],[-69.5252,-38.4917],[-69.5252,-38.4917],[-69.5252,-38.4917],[-69.5252,-38.4917],[-69.5252,-38.4917],[-69.5251,-38.4917],[-69.5251,-38.4917],[-69.5251,-38.4917],[-69.5251,-38.4917],[-69.5251,-38.4917],[-69.5251,-38.4917],[-69.5251,-38.4917],[-69.5251,-38.4917],[-69.5251,-38.4917],[-69.5251,-38.4917],[-69.5251,-38.4917],[-69.5251,-38.4917],[-69.525,-38.4917],[-69.525,-38.4917],[-69.525,-38.4917],[-69.525,-38.4917],[-69.525,-38.4917],[-69.525,-38.4917],[-69.525,-38.4917],[-69.525,-38.4917],[-69.525,-38.4917],[-69.525,-38.4917],[-69.525,-38.4917],[-69.525,-38.4917],[-69.5249,-38.4918],[-69.5249,-38.4918],[-69.5249,-38.4918],[-69.5249,-38.4918],[-69.5249,-38.4918],[-69.5249,-38.4918],[-69.5249,-38.4918],[-69.5249,-38.4918],[-69.5249,-38.4918],[-69.5249,-38.4918],[-69.5249,-38.4918],[-69.5249,-38.4918],[-69.5248,-38.4918],[-69.5248,-38.4918],[-69.5248,-38.4918],[-69.5248,-38.4918],[-69.5248,-38.4918],[-69.5248,-38.4918],[-69.5248,-38.4918],[-69.5248,-38.4918],[-69.5248,-38.4918],[-69.5248,-38.4918],[-69.5248,-38.4918],[-69.5248,-38.4918],[-69.5247,-38.4918],[-69.5247,-38.4918],[-69.5247,-38.4918],[-69.5247,-38.4918],[-69.5247,-38.4918],[-69.5247,-38.4918],[-69.5247,-38.4919],[-69.5247,-38.4919],[-69.5247,-38.4919],[-69.5247,-38.4919],[-69.5247,-38.4919],[-69.5247,-38.4919],[-69.5246,-38.4919],[-69.5246,-38.4919],[-69.5246,-38.4919],[-69.5246,-38.4919],[-69.5246,-38.4919],[-69.5246,-38.4919],[-69.5246,-38.4919],[-69.5246,-38.4919],[-69.5246,-38.4919],[-69.5246,-38.4919],[-69.5246,-38.492],[-69.5246,-38.492],[-69.5246,-38.492],[-69.5246,-38.492],[-69.5246,-38.492],[-69.5246,-38.492],[-69.5246,-38.492],[-69.5246,-38.492],[-69.5246,-38.492],[-69.5246,-38.492],[-69.5246,-38.492],[-69.5246,-38.492],[-69.5246,-38.4921],[-69.5246,-38.4921],[-69.5246,-38.4921],[-69.5246,-38.4921],[-69.5246,-38.4921],[-69.5246,-38.4921],[-69.5246,-38.4921],[-69.5246,-38.4921],[-69.5246,-38.4921],[-69.5246,-38.4921],[-69.5245,-38.4921],[-69.5245,-38.4921],[-69.5245,-38.4922],[-69.5245,-38.4922],[-69.5245,-38.4922],[-69.5245,-38.4922],[-69.5245,-38.4922],[-69.5245,-38.4922],[-69.5245,-38.4922],[-69.5245,-38.4922],[-69.5245,-38.4922],[-69.5245,-38.4922],[-69.5245,-38.4922],[-69.5245,-38.4922],[-69.5245,-38.4922],[-69.5245,-38.4923],[-69.5245,-38.4923],[-69.5245,-38.4923],[-69.5245,-38.4923],[-69.5245,-38.4923],[-69.5245,-38.4923],[-69.5245,-38.4923],[-69.5244,-38.4923],[-69.5244,-38.4923],[-69.5244,-38.4923],[-69.5244,-38.4923],[-69.5244,-38.4923],[-69.5244,-38.4923],[-69.5244,-38.4923],[-69.5244,-38.4924],[-69.5244,-38.4924],[-69.5244,-38.4924],[-69.5244,-38.4924],[-69.5244,-38.4924],[-69.5244,-38.4924],[-69.5244,-38.4924],[-69.5244,-38.4924],[-69.5244,-38.4924],[-69.5244,-38.4924],[-69.5244,-38.4924],[-69.5243,-38.4924],[-69.5243,-38.4924],[-69.5243,-38.4924],[-69.5243,-38.4925],[-69.5243,-38.4925],[-69.5243,-38.4925],[-69.5243,-38.4925],[-69.5243,-38.4925],[-69.5243,-38.4925],[-69.5243,-38.4925],[-69.5243,-38.4925],[-69.5243,-38.4925],[-69.5243,-38.4925],[-69.5243,-38.4925],[-69.5243,-38.4925],[-69.5243,-38.4925],[-69.5243,-38.4925],[-69.5243,-38.4925],[-69.5243,-38.4926],[-69.5242,-38.4926],[-69.5242,-38.4926],[-69.5242,-38.4926],[-69.5242,-38.4926],[-69.5242,-38.4926],[-69.5242,-38.4926],[-69.5242,-38.4926],[-69.5242,-38.4926],[-69.5242,-38.4926],[-69.5242,-38.4926],[-69.5242,-38.4926],[-69.5242,-38.4926],[-69.5242,-38.4926],[-69.5242,-38.4927],[-69.5242,-38.4927],[-69.5242,-38.4927],[-69.5242,-38.4927],[-69.5242,-38.4927],[-69.5241,-38.4927],[-69.5241,-38.4927],[-69.5241,-38.4927],[-69.5241,-38.4927],[-69.5241,-38.4927],[-69.5241,-38.4927],[-69.5241,-38.4927],[-69.5241,-38.4927],[-69.5241,-38.4927],[-69.5241,-38.4928],[-69.5241,-38.4928],[-69.5241,-38.4928],[-69.5241,-38.4928],[-69.5241,-38.4928],[-69.5241,-38.4928],[-69.5241,-38.4928],[-69.5241,-38.4928],[-69.5241,-38.4928],[-69.524,-38.4928],[-69.524,-38.4928],[-69.524,-38.4928],[-69.524,-38.4928],[-69.524,-38.4928],[-69.524,-38.4928],[-69.524,-38.4929],[-69.524,-38.4929],[-69.524,-38.4929],[-69.524,-38.4929],[-69.524,-38.4929],[-69.524,-38.4929],[-69.524,-38.4929],[-69.524,-38.4929],[-69.524,-38.4929],[-69.5239,-38.4929],[-69.5239,-38.4929],[-69.5239,-38.4929],[-69.5239,-38.4929],[-69.5239,-38.4929],[-69.5239,-38.4929],[-69.5239,-38.4929],[-69.5239,-38.4929],[-69.5239,-38.4929],[-69.5239,-38.493],[-69.5239,-38.493],[-69.5239,-38.493],[-69.5239,-38.493],[-69.5239,-38.493],[-69.5238,-38.493],[-69.5238,-38.493],[-69.5238,-38.493],[-69.5238,-38.493],[-69.5238,-38.493],[-69.5238,-38.493],[-69.5238,-38.493],[-69.5238,-38.493],[-69.5238,-38.493],[-69.5238,-38.493],[-69.5238,-38.493],[-69.5238,-38.493],[-69.5238,-38.493],[-69.5238,-38.4931],[-69.5238,-38.4931],[-69.5237,-38.4931],[-69.5237,-38.4931],[-69.5237,-38.4931],[-69.5237,-38.4931],[-69.5237,-38.4931],[-69.5237,-38.4931],[-69.5237,-38.4931],[-69.5237,-38.4931],[-69.5237,-38.4931],[-69.5237,-38.4931],[-69.5237,-38.4931],[-69.5237,-38.4931],[-69.5237,-38.4931],[-69.5237,-38.4931],[-69.5236,-38.4931],[-69.5236,-38.4931],[-69.5236,-38.4932],[-69.5236,-38.4932],[-69.5236,-38.4932],[-69.5236,-38.4932],[-69.5236,-38.4932],[-69.5236,-38.4932],[-69.5236,-38.4932],[-69.5236,-38.4932],[-69.5236,-38.4932],[-69.5236,-38.4932],[-69.5236,-38.4932],[-69.5236,-38.4932],[-69.5235,-38.4932],[-69.5235,-38.4932],[-69.5235,-38.4932],[-69.5235,-38.4932],[-69.5235,-38.4932],[-69.5235,-38.4932],[-69.5235,-38.4933],[-69.5235,-38.4933],[-69.5235,-38.4933],[-69.5235,-38.4933],[-69.5235,-38.4933],[-69.5235,-38.4933],[-69.5235,-38.4933],[-69.5235,-38.4933],[-69.5235,-38.4933],[-69.5234,-38.4933],[-69.5234,-38.4933],[-69.5234,-38.4933],[-69.5234,-38.4933],[-69.5234,-38.4933],[-69.5234,-38.4933],[-69.5234,-38.4933],[-69.5234,-38.4933],[-69.5234,-38.4933],[-69.5234,-38.4934],[-69.5234,-38.4934],[-69.5234,-38.4934],[-69.5234,-38.4934],[-69.5234,-38.4934],[-69.5233,-38.4934],[-69.5233,-38.4934],[-69.5233,-38.4934],[-69.5233,-38.4934],[-69.5233,-38.4934],[-69.5233,-38.4934],[-69.5233,-38.4934],[-69.5233,-38.4934],[-69.5233,-38.4934],[-69.5233,-38.4934],[-69.5233,-38.4934],[-69.5233,-38.4934],[-69.5233,-38.4934],[-69.5233,-38.4935],[-69.5232,-38.4935],[-69.5232,-38.4935],[-69.5232,-38.4935],[-69.5232,-38.4935],[-69.5232,-38.4935],[-69.5232,-38.4935],[-69.5232,-38.4935],[-69.5232,-38.4935],[-69.5232,-38.4935],[-69.5232,-38.4935],[-69.5232,-38.4935],[-69.5232,-38.4935],[-69.5232,-38.4935],[-69.5232,-38.4935],[-69.5231,-38.4935],[-69.5231,-38.4935],[-69.5231,-38.4935],[-69.5231,-38.4936],[-69.5231,-38.4936],[-69.5231,-38.4936],[-69.5231,-38.4936],[-69.5231,-38.4936],[-69.5231,-38.4936],[-69.5231,-38.4936],[-69.5231,-38.4936],[-69.5231,-38.4936],[-69.5231,-38.4936],[-69.523,-38.4936],[-69.523,-38.4936],[-69.523,-38.4936],[-69.523,-38.4936],[-69.523,-38.4936],[-69.523,-38.4936],[-69.523,-38.4936],[-69.523,-38.4936],[-69.523,-38.4936],[-69.523,-38.4936],[-69.523,-38.4936],[-69.523,-38.4936],[-69.523,-38.4936],[-69.5229,-38.4937],[-69.5229,-38.4937],[-69.5229,-38.4937],[-69.5229,-38.4937],[-69.5229,-38.4937],[-69.5229,-38.4937],[-69.5229,-38.4937],[-69.5229,-38.4937],[-69.5229,-38.4937],[-69.5229,-38.4937],[-69.5229,-38.4937],[-69.5229,-38.4937],[-69.5228,-38.4937],[-69.5228,-38.4937],[-69.5228,-38.4937],[-69.5228,-38.4937],[-69.5228,-38.4937],[-69.5228,-38.4937],[-69.5228,-38.4937],[-69.5228,-38.4937],[-69.5228,-38.4937],[-69.5228,-38.4937],[-69.5228,-38.4937],[-69.5228,-38.4938],[-69.5228,-38.4938],[-69.5227,-38.4938],[-69.5227,-38.4938],[-69.5227,-38.4938],[-69.5227,-38.4938],[-69.5227,-38.4938],[-69.5227,-38.4938],[-69.5227,-38.4938],[-69.5227,-38.4938],[-69.5227,-38.4938],[-69.5227,-38.4938],[-69.5227,-38.4938],[-69.5227,-38.4938],[-69.5227,-38.4938],[-69.5226,-38.4938],[-69.5226,-38.4938],[-69.5226,-38.4938],[-69.5226,-38.4938],[-69.5226,-38.4938],[-69.5226,-38.4938],[-69.5226,-38.4938],[-69.5226,-38.4938],[-69.5226,-38.4939],[-69.5226,-38.4939],[-69.5226,-38.4939],[-69.5226,-38.4939],[-69.5226,-38.4939],[-69.5225,-38.4939],[-69.5225,-38.4939],[-69.5225,-38.4939],[-69.5225,-38.4939],[-69.5225,-38.4939],[-69.5225,-38.4939],[-69.5225,-38.4939],[-69.5225,-38.4939],[-69.5225,-38.4939],[-69.5225,-38.4939],[-69.5225,-38.4939],[-69.5225,-38.4939],[-69.5224,-38.4939],[-69.5224,-38.4939],[-69.5224,-38.4939],[-69.5224,-38.4939],[-69.5224,-38.4939],[-69.5224,-38.4939],[-69.5224,-38.494],[-69.5224,-38.494],[-69.5224,-38.494],[-69.5224,-38.494],[-69.5224,-38.494],[-69.5224,-38.494],[-69.5224,-38.494],[-69.5223,-38.494],[-69.5223,-38.494],[-69.5223,-38.494],[-69.5223,-38.494],[-69.5223,-38.494],[-69.5223,-38.494],[-69.5223,-38.494],[-69.5223,-38.494],[-69.5223,-38.494],[-69.5223,-38.494],[-69.5223,-38.494],[-69.5222,-38.494],[-69.5222,-38.494],[-69.5222,-38.494],[-69.5222,-38.494],[-69.5222,-38.494],[-69.5222,-38.494],[-69.5222,-38.494],[-69.5222,-38.494],[-69.5222,-38.494],[-69.5222,-38.494],[-69.5222,-38.494],[-69.5221,-38.494],[-69.5221,-38.494],[-69.5221,-38.494],[-69.5221,-38.494],[-69.5221,-38.494],[-69.5221,-38.494],[-69.5221,-38.494],[-69.5221,-38.494],[-69.5221,-38.494],[-69.5221,-38.494],[-69.5221,-38.494],[-69.522,-38.494],[-69.522,-38.494],[-69.522,-38.494],[-69.522,-38.494],[-69.522,-38.494],[-69.522,-38.494],[-69.522,-38.494],[-69.522,-38.494],[-69.522,-38.494],[-69.522,-38.494],[-69.522,-38.494],[-69.5219,-38.494],[-69.5219,-38.494],[-69.5219,-38.494],[-69.5219,-38.494],[-69.5219,-38.494],[-69.5219,-38.494],[-69.5219,-38.494],[-69.5219,-38.494],[-69.5219,-38.494],[-69.5219,-38.494],[-69.5219,-38.494],[-69.5219,-38.494],[-69.5218,-38.494],[-69.5218,-38.494],[-69.5218,-38.494],[-69.5218,-38.494],[-69.5218,-38.494],[-69.5218,-38.494],[-69.5218,-38.494],[-69.5218,-38.494],[-69.5218,-38.494],[-69.5218,-38.494],[-69.5218,-38.494],[-69.5217,-38.494],[-69.5217,-38.494],[-69.5217,-38.494],[-69.5217,-38.494],[-69.5217,-38.494],[-69.5217,-38.494],[-69.5217,-38.494],[-69.5217,-38.494],[-69.5217,-38.494],[-69.5217,-38.494],[-69.5217,-38.494],[-69.5216,-38.494],[-69.5216,-38.494],[-69.5216,-38.494],[-69.5216,-38.494],[-69.5216,-38.494],[-69.5216,-38.494],[-69.5216,-38.494],[-69.5216,-38.494],[-69.5216,-38.494],[-69.5216,-38.494],[-69.5216,-38.494],[-69.5215,-38.494],[-69.5215,-38.494],[-69.5215,-38.494],[-69.5215,-38.494],[-69.5215,-38.494],[-69.5215,-38.494],[-69.5215,-38.494],[-69.5215,-38.494],[-69.5215,-38.494],[-69.5215,-38.494],[-69.5215,-38.494],[-69.5214,-38.494],[-69.5214,-38.494],[-69.5214,-38.494],[-69.5214,-38.494],[-69.5214,-38.494],[-69.5214,-38.494],[-69.5214,-38.494],[-69.5214,-38.494],[-69.5214,-38.494],[-69.5214,-38.494],[-69.5214,-38.494],[-69.5213,-38.494],[-69.5213,-38.494],[-69.5213,-38.494],[-69.5213,-38.494],[-69.5213,-38.494],[-69.5213,-38.494],[-69.5213,-38.494],[-69.5213,-38.494],[-69.5213,-38.494],[-69.5213,-38.494],[-69.5213,-38.494],[-69.5213,-38.494],[-69.5212,-38.494],[-69.5212,-38.494],[-69.5212,-38.494],[-69.5212,-38.494],[-69.5212,-38.494],[-69.5212,-38.494],[-69.5212,-38.494],[-69.5212,-38.494],[-69.5212,-38.494],[-69.5212,-38.494],[-69.5212,-38.494],[-69.5211,-38.494],[-69.5211,-38.494],[-69.5211,-38.494],[-69.5211,-38.494],[-69.5211,-38.494],[-69.5211,-38.494],[-69.5211,-38.494],[-69.5211,-38.494],[-69.5211,-38.494],[-69.5211,-38.494],[-69.5211,-38.494],[-69.521,-38.494],[-69.521,-38.494],[-69.521,-38.494],[-69.521,-38.494],[-69.521,-38.494],[-69.521,-38.494],[-69.521,-38.494],[-69.521,-38.494],[-69.521,-38.494],[-69.521,-38.494],[-69.521,-38.494],[-69.521,-38.494],[-69.5209,-38.494],[-69.5209,-38.494],[-69.5209,-38.494],[-69.5209,-38.494],[-69.5209,-38.494],[-69.5209,-38.494],[-69.5209,-38.494],[-69.5209,-38.494],[-69.5209,-38.494],[-69.5209,-38.494],[-69.5209,-38.494],[-69.5208,-38.494],[-69.5208,-38.494],[-69.5208,-38.494],[-69.5208,-38.494],[-69.5208,-38.494],[-69.5208,-38.494],[-69.5208,-38.494],[-69.5208,-38.494],[-69.5208,-38.494],[-69.5208,-38.494],[-69.5208,-38.494],[-69.5207,-38.494],[-69.5207,-38.494],[-69.5207,-38.494],[-69.5207,-38.494],[-69.5207,-38.494],[-69.5207,-38.494],[-69.5207,-38.494],[-69.5207,-38.4939],[-69.5207,-38.4939],[-69.5207,-38.4939],[-69.5207,-38.4939],[-69.5206,-38.4939],[-69.5206,-38.4939],[-69.5206,-38.4939],[-69.5206,-38.4939],[-69.5206,-38.4939],[-69.5206,-38.4939],[-69.5206,-38.4939],[-69.5206,-38.4939],[-69.5206,-38.4939],[-69.5206,-38.4939],[-69.5206,-38.4939],[-69.5206,-38.4939],[-69.5205,-38.4939],[-69.5205,-38.4939],[-69.5205,-38.4939],[-69.5205,-38.4939],[-69.5205,-38.4939],[-69.5205,-38.4939],[-69.5205,-38.4939],[-69.5205,-38.4939],[-69.5205,-38.4939],[-69.5205,-38.4939],[-69.5205,-38.4939],[-69.5204,-38.4939],[-69.5204,-38.4939],[-69.5204,-38.4939],[-69.5204,-38.4939],[-69.5204,-38.4939],[-69.5204,-38.4939],[-69.5204,-38.4939],[-69.5204,-38.4939],[-69.5204,-38.4939],[-69.5204,-38.4939],[-69.5204,-38.4939],[-69.5203,-38.4939],[-69.5203,-38.4939],[-69.5203,-38.4939],[-69.5203,-38.4939],[-69.5203,-38.4939],[-69.5203,-38.4939],[-69.5203,-38.4939],[-69.5203,-38.4939],[-69.5203,-38.4939],[-69.5203,-38.4939],[-69.5203,-38.4939],[-69.5202,-38.4939],[-69.5202,-38.4939],[-69.5202,-38.4939],[-69.5202,-38.4939],[-69.5202,-38.4939],[-69.5202,-38.4939],[-69.5202,-38.4939],[-69.5202,-38.4939],[-69.5202,-38.4939],[-69.5202,-38.4939],[-69.5202,-38.4939],[-69.5201,-38.4939],[-69.5201,-38.4939],[-69.5201,-38.4939],[-69.5201,-38.4939],[-69.5201,-38.4939],[-69.5201,-38.4939],[-69.5201,-38.4939],[-69.5201,-38.4939],[-69.5201,-38.4939],[-69.5201,-38.4939],[-69.5201,-38.4939],[-69.52,-38.4939],[-69.52,-38.4939],[-69.52,-38.4939],[-69.52,-38.4939],[-69.52,-38.4939],[-69.52,-38.4939],[-69.52,-38.4939],[-69.52,-38.4939],[-69.52,-38.4939],[-69.52,-38.4939],[-69.52,-38.4939],[-69.52,-38.4939],[-69.5199,-38.4939],[-69.5199,-38.4939],[-69.5199,-38.4939],[-69.5199,-38.4939],[-69.5199,-38.4939],[-69.5199,-38.4939],[-69.5199,-38.4939],[-69.5199,-38.4939],[-69.5199,-38.4939],[-69.5199,-38.4939],[-69.5199,-38.4939],[-69.5198,-38.4939],[-69.5198,-38.4939],[-69.5198,-38.4939],[-69.5198,-38.4939],[-69.5198,-38.4939],[-69.5198,-38.4939],[-69.5198,-38.4939],[-69.5198,-38.4939],[-69.5198,-38.4939],[-69.5198,-38.4939],[-69.5198,-38.4939],[-69.5197,-38.4939],[-69.5197,-38.4939],[-69.5197,-38.4939],[-69.5197,-38.4939],[-69.5197,-38.4939],[-69.5197,-38.4939],[-69.5197,-38.4939],[-69.5197,-38.4939],[-69.5197,-38.4939],[-69.5197,-38.4939],[-69.5197,-38.4939],[-69.5196,-38.4939],[-69.5196,-38.4939],[-69.5196,-38.4939],[-69.5196,-38.4939],[-69.5196,-38.4939],[-69.5196,-38.4939],[-69.5196,-38.4939],[-69.5196,-38.4939],[-69.5196,-38.4939],[-69.5196,-38.4939],[-69.5196,-38.4939],[-69.5195,-38.4939],[-69.5195,-38.4939],[-69.5195,-38.4939],[-69.5195,-38.4939],[-69.5195,-38.4939],[-69.5195,-38.4939],[-69.5195,-38.4939],[-69.5195,-38.4939],[-69.5195,-38.4939],[-69.5195,-38.4939],[-69.5195,-38.4939],[-69.5195,-38.4939],[-69.5194,-38.4939],[-69.5194,-38.4939],[-69.5194,-38.4939],[-69.5194,-38.4939],[-69.5194,-38.4939],[-69.5194,-38.4939],[-69.5194,-38.4939],[-69.5194,-38.4939],[-69.5194,-38.4939],[-69.5194,-38.4939],[-69.5194,-38.4939],[-69.5193,-38.4939],[-69.5193,-38.4939],[-69.5193,-38.4939],[-69.5193,-38.4939],[-69.5193,-38.4939],[-69.5193,-38.4939],[-69.5193,-38.4939],[-69.5193,-38.4939],[-69.5193,-38.4939],[-69.5193,-38.4939],[-69.5193,-38.4939],[-69.5192,-38.4939],[-69.5192,-38.4939],[-69.5192,-38.4939],[-69.5192,-38.4939],[-69.5192,-38.4939],[-69.5192,-38.4939],[-69.5192,-38.4939],[-69.5192,-38.4939],[-69.5192,-38.4939],[-69.5192,-38.4939],[-69.5192,-38.4939],[-69.5191,-38.4939],[-69.5191,-38.4939],[-69.5191,-38.4939],[-69.5191,-38.4939],[-69.5191,-38.4939],[-69.5191,-38.4939],[-69.5191,-38.4939],[-69.5191,-38.4939],[-69.5191,-38.4939],[-69.5191,-38.4939],[-69.5191,-38.4939],[-69.519,-38.4939],[-69.519,-38.4939],[-69.519,-38.4939],[-69.519,-38.4939],[-69.519,-38.4939],[-69.519,-38.4939],[-69.519,-38.4939],[-69.519,-38.4939],[-69.519,-38.4939],[-69.519,-38.4939],[-69.519,-38.4939],[-69.519,-38.4939],[-69.5189,-38.4939],[-69.5189,-38.4939],[-69.5189,-38.4939],[-69.5189,-38.4939],[-69.5189,-38.4939],[-69.5189,-38.4939],[-69.5189,-38.4939],[-69.5189,-38.4939],[-69.5189,-38.4939],[-69.5189,-38.4939],[-69.5189,-38.4939],[-69.5188,-38.4939],[-69.5188,-38.4939],[-69.5188,-38.4939],[-69.5188,-38.4938],[-69.5188,-38.4938],[-69.5188,-38.4938],[-69.5188,-38.4938],[-69.5188,-38.4938],[-69.5188,-38.4938],[-69.5188,-38.4938],[-69.5188,-38.4938],[-69.5187,-38.4938],[-69.5187,-38.4938],[-69.5187,-38.4938],[-69.5187,-38.4938],[-69.5187,-38.4938],[-69.5187,-38.4938],[-69.5187,-38.4938],[-69.5187,-38.4938],[-69.5187,-38.4938],[-69.5187,-38.4938],[-69.5187,-38.4938],[-69.5186,-38.4938],[-69.5186,-38.4938],[-69.5186,-38.4938],[-69.5186,-38.4938],[-69.5186,-38.4938],[-69.5186,-38.4938],[-69.5186,-38.4938],[-69.5186,-38.4938],[-69.5186,-38.4938],[-69.5186,-38.4938],[-69.5186,-38.4938],[-69.5186,-38.4938],[-69.5185,-38.4938],[-69.5185,-38.4938],[-69.5185,-38.4938],[-69.5185,-38.4938],[-69.5185,-38.4938],[-69.5185,-38.4938],[-69.5185,-38.4938],[-69.5185,-38.4938],[-69.5185,-38.4938],[-69.5185,-38.4938],[-69.5185,-38.4938],[-69.5184,-38.4938],[-69.5184,-38.4938],[-69.5184,-38.4938],[-69.5184,-38.4938],[-69.5184,-38.4938],[-69.5184,-38.4938],[-69.5184,-38.4938],[-69.5184,-38.4938],[-69.5184,-38.4938],[-69.5184,-38.4938],[-69.5184,-38.4938],[-69.5183,-38.4938],[-69.5183,-38.4938],[-69.5183,-38.4938],[-69.5183,-38.4938],[-69.5183,-38.4938],[-69.5183,-38.4938],[-69.5183,-38.4938],[-69.5183,-38.4938],[-69.5183,-38.4938],[-69.5183,-38.4938],[-69.5183,-38.4938],[-69.5183,-38.4938],[-69.5182,-38.4938],[-69.5182,-38.4938],[-69.5182,-38.4938],[-69.5182,-38.4938],[-69.5182,-38.4938],[-69.5182,-38.4938],[-69.5182,-38.4938],[-69.5182,-38.4938],[-69.5182,-38.4938],[-69.5182,-38.4938],[-69.5182,-38.4938],[-69.5181,-38.4938],[-69.5181,-38.4938],[-69.5181,-38.4938],[-69.5181,-38.4938],[-69.5181,-38.4938],[-69.5181,-38.4938],[-69.5181,-38.4938],[-69.5181,-38.4938],[-69.5181,-38.4938],[-69.5181,-38.4938],[-69.5181,-38.4937],[-69.518,-38.4937],[-69.518,-38.4937],[-69.518,-38.4937],[-69.518,-38.4937],[-69.518,-38.4937],[-69.518,-38.4937],[-69.518,-38.4937],[-69.518,-38.4937],[-69.518,-38.4937],[-69.518,-38.4937],[-69.518,-38.4937],[-69.5179,-38.4937],[-69.5179,-38.4937],[-69.5179,-38.4937],[-69.5179,-38.4937],[-69.5179,-38.4937],[-69.5179,-38.4937],[-69.5179,-38.4937],[-69.5179,-38.4937],[-69.5179,-38.4937],[-69.5179,-38.4937],[-69.5179,-38.4937],[-69.5179,-38.4937],[-69.5178,-38.4937],[-69.5178,-38.4937],[-69.5178,-38.4937],[-69.5178,-38.4937],[-69.5178,-38.4937],[-69.5178,-38.4937],[-69.5178,-38.4937],[-69.5178,-38.4937],[-69.5178,-38.4937],[-69.5178,-38.4937],[-69.5178,-38.4937],[-69.5177,-38.4937],[-69.5177,-38.4937],[-69.5177,-38.4937],[-69.5177,-38.4937],[-69.5177,-38.4937],[-69.5177,-38.4937],[-69.5177,-38.4937],[-69.5177,-38.4937],[-69.5177,-38.4937],[-69.5177,-38.4937],[-69.5177,-38.4937],[-69.5176,-38.4937],[-69.5176,-38.4937],[-69.5176,-38.4937],[-69.5176,-38.4937],[-69.5176,-38.4937],[-69.5176,-38.4937],[-69.5176,-38.4937],[-69.5176,-38.4937],[-69.5176,-38.4937],[-69.5176,-38.4937],[-69.5176,-38.4937],[-69.5176,-38.4937],[-69.5175,-38.4938],[-69.5175,-38.4938],[-69.5175,-38.4938],[-69.5175,-38.4938],[-69.5175,-38.4938],[-69.5175,-38.4938],[-69.5175,-38.4938],[-69.5175,-38.4938],[-69.5175,-38.4938],[-69.5175,-38.4938],[-69.5175,-38.4938],[-69.5174,-38.4938],[-69.5174,-38.4938],[-69.5174,-38.4938],[-69.5174,-38.4938],[-69.5174,-38.4938],[-69.5174,-38.4938],[-69.5174,-38.4938],[-69.5174,-38.4938],[-69.5174,-38.4938],[-69.5174,-38.4938],[-69.5174,-38.4938],[-69.5173,-38.4938],[-69.5173,-38.4938],[-69.5173,-38.4938],[-69.5173,-38.4938],[-69.5173,-38.4938],[-69.5173,-38.4938],[-69.5173,-38.4938],[-69.5173,-38.4938],[-69.5173,-38.4938],[-69.5173,-38.4938],[-69.5173,-38.4938],[-69.5172,-38.4938],[-69.5172,-38.4938],[-69.5172,-38.4938],[-69.5172,-38.4938],[-69.5172,-38.4938],[-69.5172,-38.4938],[-69.5172,-38.4938],[-69.5172,-38.4938],[-69.5172,-38.4938],[-69.5172,-38.4938],[-69.5172,-38.4938],[-69.5172,-38.4938],[-69.5171,-38.4938],[-69.5171,-38.4938],[-69.5171,-38.4938],[-69.5171,-38.4938],[-69.5171,-38.4938],[-69.5171,-38.4938],[-69.5171,-38.4938],[-69.5171,-38.4938],[-69.5171,-38.4938],[-69.5171,-38.4938],[-69.5171,-38.4938],[-69.517,-38.4938],[-69.517,-38.4938],[-69.517,-38.4938],[-69.517,-38.4938],[-69.517,-38.4938],[-69.517,-38.4938],[-69.517,-38.4938],[-69.517,-38.4938],[-69.517,-38.4938],[-69.517,-38.4938],[-69.517,-38.4938],[-69.5169,-38.4938],[-69.5169,-38.4939],[-69.5169,-38.4939],[-69.5169,-38.4939],[-69.5169,-38.4939],[-69.5169,-38.4939],[-69.5169,-38.4939],[-69.5169,-38.4939],[-69.5169,-38.4939],[-69.5169,-38.4939],[-69.5169,-38.4939],[-69.5169,-38.4939],[-69.5168,-38.4939],[-69.5168,-38.4939],[-69.5168,-38.4939],[-69.5168,-38.4939],[-69.5168,-38.4939],[-69.5168,-38.4939],[-69.5168,-38.4939],[-69.5168,-38.4939],[-69.5168,-38.4939],[-69.5168,-38.4939],[-69.5168,-38.4939],[-69.5167,-38.4939],[-69.5167,-38.4939],[-69.5167,-38.4939],[-69.5167,-38.4939],[-69.5167,-38.4939],[-69.5167,-38.4939],[-69.5167,-38.4939],[-69.5167,-38.4939],[-69.5167,-38.4939],[-69.5167,-38.4939],[-69.5167,-38.4939],[-69.5166,-38.4939],[-69.5166,-38.4939],[-69.5166,-38.4939],[-69.5166,-38.4939],[-69.5166,-38.4939],[-69.5166,-38.4939],[-69.5166,-38.4939],[-69.5166,-38.4939],[-69.5166,-38.4939],[-69.5166,-38.4939],[-69.5166,-38.4939],[-69.5165,-38.4939],[-69.5165,-38.4939],[-69.5165,-38.4939],[-69.5165,-38.4939],[-69.5165,-38.4939],[-69.5165,-38.4939],[-69.5165,-38.4939],[-69.5165,-38.4939],[-69.5165,-38.4939],[-69.5165,-38.4939],[-69.5165,-38.4939],[-69.5165,-38.4939],[-69.5164,-38.4939],[-69.5164,-38.4939],[-69.5164,-38.4939],[-69.5164,-38.4939],[-69.5164,-38.4939],[-69.5164,-38.4939],[-69.5164,-38.4939],[-69.5164,-38.4939],[-69.5164,-38.4939],[-69.5164,-38.4939],[-69.5164,-38.4939],[-69.5163,-38.4939],[-69.5163,-38.494],[-69.5163,-38.494],[-69.5163,-38.494],[-69.5163,-38.494],[-69.5163,-38.494],[-69.5163,-38.494],[-69.5163,-38.494],[-69.5163,-38.494],[-69.5163,-38.494],[-69.5163,-38.494],[-69.5162,-38.494],[-69.5162,-38.494],[-69.5162,-38.494],[-69.5162,-38.494],[-69.5162,-38.494],[-69.5162,-38.494],[-69.5162,-38.494],[-69.5162,-38.494],[-69.5162,-38.494],[-69.5162,-38.494],[-69.5162,-38.494],[-69.5162,-38.494],[-69.5161,-38.494],[-69.5161,-38.494],[-69.5161,-38.494],[-69.5161,-38.494],[-69.5161,-38.494],[-69.5161,-38.494],[-69.5161,-38.494],[-69.5161,-38.494],[-69.5161,-38.494],[-69.5161,-38.494],[-69.5161,-38.494],[-69.516,-38.494],[-69.516,-38.494],[-69.516,-38.494],[-69.516,-38.494],[-69.516,-38.494],[-69.516,-38.494],[-69.516,-38.494],[-69.516,-38.494],[-69.516,-38.494],[-69.516,-38.494],[-69.516,-38.494],[-69.5159,-38.494],[-69.5159,-38.494],[-69.5159,-38.494],[-69.5159,-38.494],[-69.5159,-38.494],[-69.5159,-38.494],[-69.5159,-38.494],[-69.5159,-38.494],[-69.5159,-38.494],[-69.5159,-38.494],[-69.5159,-38.494],[-69.5158,-38.494],[-69.5158,-38.494],[-69.5158,-38.494],[-69.5158,-38.494],[-69.5158,-38.494],[-69.5158,-38.494],[-69.5158,-38.494],[-69.5158,-38.494],[-69.5158,-38.494],[-69.5158,-38.494],[-69.5158,-38.494],[-69.5157,-38.494],[-69.5157,-38.494],[-69.5157,-38.494],[-69.5157,-38.494],[-69.5157,-38.494],[-69.5157,-38.494],[-69.5157,-38.494],[-69.5157,-38.494],[-69.5157,-38.494],[-69.5157,-38.494],[-69.5157,-38.494],[-69.5157,-38.494],[-69.5156,-38.494],[-69.5156,-38.494],[-69.5156,-38.494],[-69.5156,-38.494],[-69.5156,-38.494],[-69.5156,-38.494],[-69.5156,-38.494],[-69.5156,-38.494],[-69.5156,-38.494],[-69.5156,-38.494],[-69.5156,-38.494],[-69.5155,-38.494],[-69.5155,-38.494],[-69.5155,-38.494],[-69.5155,-38.494],[-69.5155,-38.494],[-69.5155,-38.494],[-69.5155,-38.494],[-69.5155,-38.494],[-69.5155,-38.494],[-69.5155,-38.494],[-69.5155,-38.494],[-69.5154,-38.494],[-69.5154,-38.494],[-69.5154,-38.494],[-69.5154,-38.494],[-69.5154,-38.494],[-69.5154,-38.494],[-69.5154,-38.494],[-69.5154,-38.494],[-69.5154,-38.494],[-69.5154,-38.494],[-69.5154,-38.494],[-69.5153,-38.494],[-69.5153,-38.494],[-69.5153,-38.494],[-69.5153,-38.494],[-69.5153,-38.494],[-69.5153,-38.494],[-69.5153,-38.494],[-69.5153,-38.494],[-69.5153,-38.494],[-69.5153,-38.494],[-69.5153,-38.494],[-69.5152,-38.494],[-69.5152,-38.494],[-69.5152,-38.494],[-69.5152,-38.494],[-69.5152,-38.494],[-69.5152,-38.494],[-69.5152,-38.494],[-69.5152,-38.494],[-69.5152,-38.494],[-69.5152,-38.494],[-69.5152,-38.4939],[-69.5151,-38.4939],[-69.5151,-38.4939],[-69.5151,-38.4939],[-69.5151,-38.4939],[-69.5151,-38.4939],[-69.5151,-38.4939],[-69.5151,-38.4939],[-69.5151,-38.4939],[-69.5151,-38.4939],[-69.5151,-38.4939],[-69.5151,-38.4939],[-69.5151,-38.4939],[-69.515,-38.4939],[-69.515,-38.4939],[-69.515,-38.4939],[-69.515,-38.4939],[-69.515,-38.4939],[-69.515,-38.4939],[-69.515,-38.4939],[-69.515,-38.4939],[-69.515,-38.4939],[-69.515,-38.4939],[-69.515,-38.4939],[-69.5149,-38.4939],[-69.5149,-38.4939],[-69.5149,-38.4939],[-69.5149,-38.4939],[-69.5149,-38.4939],[-69.5149,-38.4939],[-69.5149,-38.4939],[-69.5149,-38.4939],[-69.5149,-38.4939],[-69.5149,-38.4939],[-69.5149,-38.4939],[-69.5148,-38.4939],[-69.5148,-38.4939],[-69.5148,-38.4939],[-69.5148,-38.4939],[-69.5148,-38.4939],[-69.5148,-38.4939],[-69.5148,-38.4939],[-69.5148,-38.4939],[-69.5148,-38.4939],[-69.5148,-38.4939],[-69.5148,-38.4939],[-69.5147,-38.4939],[-69.5147,-38.4939],[-69.5147,-38.4939],[-69.5147,-38.4939],[-69.5147,-38.4939],[-69.5147,-38.4939],[-69.5147,-38.4939],[-69.5147,-38.4939],[-69.5147,-38.4939],[-69.5147,-38.4939],[-69.5147,-38.4939],[-69.5146,-38.4939],[-69.5146,-38.4939],[-69.5146,-38.4939],[-69.5146,-38.4939],[-69.5146,-38.4939],[-69.5146,-38.4939],[-69.5146,-38.4939],[-69.5146,-38.4939],[-69.5146,-38.4939],[-69.5146,-38.4939],[-69.5146,-38.4939],[-69.5146,-38.4939],[-69.5145,-38.4939],[-69.5145,-38.4939],[-69.5145,-38.4939],[-69.5145,-38.4939],[-69.5145,-38.4939],[-69.5145,-38.4939],[-69.5145,-38.4939],[-69.5145,-38.4939],[-69.5145,-38.4939],[-69.5145,-38.4939],[-69.5145,-38.4939],[-69.5144,-38.4939],[-69.5144,-38.4939],[-69.5144,-38.4939],[-69.5144,-38.4939],[-69.5144,-38.4939],[-69.5144,-38.4939],[-69.5144,-38.4939],[-69.5144,-38.4938],[-69.5144,-38.4938],[-69.5144,-38.4938],[-69.5144,-38.4938],[-69.5144,-38.4938],[-69.5143,-38.4938],[-69.5143,-38.4938],[-69.5143,-38.4938],[-69.5143,-38.4938],[-69.5143,-38.4938],[-69.5143,-38.4938],[-69.5143,-38.4938],[-69.5143,-38.4938],[-69.5143,-38.4938],[-69.5143,-38.4938],[-69.5143,-38.4938],[-69.5143,-38.4938],[-69.5142,-38.4938],[-69.5142,-38.4938],[-69.5142,-38.4938],[-69.5142,-38.4938],[-69.5142,-38.4938],[-69.5142,-38.4938],[-69.5142,-38.4938],[-69.5142,-38.4938],[-69.5142,-38.4938],[-69.5142,-38.4938],[-69.5142,-38.4938],[-69.5141,-38.4938],[-69.5141,-38.4938],[-69.5141,-38.4938],[-69.5141,-38.4938],[-69.5141,-38.4938],[-69.5141,-38.4938],[-69.5141,-38.4938],[-69.5141,-38.4938],[-69.5141,-38.4938],[-69.5141,-38.4938],[-69.5141,-38.4938],[-69.5141,-38.4938],[-69.514,-38.4937],[-69.514,-38.4937],[-69.514,-38.4937],[-69.514,-38.4937],[-69.514,-38.4937],[-69.514,-38.4937],[-69.514,-38.4937],[-69.514,-38.4937],[-69.514,-38.4937],[-69.514,-38.4937],[-69.514,-38.4937],[-69.5139,-38.4937],[-69.5139,-38.4937],[-69.5139,-38.4937],[-69.5139,-38.4937],[-69.5139,-38.4937],[-69.5139,-38.4937],[-69.5139,-38.4937],[-69.5139,-38.4937],[-69.5139,-38.4937],[-69.5139,-38.4937],[-69.5139,-38.4937],[-69.5139,-38.4937],[-69.5138,-38.4937],[-69.5138,-38.4937],[-69.5138,-38.4937],[-69.5138,-38.4937],[-69.5138,-38.4937],[-69.5138,-38.4937],[-69.5138,-38.4937],[-69.5138,-38.4937],[-69.5138,-38.4937],[-69.5138,-38.4937],[-69.5138,-38.4937],[-69.5137,-38.4937],[-69.5137,-38.4937],[-69.5137,-38.4937],[-69.5137,-38.4937],[-69.5137,-38.4937],[-69.5137,-38.4937],[-69.5137,-38.4936],[-69.5137,-38.4936],[-69.5137,-38.4936],[-69.5137,-38.4936],[-69.5137,-38.4936],[-69.5137,-38.4936],[-69.5136,-38.4936],[-69.5136,-38.4936],[-69.5136,-38.4936],[-69.5136,-38.4936],[-69.5136,-38.4936],[-69.5136,-38.4936],[-69.5136,-38.4936],[-69.5136,-38.4936],[-69.5136,-38.4936],[-69.5136,-38.4936],[-69.5136,-38.4936],[-69.5136,-38.4936],[-69.5135,-38.4936],[-69.5135,-38.4936],[-69.5135,-38.4936],[-69.5135,-38.4936],[-69.5135,-38.4936],[-69.5135,-38.4936],[-69.5135,-38.4936],[-69.5135,-38.4936],[-69.5135,-38.4936],[-69.5135,-38.4936],[-69.5135,-38.4936],[-69.5134,-38.4936],[-69.5134,-38.4936],[-69.5134,-38.4936],[-69.5134,-38.4936],[-69.5134,-38.4936],[-69.5134,-38.4936],[-69.5134,-38.4936],[-69.5134,-38.4936],[-69.5134,-38.4936],[-69.5134,-38.4936],[-69.5134,-38.4936],[-69.5134,-38.4935],[-69.5133,-38.4935],[-69.5133,-38.4935],[-69.5133,-38.4935],[-69.5133,-38.4935],[-69.5133,-38.4935],[-69.5133,-38.4935],[-69.5133,-38.4935],[-69.5133,-38.4935],[-69.5133,-38.4935],[-69.5133,-38.4935],[-69.5133,-38.4935],[-69.5132,-38.4935],[-69.5132,-38.4935],[-69.5132,-38.4935],[-69.5132,-38.4935],[-69.5132,-38.4935],[-69.5132,-38.4935],[-69.5132,-38.4935],[-69.5132,-38.4935],[-69.5132,-38.4935],[-69.5132,-38.4935],[-69.5132,-38.4935],[-69.5132,-38.4935],[-69.5131,-38.4935],[-69.5131,-38.4935],[-69.5131,-38.4935],[-69.5131,-38.4935],[-69.5131,-38.4935],[-69.5131,-38.4935],[-69.5131,-38.4935],[-69.5131,-38.4935],[-69.5131,-38.4935],[-69.5131,-38.4935],[-69.5131,-38.4935],[-69.5131,-38.4935],[-69.513,-38.4934],[-69.513,-38.4934],[-69.513,-38.4934],[-69.513,-38.4934],[-69.513,-38.4934],[-69.513,-38.4934],[-69.513,-38.4934],[-69.513,-38.4934],[-69.513,-38.4934],[-69.513,-38.4934],[-69.513,-38.4934],[-69.513,-38.4934],[-69.5129,-38.4934],[-69.5129,-38.4934],[-69.5129,-38.4934],[-69.5129,-38.4934],[-69.5129,-38.4934],[-69.5129,-38.4934],[-69.5129,-38.4934],[-69.5129,-38.4934],[-69.5129,-38.4934],[-69.5129,-38.4934],[-69.5129,-38.4934],[-69.5129,-38.4934],[-69.5128,-38.4934],[-69.5128,-38.4934],[-69.5128,-38.4934],[-69.5128,-38.4934],[-69.5128,-38.4934],[-69.5128,-38.4934],[-69.5128,-38.4934],[-69.5128,-38.4933],[-69.5128,-38.4933],[-69.5128,-38.4933],[-69.5128,-38.4933],[-69.5128,-38.4933],[-69.5127,-38.4933],[-69.5127,-38.4933],[-69.5127,-38.4933],[-69.5127,-38.4933],[-69.5127,-38.4933],[-69.5127,-38.4933],[-69.5127,-38.4933],[-69.5127,-38.4933],[-69.5127,-38.4933],[-69.5127,-38.4933],[-69.5127,-38.4933],[-69.5127,-38.4933],[-69.5126,-38.4933],[-69.5126,-38.4933],[-69.5126,-38.4933],[-69.5126,-38.4933],[-69.5126,-38.4933],[-69.5126,-38.4933],[-69.5126,-38.4933],[-69.5126,-38.4933],[-69.5126,-38.4933],[-69.5126,-38.4933],[-69.5126,-38.4933],[-69.5126,-38.4933],[-69.5125,-38.4933],[-69.5125,-38.4932],[-69.5125,-38.4932],[-69.5125,-38.4932],[-69.5125,-38.4932],[-69.5125,-38.4932],[-69.5125,-38.4932],[-69.5125,-38.4932],[-69.5125,-38.4932],[-69.5125,-38.4932],[-69.5125,-38.4932],[-69.5125,-38.4932],[-69.5124,-38.4932],[-69.5124,-38.4932],[-69.5124,-38.4932],[-69.5124,-38.4932],[-69.5124,-38.4932],[-69.5124,-38.4932],[-69.5124,-38.4932],[-69.5124,-38.4932],[-69.5124,-38.4932],[-69.5124,-38.4932],[-69.5124,-38.4932],[-69.5124,-38.4932],[-69.5123,-38.4932],[-69.5123,-38.4932],[-69.5123,-38.4932],[-69.5123,-38.4932],[-69.5123,-38.4932],[-69.5123,-38.4932],[-69.5123,-38.4932],[-69.5123,-38.4932],[-69.5123,-38.4931],[-69.5123,-38.4931],[-69.5123,-38.4931],[-69.5123,-38.4931],[-69.5122,-38.4931],[-69.5122,-38.4931],[-69.5122,-38.4931],[-69.5122,-38.4931],[-69.5122,-38.4931],[-69.5122,-38.4931],[-69.5122,-38.4931],[-69.5122,-38.4931],[-69.5122,-38.4931],[-69.5122,-38.4931],[-69.5122,-38.4931],[-69.5121,-38.4931],[-69.5121,-38.4931],[-69.5121,-38.4931],[-69.5121,-38.4931],[-69.5121,-38.4931],[-69.5121,-38.4931],[-69.5121,-38.4931],[-69.5121,-38.4931],[-69.5121,-38.4931],[-69.5121,-38.4931],[-69.5121,-38.4931],[-69.5121,-38.4931],[-69.512,-38.4931],[-69.512,-38.4931],[-69.512,-38.4931],[-69.512,-38.4931],[-69.512,-38.493],[-69.512,-38.493],[-69.512,-38.493],[-69.512,-38.493],[-69.512,-38.493],[-69.512,-38.493],[-69.512,-38.493],[-69.512,-38.493],[-69.5119,-38.493],[-69.5119,-38.493],[-69.5119,-38.493],[-69.5119,-38.493],[-69.5119,-38.493],[-69.5119,-38.493],[-69.5119,-38.493],[-69.5119,-38.493],[-69.5119,-38.493],[-69.5119,-38.493],[-69.5119,-38.493],[-69.5119,-38.493],[-69.5118,-38.493],[-69.5118,-38.493],[-69.5118,-38.493],[-69.5118,-38.493],[-69.5118,-38.493],[-69.5118,-38.493],[-69.5118,-38.493],[-69.5118,-38.493],[-69.5118,-38.4929],[-69.5118,-38.4929],[-69.5118,-38.4929],[-69.5118,-38.4929],[-69.5118,-38.4929],[-69.5118,-38.4929],[-69.5117,-38.4929],[-69.5117,-38.4929],[-69.5117,-38.4929],[-69.5117,-38.4929],[-69.5117,-38.4929],[-69.5117,-38.4929],[-69.5117,-38.4929],[-69.5117,-38.4929],[-69.5117,-38.4929],[-69.5117,-38.4929],[-69.5117,-38.4929],[-69.5117,-38.4929],[-69.5117,-38.4929],[-69.5116,-38.4928],[-69.5116,-38.4928],[-69.5116,-38.4928],[-69.5116,-38.4928],[-69.5116,-38.4928],[-69.5116,-38.4928],[-69.5116,-38.4928],[-69.5116,-38.4928],[-69.5116,-38.4928],[-69.5116,-38.4928],[-69.5116,-38.4928],[-69.5116,-38.4928],[-69.5116,-38.4928],[-69.5116,-38.4928],[-69.5115,-38.4928],[-69.5115,-38.4928],[-69.5115,-38.4928],[-69.5115,-38.4928],[-69.5115,-38.4928],[-69.5115,-38.4927],[-69.5115,-38.4927],[-69.5115,-38.4927],[-69.5115,-38.4927],[-69.5115,-38.4927],[-69.5115,-38.4927],[-69.5115,-38.4927],[-69.5115,-38.4927],[-69.5115,-38.4927],[-69.5114,-38.4927],[-69.5114,-38.4927],[-69.5114,-38.4927],[-69.5114,-38.4927],[-69.5114,-38.4927],[-69.5114,-38.4927],[-69.5114,-38.4927],[-69.5114,-38.4927],[-69.5114,-38.4927],[-69.5114,-38.4927],[-69.5114,-38.4926],[-69.5114,-38.4926],[-69.5114,-38.4926],[-69.5114,-38.4926],[-69.5113,-38.4926],[-69.5113,-38.4926],[-69.5113,-38.4926],[-69.5113,-38.4926],[-69.5113,-38.4926],[-69.5113,-38.4926],[-69.5113,-38.4926],[-69.5113,-38.4926],[-69.5113,-38.4926],[-69.5113,-38.4926],[-69.5113,-38.4926],[-69.5113,-38.4926],[-69.5113,-38.4926],[-69.5113,-38.4926],[-69.5112,-38.4926],[-69.5112,-38.4925],[-69.5112,-38.4925],[-69.5112,-38.4925],[-69.5112,-38.4925],[-69.5112,-38.4925],[-69.5112,-38.4925],[-69.5112,-38.4925],[-69.5112,-38.4925],[-69.5112,-38.4925],[-69.5112,-38.4925],[-69.5112,-38.4925],[-69.5112,-38.4925],[-69.5111,-38.4925],[-69.5111,-38.4925],[-69.5111,-38.4925],[-69.5111,-38.4925],[-69.5111,-38.4925],[-69.5111,-38.4925],[-69.5111,-38.4925],[-69.5111,-38.4924],[-69.5111,-38.4924],[-69.5111,-38.4924],[-69.5111,-38.4924],[-69.5111,-38.4924],[-69.5111,-38.4924],[-69.5111,-38.4924],[-69.511,-38.4924],[-69.511,-38.4924],[-69.511,-38.4924],[-69.511,-38.4924],[-69.511,-38.4924],[-69.511,-38.4924],[-69.511,-38.4924],[-69.511,-38.4924],[-69.511,-38.4924],[-69.511,-38.4924],[-69.511,-38.4924],[-69.511,-38.4924],[-69.511,-38.4923],[-69.511,-38.4923],[-69.5109,-38.4923],[-69.5109,-38.4923],[-69.5109,-38.4923],[-69.5109,-38.4923],[-69.5109,-38.4923],[-69.5109,-38.4923],[-69.5109,-38.4923],[-69.5109,-38.4923],[-69.5109,-38.4923],[-69.5109,-38.4923],[-69.5109,-38.4923],[-69.5109,-38.4923],[-69.5109,-38.4923],[-69.5109,-38.4923],[-69.5108,-38.4923],[-69.5108,-38.4923],[-69.5108,-38.4923],[-69.5108,-38.4922],[-69.5108,-38.4922],[-69.5108,-38.4922],[-69.5108,-38.4922],[-69.5108,-38.4922],[-69.5108,-38.4922],[-69.5108,-38.4922],[-69.5108,-38.4922],[-69.5108,-38.4922],[-69.5108,-38.4922],[-69.5108,-38.4922],[-69.5107,-38.4922],[-69.5107,-38.4922],[-69.5107,-38.4922],[-69.5107,-38.4922],[-69.5107,-38.4922],[-69.5107,-38.4922],[-69.5107,-38.4922],[-69.5107,-38.4921],[-69.5107,-38.4921],[-69.5107,-38.4921],[-69.5107,-38.4921],[-69.5107,-38.4921],[-69.5107,-38.4921],[-69.5107,-38.4921],[-69.5106,-38.4921],[-69.5106,-38.4921],[-69.5106,-38.4921],[-69.5106,-38.4921],[-69.5106,-38.4921],[-69.5106,-38.4921],[-69.5106,-38.4921],[-69.5106,-38.4921],[-69.5106,-38.4921],[-69.5106,-38.4921],[-69.5106,-38.4921],[-69.5106,-38.492],[-69.5106,-38.492],[-69.5106,-38.492],[-69.5105,-38.492],[-69.5105,-38.492],[-69.5105,-38.492],[-69.5105,-38.492],[-69.5105,-38.492],[-69.5105,-38.492],[-69.5105,-38.492],[-69.5105,-38.492],[-69.5105,-38.492],[-69.5105,-38.492],[-69.5105,-38.492],[-69.5105,-38.492],[-69.5105,-38.492],[-69.5105,-38.492],[-69.5105,-38.492],[-69.5104,-38.4919],[-69.5104,-38.4919],[-69.5104,-38.4919],[-69.5104,-38.4919],[-69.5104,-38.4919],[-69.5104,-38.4919],[-69.5104,-38.4919],[-69.5104,-38.4919],[-69.5104,-38.4919],[-69.5104,-38.4919],[-69.5104,-38.4919],[-69.5104,-38.4919],[-69.5104,-38.4919],[-69.5104,-38.4919],[-69.5103,-38.4919],[-69.5103,-38.4919],[-69.5103,-38.4919],[-69.5103,-38.4919],[-69.5103,-38.4918],[-69.5103,-38.4918],[-69.5103,-38.4918],[-69.5103,-38.4918],[-69.5103,-38.4918],[-69.5103,-38.4918],[-69.5103,-38.4918],[-69.5103,-38.4918],[-69.5103,-38.4918],[-69.5103,-38.4918],[-69.5102,-38.4918],[-69.5102,-38.4918],[-69.5102,-38.4918],[-69.5102,-38.4918],[-69.5102,-38.4918],[-69.5102,-38.4918],[-69.5102,-38.4918],[-69.5102,-38.4918],[-69.5102,-38.4918],[-69.5102,-38.4917],[-69.5102,-38.4917],[-69.5102,-38.4917],[-69.5102,-38.4917],[-69.5102,-38.4917],[-69.5101,-38.4917],[-69.5101,-38.4917],[-69.5101,-38.4917],[-69.5101,-38.4917],[-69.5101,-38.4917],[-69.5101,-38.4917],[-69.5101,-38.4917],[-69.5101,-38.4917],[-69.5101,-38.4917],[-69.5101,-38.4917],[-69.5101,-38.4917],[-69.5101,-38.4917],[-69.5101,-38.4917],[-69.5101,-38.4916],[-69.51,-38.4916],[-69.51,-38.4916],[-69.51,-38.4916],[-69.51,-38.4916],[-69.51,-38.4916],[-69.51,-38.4916],[-69.51,-38.4916],[-69.51,-38.4916],[-69.51,-38.4916],[-69.51,-38.4916],[-69.51,-38.4916],[-69.51,-38.4916],[-69.51,-38.4916],[-69.51,-38.4916],[-69.5099,-38.4916],[-69.5099,-38.4916],[-69.5099,-38.4916],[-69.5099,-38.4915],[-69.5099,-38.4915],[-69.5099,-38.4915],[-69.5099,-38.4915],[-69.5099,-38.4915],[-69.5099,-38.4915],[-69.5099,-38.4915],[-69.5099,-38.4915],[-69.5099,-38.4915],[-69.5099,-38.4915],[-69.5099,-38.4915],[-69.5098,-38.4915],[-69.5098,-38.4915],[-69.5098,-38.4915],[-69.5098,-38.4915],[-69.5098,-38.4915],[-69.5098,-38.4915],[-69.5098,-38.4915],[-69.5098,-38.4914],[-69.5098,-38.4914],[-69.5098,-38.4914],[-69.5098,-38.4914],[-69.5098,-38.4914],[-69.5098,-38.4914],[-69.5098,-38.4914],[-69.5097,-38.4914],[-69.5097,-38.4914],[-69.5097,-38.4914],[-69.5097,-38.4914],[-69.5097,-38.4914],[-69.5097,-38.4914],[-69.5097,-38.4914],[-69.5097,-38.4914],[-69.5097,-38.4914],[-69.5097,-38.4914],[-69.5097,-38.4913],[-69.5097,-38.4913],[-69.5097,-38.4913],[-69.5097,-38.4913],[-69.5097,-38.4913],[-69.5097,-38.4913],[-69.5096,-38.4913],[-69.5096,-38.4913],[-69.5096,-38.4913],[-69.5096,-38.4913],[-69.5096,-38.4913],[-69.5096,-38.4913],[-69.5096,-38.4913],[-69.5096,-38.4913],[-69.5096,-38.4913],[-69.5096,-38.4913],[-69.5096,-38.4913],[-69.5096,-38.4912],[-69.5096,-38.4912],[-69.5096,-38.4912],[-69.5096,-38.4912],[-69.5095,-38.4912],[-69.5095,-38.4912],[-69.5095,-38.4912],[-69.5095,-38.4912],[-69.5095,-38.4912],[-69.5095,-38.4912],[-69.5095,-38.4912],[-69.5095,-38.4912],[-69.5095,-38.4912],[-69.5095,-38.4912],[-69.5095,-38.4912],[-69.5095,-38.4912],[-69.5095,-38.4911],[-69.5095,-38.4911],[-69.5095,-38.4911],[-69.5094,-38.4911],[-69.5094,-38.4911],[-69.5094,-38.4911],[-69.5094,-38.4911],[-69.5094,-38.4911],[-69.5094,-38.4911],[-69.5094,-38.4911],[-69.5094,-38.4911],[-69.5094,-38.4911],[-69.5094,-38.4911],[-69.5094,-38.4911],[-69.5094,-38.4911],[-69.5094,-38.4911],[-69.5094,-38.4911],[-69.5094,-38.491],[-69.5093,-38.491],[-69.5093,-38.491],[-69.5093,-38.491],[-69.5093,-38.491],[-69.5093,-38.491],[-69.5093,-38.491],[-69.5093,-38.491],[-69.5093,-38.491],[-69.5093,-38.491],[-69.5093,-38.491],[-69.5093,-38.491],[-69.5093,-38.491],[-69.5093,-38.491],[-69.5093,-38.491],[-69.5093,-38.491],[-69.5092,-38.4909],[-69.5092,-38.4909],[-69.5092,-38.4909],[-69.5092,-38.4909],[-69.5092,-38.4909],[-69.5092,-38.4909],[-69.5092,-38.4909],[-69.5092,-38.4909],[-69.5092,-38.4909],[-69.5092,-38.4909],[-69.5092,-38.4909],[-69.5092,-38.4909],[-69.5092,-38.4909],[-69.5092,-38.4909],[-69.5092,-38.4909],[-69.5091,-38.4909],[-69.5091,-38.4908],[-69.5091,-38.4908],[-69.5091,-38.4908],[-69.5091,-38.4908],[-69.5091,-38.4908],[-69.5091,-38.4908],[-69.5091,-38.4908],[-69.5091,-38.4908],[-69.5091,-38.4908],[-69.5091,-38.4908],[-69.5091,-38.4908],[-69.5091,-38.4908],[-69.5091,-38.4908],[-69.5091,-38.4908],[-69.5091,-38.4908],[-69.509,-38.4908],[-69.509,-38.4908],[-69.509,-38.4907],[-69.509,-38.4907],[-69.509,-38.4907],[-69.509,-38.4907],[-69.509,-38.4907],[-69.509,-38.4907],[-69.509,-38.4907],[-69.509,-38.4907],[-69.509,-38.4907],[-69.509,-38.4907],[-69.509,-38.4907],[-69.509,-38.4907],[-69.509,-38.4907],[-69.5089,-38.4907],[-69.5089,-38.4907],[-69.5089,-38.4907],[-69.5089,-38.4906],[-69.5089,-38.4906],[-69.5089,-38.4906],[-69.5089,-38.4906],[-69.5089,-38.4906],[-69.5089,-38.4906],[-69.5089,-38.4906],[-69.5089,-38.4906],[-69.5089,-38.4906],[-69.5089,-38.4906],[-69.5089,-38.4906],[-69.5089,-38.4906],[-69.5088,-38.4906],[-69.5088,-38.4906],[-69.5088,-38.4906],[-69.5088,-38.4906],[-69.5088,-38.4906],[-69.5088,-38.4905],[-69.5088,-38.4905],[-69.5088,-38.4905],[-69.5088,-38.4905],[-69.5088,-38.4905],[-69.5088,-38.4905],[-69.5088,-38.4905],[-69.5088,-38.4905],[-69.5088,-38.4905],[-69.5088,-38.4905],[-69.5088,-38.4905],[-69.5088,-38.4905],[-69.5087,-38.4905],[-69.5087,-38.4905],[-69.5087,-38.4904],[-69.5087,-38.4904],[-69.5087,-38.4904],[-69.5087,-38.4904],[-69.5087,-38.4904],[-69.5087,-38.4904],[-69.5087,-38.4904],[-69.5087,-38.4904],[-69.5087,-38.4904],[-69.5087,-38.4904],[-69.5087,-38.4904],[-69.5087,-38.4904],[-69.5087,-38.4904],[-69.5087,-38.4904],[-69.5087,-38.4903],[-69.5087,-38.4903],[-69.5087,-38.4903],[-69.5087,-38.4903],[-69.5086,-38.4903],[-69.5086,-38.4903],[-69.5086,-38.4903],[-69.5086,-38.4903],[-69.5086,-38.4903],[-69.5086,-38.4903],[-69.5086,-38.4903],[-69.5086,-38.4903],[-69.5086,-38.4903],[-69.5086,-38.4902],[-69.5086,-38.4902],[-69.5086,-38.4902],[-69.5086,-38.4902],[-69.5086,-38.4902],[-69.5086,-38.4902],[-69.5086,-38.4902],[-69.5086,-38.4902],[-69.5086,-38.4902],[-69.5086,-38.4902],[-69.5086,-38.4902],[-69.5086,-38.4902],[-69.5085,-38.4902],[-69.5085,-38.4901],[-69.5085,-38.4901],[-69.5085,-38.4901],[-69.5085,-38.4901],[-69.5085,-38.4901],[-69.5085,-38.4901],[-69.5085,-38.4901],[-69.5085,-38.4901],[-69.5085,-38.4901],[-69.5085,-38.4901],[-69.5085,-38.4901],[-69.5085,-38.4901],[-69.5085,-38.4901],[-69.5085,-38.49],[-69.5085,-38.49],[-69.5085,-38.49],[-69.5085,-38.49],[-69.5085,-38.49],[-69.5085,-38.49],[-69.5084,-38.49],[-69.5084,-38.49],[-69.5084,-38.49],[-69.5084,-38.49],[-69.5084,-38.49],[-69.5084,-38.49],[-69.5084,-38.49],[-69.5084,-38.49],[-69.5084,-38.4899],[-69.5084,-38.4899],[-69.5084,-38.4899],[-69.5084,-38.4899],[-69.5084,-38.4899],[-69.5084,-38.4899],[-69.5084,-38.4899],[-69.5084,-38.4899],[-69.5084,-38.4899],[-69.5084,-38.4899],[-69.5084,-38.4899],[-69.5084,-38.4899],[-69.5084,-38.4899],[-69.5083,-38.4898],[-69.5083,-38.4898],[-69.5083,-38.4898],[-69.5083,-38.4898],[-69.5083,-38.4898],[-69.5083,-38.4898],[-69.5083,-38.4898],[-69.5083,-38.4898],[-69.5083,-38.4898],[-69.5083,-38.4898],[-69.5083,-38.4898],[-69.5083,-38.4898],[-69.5083,-38.4898],[-69.5083,-38.4897],[-69.5083,-38.4897],[-69.5083,-38.4897],[-69.5083,-38.4897],[-69.5083,-38.4897],[-69.5083,-38.4897],[-69.5083,-38.4897],[-69.5082,-38.4897],[-69.5082,-38.4897],[-69.5082,-38.4897],[-69.5082,-38.4897],[-69.5082,-38.4897],[-69.5082,-38.4897],[-69.5082,-38.4897],[-69.5082,-38.4896],[-69.5082,-38.4896],[-69.5082,-38.4896],[-69.5082,-38.4896],[-69.5082,-38.4896],[-69.5082,-38.4896],[-69.5082,-38.4896],[-69.5082,-38.4896],[-69.5082,-38.4896],[-69.5082,-38.4896],[-69.5082,-38.4896],[-69.5082,-38.4896],[-69.5082,-38.4896],[-69.5082,-38.4895],[-69.5081,-38.4895],[-69.5081,-38.4895],[-69.5081,-38.4895],[-69.5081,-38.4895],[-69.5081,-38.4895],[-69.5081,-38.4895],[-69.5081,-38.4895],[-69.5081,-38.4895],[-69.5081,-38.4895],[-69.5081,-38.4895],[-69.5081,-38.4895],[-69.5081,-38.4895],[-69.5081,-38.4895],[-69.5081,-38.4894],[-69.5081,-38.4894],[-69.5081,-38.4894],[-69.5081,-38.4894],[-69.508,-38.4894],[-69.508,-38.4894],[-69.508,-38.4894],[-69.508,-38.4894],[-69.508,-38.4894],[-69.508,-38.4894],[-69.508,-38.4894],[-69.508,-38.4894],[-69.508,-38.4894],[-69.508,-38.4894],[-69.508,-38.4894],[-69.508,-38.4894],[-69.508,-38.4894],[-69.5079,-38.4894],[-69.5079,-38.4894],[-69.5079,-38.4894],[-69.5079,-38.4894],[-69.5079,-38.4894],[-69.5079,-38.4893],[-69.5079,-38.4893],[-69.5079,-38.4893],[-69.5079,-38.4893],[-69.5079,-38.4893],[-69.5079,-38.4893],[-69.5079,-38.4893],[-69.5079,-38.4893],[-69.5078,-38.4893],[-69.5078,-38.4893],[-69.5078,-38.4893],[-69.5078,-38.4893],[-69.5078,-38.4893],[-69.5078,-38.4893],[-69.5078,-38.4893],[-69.5078,-38.4893],[-69.5078,-38.4893],[-69.5078,-38.4893],[-69.5078,-38.4893],[-69.5078,-38.4893],[-69.5078,-38.4893],[-69.5077,-38.4893],[-69.5077,-38.4892],[-69.5077,-38.4892],[-69.5077,-38.4892],[-69.5077,-38.4892],[-69.5077,-38.4892],[-69.5077,-38.4892],[-69.5077,-38.4892],[-69.5077,-38.4892],[-69.5077,-38.4892],[-69.5077,-38.4892],[-69.5077,-38.4892],[-69.5077,-38.4892],[-69.5076,-38.4892],[-69.5076,-38.4892],[-69.5076,-38.4892],[-69.5076,-38.4892],[-69.5076,-38.4892],[-69.5076,-38.4892],[-69.5076,-38.4892],[-69.5076,-38.4892],[-69.5076,-38.4892],[-69.5076,-38.4892],[-69.5076,-38.4891],[-69.5076,-38.4891],[-69.5076,-38.4891],[-69.5075,-38.4891],[-69.5075,-38.4891],[-69.5075,-38.4891],[-69.5075,-38.4891],[-69.5075,-38.4891],[-69.5075,-38.4891],[-69.5075,-38.4891],[-69.5075,-38.4891],[-69.5075,-38.4891],[-69.5075,-38.4891],[-69.5075,-38.4891],[-69.5075,-38.4891],[-69.5074,-38.4891],[-69.5074,-38.4891],[-69.5074,-38.4891],[-69.5074,-38.4891],[-69.5074,-38.4891],[-69.5074,-38.4891],[-69.5074,-38.4891],[-69.5074,-38.489],[-69.5074,-38.489],[-69.5074,-38.489],[-69.5074,-38.489],[-69.5074,-38.489],[-69.5074,-38.489],[-69.5073,-38.489],[-69.5073,-38.489],[-69.5073,-38.489],[-69.5073,-38.489],[-69.5073,-38.489],[-69.5073,-38.489],[-69.5073,-38.489],[-69.5073,-38.489],[-69.5073,-38.489],[-69.5073,-38.489],[-69.5073,-38.489],[-69.5073,-38.489],[-69.5073,-38.489],[-69.5072,-38.489],[-69.5072,-38.489],[-69.5072,-38.489],[-69.5072,-38.4889],[-69.5072,-38.4889],[-69.5072,-38.4889],[-69.5072,-38.4889],[-69.5072,-38.4889],[-69.5072,-38.4889],[-69.5072,-38.4889],[-69.5072,-38.4889],[-69.5072,-38.4889],[-69.5072,-38.4889],[-69.5071,-38.4889],[-69.5071,-38.4889],[-69.5071,-38.4889],[-69.5071,-38.4889],[-69.5071,-38.4889],[-69.5071,-38.4889],[-69.5071,-38.4889],[-69.5071,-38.4889],[-69.5071,-38.4889],[-69.5071,-38.4889],[-69.5071,-38.4889],[-69.5071,-38.4888],[-69.5071,-38.4888],[-69.507,-38.4888],[-69.507,-38.4888],[-69.507,-38.4888],[-69.507,-38.4888],[-69.507,-38.4888],[-69.507,-38.4888],[-69.507,-38.4888],[-69.507,-38.4888],[-69.507,-38.4888],[-69.507,-38.4888],[-69.507,-38.4888],[-69.5069,-38.4888],[-69.5069,-38.4888],[-69.5069,-38.4888],[-69.5069,-38.4888],[-69.5069,-38.4888],[-69.5069,-38.4888],[-69.5069,-38.4888],[-69.5069,-38.4888],[-69.5069,-38.4888],[-69.5069,-38.4888],[-69.5069,-38.4888],[-69.5069,-38.4888],[-69.5068,-38.4888],[-69.5068,-38.4888],[-69.5068,-38.4888],[-69.5068,-38.4888],[-69.5068,-38.4888],[-69.5068,-38.4888],[-69.5068,-38.4888],[-69.5068,-38.4888],[-69.5068,-38.4888],[-69.5068,-38.4888],[-69.5068,-38.4888],[-69.5067,-38.4888],[-69.5067,-38.4888],[-69.5067,-38.4888],[-69.5067,-38.4888],[-69.5067,-38.4888],[-69.5067,-38.4888],[-69.5067,-38.4888],[-69.5067,-38.4888],[-69.5067,-38.4888],[-69.5067,-38.4888],[-69.5067,-38.4888],[-69.5067,-38.4888],[-69.5066,-38.4888],[-69.5066,-38.4888],[-69.5066,-38.4888],[-69.5066,-38.4888],[-69.5066,-38.4888],[-69.5066,-38.4888],[-69.5066,-38.4888],[-69.5066,-38.4888],[-69.5066,-38.4888],[-69.5066,-38.4888],[-69.5066,-38.4888],[-69.5065,-38.4888],[-69.5065,-38.4887],[-69.5065,-38.4887],[-69.5065,-38.4887],[-69.5065,-38.4887],[-69.5065,-38.4887],[-69.5065,-38.4887],[-69.5065,-38.4887],[-69.5065,-38.4887],[-69.5065,-38.4887],[-69.5065,-38.4887],[-69.5064,-38.4887],[-69.5064,-38.4887],[-69.5064,-38.4887],[-69.5064,-38.4887],[-69.5064,-38.4887],[-69.5064,-38.4887],[-69.5064,-38.4887],[-69.5064,-38.4887],[-69.5064,-38.4887],[-69.5064,-38.4887],[-69.5064,-38.4887],[-69.5064,-38.4887],[-69.5063,-38.4887],[-69.5063,-38.4887],[-69.5063,-38.4887],[-69.5063,-38.4887],[-69.5063,-38.4887],[-69.5063,-38.4887],[-69.5063,-38.4887],[-69.5063,-38.4887],[-69.5063,-38.4887],[-69.5063,-38.4887],[-69.5063,-38.4887],[-69.5062,-38.4887],[-69.5062,-38.4887],[-69.5062,-38.4887],[-69.5062,-38.4887],[-69.5062,-38.4887],[-69.5062,-38.4887],[-69.5062,-38.4887],[-69.5062,-38.4887],[-69.5062,-38.4887],[-69.5062,-38.4887],[-69.5062,-38.4887],[-69.5061,-38.4887],[-69.5061,-38.4887],[-69.5061,-38.4887],[-69.5061,-38.4887],[-69.5061,-38.4887],[-69.5061,-38.4887],[-69.5061,-38.4887],[-69.5061,-38.4887],[-69.5061,-38.4887],[-69.5061,-38.4887],[-69.5061,-38.4887],[-69.5061,-38.4887],[-69.506,-38.4887],[-69.506,-38.4887],[-69.506,-38.4887],[-69.506,-38.4886],[-69.506,-38.4886],[-69.506,-38.4886],[-69.506,-38.4886],[-69.506,-38.4886],[-69.506,-38.4886],[-69.506,-38.4886],[-69.506,-38.4886],[-69.5059,-38.4886],[-69.5059,-38.4886],[-69.5059,-38.4886],[-69.5059,-38.4886],[-69.5059,-38.4886],[-69.5059,-38.4886],[-69.5059,-38.4886],[-69.5059,-38.4886],[-69.5059,-38.4886],[-69.5059,-38.4886],[-69.5059,-38.4886],[-69.5058,-38.4886],[-69.5058,-38.4886],[-69.5058,-38.4886],[-69.5058,-38.4886],[-69.5058,-38.4886],[-69.5058,-38.4886],[-69.5058,-38.4886],[-69.5058,-38.4886],[-69.5058,-38.4886],[-69.5058,-38.4886],[-69.5058,-38.4886],[-69.5058,-38.4886],[-69.5058,-38.4886],[-69.5057,-38.4886],[-69.5057,-38.4886],[-69.5057,-38.4886],[-69.5057,-38.4886],[-69.5057,-38.4885],[-69.5057,-38.4885],[-69.5057,-38.4885],[-69.5057,-38.4885],[-69.5057,-38.4885],[-69.5057,-38.4885],[-69.5057,-38.4885],[-69.5057,-38.4885],[-69.5056,-38.4885],[-69.5056,-38.4885],[-69.5056,-38.4885],[-69.5056,-38.4885],[-69.5056,-38.4885],[-69.5056,-38.4885],[-69.5056,-38.4885],[-69.5056,-38.4885],[-69.5056,-38.4885],[-69.5056,-38.4885],[-69.5056,-38.4885],[-69.5056,-38.4885],[-69.5056,-38.4885],[-69.5055,-38.4885],[-69.5055,-38.4885],[-69.5055,-38.4885],[-69.5055,-38.4885],[-69.5055,-38.4885],[-69.5055,-38.4884],[-69.5055,-38.4884],[-69.5055,-38.4884],[-69.5055,-38.4884],[-69.5055,-38.4884],[-69.5055,-38.4884],[-69.5055,-38.4884],[-69.5054,-38.4884],[-69.5054,-38.4884],[-69.5054,-38.4884],[-69.5054,-38.4884],[-69.5054,-38.4884],[-69.5054,-38.4884],[-69.5054,-38.4884],[-69.5054,-38.4884],[-69.5054,-38.4884],[-69.5054,-38.4884],[-69.5054,-38.4884],[-69.5054,-38.4884],[-69.5054,-38.4884],[-69.5053,-38.4884],[-69.5053,-38.4884],[-69.5053,-38.4884],[-69.5053,-38.4884],[-69.5053,-38.4884],[-69.5053,-38.4884],[-69.5053,-38.4883],[-69.5053,-38.4883],[-69.5053,-38.4883],[-69.5053,-38.4883],[-69.5053,-38.4883],[-69.5053,-38.4883],[-69.5052,-38.4883],[-69.5052,-38.4883],[-69.5052,-38.4883],[-69.5052,-38.4883],[-69.5052,-38.4883],[-69.5052,-38.4883],[-69.5052,-38.4883],[-69.5052,-38.4883],[-69.5052,-38.4883],[-69.5052,-38.4883],[-69.5052,-38.4883],[-69.5052,-38.4883],[-69.5051,-38.4883],[-69.5051,-38.4883],[-69.5051,-38.4883],[-69.5051,-38.4883],[-69.5051,-38.4883],[-69.5051,-38.4883],[-69.5051,-38.4883],[-69.5051,-38.4882],[-69.5051,-38.4882],[-69.5051,-38.4882],[-69.5051,-38.4882],[-69.5051,-38.4882],[-69.5051,-38.4882],[-69.505,-38.4882],[-69.505,-38.4882],[-69.505,-38.4882],[-69.505,-38.4882],[-69.505,-38.4882],[-69.505,-38.4882],[-69.505,-38.4882],[-69.505,-38.4882],[-69.505,-38.4882],[-69.505,-38.4882],[-69.505,-38.4882],[-69.505,-38.4882],[-69.5049,-38.4882],[-69.5049,-38.4882],[-69.5049,-38.4882],[-69.5049,-38.4882],[-69.5049,-38.4882],[-69.5049,-38.4882],[-69.5049,-38.4882],[-69.5049,-38.4882],[-69.5049,-38.4881],[-69.5049,-38.4881],[-69.5049,-38.4881],[-69.5049,-38.4881],[-69.5048,-38.4881],[-69.5048,-38.4881],[-69.5048,-38.4881],[-69.5048,-38.4881],[-69.5048,-38.4881],[-69.5048,-38.4881],[-69.5048,-38.4881],[-69.5048,-38.4881],[-69.5048,-38.4881],[-69.5048,-38.4881],[-69.5048,-38.4881],[-69.5048,-38.4881],[-69.5047,-38.4881],[-69.5047,-38.4881],[-69.5047,-38.4881],[-69.5047,-38.4881],[-69.5047,-38.4881],[-69.5047,-38.4881],[-69.5047,-38.4881],[-69.5047,-38.4881],[-69.5047,-38.4881],[-69.5047,-38.4881],[-69.5047,-38.4881],[-69.5046,-38.4881],[-69.5046,-38.4881],[-69.5046,-38.4881],[-69.5046,-38.4881],[-69.5046,-38.4881],[-69.5046,-38.4881],[-69.5046,-38.4881],[-69.5046,-38.4881],[-69.5046,-38.4881],[-69.5046,-38.4881],[-69.5046,-38.4881],[-69.5045,-38.4881],[-69.5045,-38.4881],[-69.5045,-38.4881],[-69.5045,-38.4881],[-69.5045,-38.4881],[-69.5045,-38.4881],[-69.5045,-38.4881],[-69.5045,-38.4881],[-69.5045,-38.4881],[-69.5045,-38.4881],[-69.5045,-38.4881],[-69.5044,-38.4881],[-69.5044,-38.4881],[-69.5044,-38.4881],[-69.5044,-38.4881],[-69.5044,-38.4881],[-69.5044,-38.4881],[-69.5044,-38.4881],[-69.5044,-38.4881],[-69.5044,-38.4881],[-69.5044,-38.4881],[-69.5044,-38.4881],[-69.5043,-38.4881],[-69.5043,-38.4881],[-69.5043,-38.4881],[-69.5043,-38.4881],[-69.5043,-38.4881],[-69.5043,-38.4881],[-69.5043,-38.4881],[-69.5043,-38.4881],[-69.5043,-38.4881],[-69.5043,-38.4881],[-69.5043,-38.4881],[-69.5043,-38.4881],[-69.5042,-38.4881],[-69.5042,-38.4881],[-69.5042,-38.4881],[-69.5042,-38.4881],[-69.5042,-38.4881],[-69.5042,-38.4881],[-69.5042,-38.4881],[-69.5042,-38.4881],[-69.5042,-38.4881],[-69.5042,-38.4881],[-69.5042,-38.4881],[-69.5041,-38.4881],[-69.5041,-38.4881],[-69.5041,-38.4881],[-69.5041,-38.4881],[-69.5041,-38.4881],[-69.5041,-38.4881],[-69.5041,-38.4881],[-69.5041,-38.4881],[-69.5041,-38.4881],[-69.5041,-38.4881],[-69.5041,-38.4881],[-69.504,-38.4881],[-69.504,-38.4881],[-69.504,-38.4881],[-69.504,-38.4881],[-69.504,-38.4881],[-69.504,-38.4881],[-69.504,-38.4881],[-69.504,-38.4881],[-69.504,-38.4881],[-69.504,-38.4881],[-69.504,-38.4881],[-69.5039,-38.4881],[-69.5039,-38.4881],[-69.5039,-38.4881],[-69.5039,-38.4881],[-69.5039,-38.4881],[-69.5039,-38.4881],[-69.5039,-38.4881],[-69.5039,-38.4881],[-69.5039,-38.4881],[-69.5039,-38.4881],[-69.5039,-38.4881],[-69.5038,-38.4881],[-69.5038,-38.4881],[-69.5038,-38.4881],[-69.5038,-38.4881],[-69.5038,-38.4881],[-69.5038,-38.4881],[-69.5038,-38.4881],[-69.5038,-38.4881],[-69.5038,-38.4881],[-69.5038,-38.4881],[-69.5038,-38.4881],[-69.5038,-38.4881],[-69.5037,-38.4881],[-69.5037,-38.4881],[-69.5037,-38.4881],[-69.5037,-38.4881],[-69.5037,-38.4882],[-69.5037,-38.4882],[-69.5037,-38.4882],[-69.5037,-38.4882],[-69.5037,-38.4882],[-69.5037,-38.4882],[-69.5037,-38.4882],[-69.5036,-38.4882],[-69.5036,-38.4882],[-69.5036,-38.4882],[-69.5036,-38.4882],[-69.5036,-38.4882],[-69.5036,-38.4882],[-69.5036,-38.4882],[-69.5036,-38.4882],[-69.5036,-38.4882],[-69.5036,-38.4882],[-69.5036,-38.4882],[-69.5035,-38.4882],[-69.5035,-38.4882],[-69.5035,-38.4882],[-69.5035,-38.4882],[-69.5035,-38.4882],[-69.5035,-38.4882],[-69.5035,-38.4882],[-69.5035,-38.4882],[-69.5035,-38.4882],[-69.5035,-38.4882],[-69.5035,-38.4882],[-69.5034,-38.4882],[-69.5034,-38.4882],[-69.5034,-38.4882],[-69.5034,-38.4882],[-69.5034,-38.4882],[-69.5034,-38.4882],[-69.5034,-38.4882],[-69.5034,-38.4882],[-69.5034,-38.4882],[-69.5034,-38.4882],[-69.5034,-38.4882],[-69.5034,-38.4882],[-69.5033,-38.4882],[-69.5033,-38.4882],[-69.5033,-38.4882],[-69.5033,-38.4882],[-69.5033,-38.4882],[-69.5033,-38.4882],[-69.5033,-38.4882],[-69.5033,-38.4882],[-69.5033,-38.4882],[-69.5033,-38.4882],[-69.5033,-38.4882],[-69.5032,-38.4882],[-69.5032,-38.4882],[-69.5032,-38.4882],[-69.5032,-38.4882],[-69.5032,-38.4882],[-69.5032,-38.4882],[-69.5032,-38.4882],[-69.5032,-38.4882],[-69.5032,-38.4882],[-69.5032,-38.4882],[-69.5032,-38.4882],[-69.5031,-38.4882],[-69.5031,-38.4882],[-69.5031,-38.4882],[-69.5031,-38.4882],[-69.5031,-38.4882],[-69.5031,-38.4882],[-69.5031,-38.4882],[-69.5031,-38.4882],[-69.5031,-38.4882],[-69.5031,-38.4882],[-69.5031,-38.4882],[-69.5031,-38.4883],[-69.503,-38.4883],[-69.503,-38.4883],[-69.503,-38.4883],[-69.503,-38.4883],[-69.503,-38.4883],[-69.503,-38.4883],[-69.503,-38.4883],[-69.503,-38.4883],[-69.503,-38.4883],[-69.503,-38.4883],[-69.503,-38.4883],[-69.5029,-38.4883],[-69.5029,-38.4883],[-69.5029,-38.4883],[-69.5029,-38.4883],[-69.5029,-38.4883],[-69.5029,-38.4883],[-69.5029,-38.4883],[-69.5029,-38.4883],[-69.5029,-38.4883],[-69.5029,-38.4883],[-69.5029,-38.4883],[-69.5028,-38.4883],[-69.5028,-38.4883],[-69.5028,-38.4883],[-69.5028,-38.4883],[-69.5028,-38.4883],[-69.5028,-38.4883],[-69.5028,-38.4883],[-69.5028,-38.4883],[-69.5028,-38.4883],[-69.5028,-38.4883],[-69.5028,-38.4883],[-69.5028,-38.4883],[-69.5027,-38.4883],[-69.5027,-38.4883],[-69.5027,-38.4883],[-69.5027,-38.4883],[-69.5027,-38.4883],[-69.5027,-38.4883],[-69.5027,-38.4883],[-69.5027,-38.4883],[-69.5027,-38.4883],[-69.5027,-38.4883],[-69.5027,-38.4883],[-69.5027,-38.4883],[-69.5026,-38.4883],[-69.5026,-38.4883],[-69.5026,-38.4883],[-69.5026,-38.4883],[-69.5026,-38.4884],[-69.5026,-38.4884],[-69.5026,-38.4884],[-69.5026,-38.4884],[-69.5026,-38.4884],[-69.5026,-38.4884],[-69.5026,-38.4884],[-69.5026,-38.4884],[-69.5025,-38.4884],[-69.5025,-38.4884],[-69.5025,-38.4884],[-69.5025,-38.4884],[-69.5025,-38.4884],[-69.5025,-38.4884],[-69.5025,-38.4884],[-69.5025,-38.4884],[-69.5025,-38.4884],[-69.5025,-38.4884],[-69.5025,-38.4884],[-69.5025,-38.4884],[-69.5024,-38.4884],[-69.5024,-38.4884],[-69.5024,-38.4884],[-69.5024,-38.4884],[-69.5024,-38.4884],[-69.5024,-38.4884],[-69.5024,-38.4884],[-69.5024,-38.4884],[-69.5024,-38.4884],[-69.5024,-38.4884],[-69.5024,-38.4885],[-69.5024,-38.4885],[-69.5023,-38.4885],[-69.5023,-38.4885],[-69.5023,-38.4885],[-69.5023,-38.4885],[-69.5023,-38.4885],[-69.5023,-38.4885],[-69.5023,-38.4885],[-69.5023,-38.4885],[-69.5023,-38.4885],[-69.5023,-38.4885],[-69.5023,-38.4885],[-69.5023,-38.4885],[-69.5022,-38.4885],[-69.5022,-38.4885],[-69.5022,-38.4885],[-69.5022,-38.4885],[-69.5022,-38.4885],[-69.5022,-38.4885],[-69.5022,-38.4885],[-69.5022,-38.4885],[-69.5022,-38.4885],[-69.5022,-38.4885],[-69.5022,-38.4885],[-69.5022,-38.4885],[-69.5021,-38.4885],[-69.5021,-38.4885],[-69.5021,-38.4885],[-69.5021,-38.4885],[-69.5021,-38.4886],[-69.5021,-38.4886],[-69.5021,-38.4886],[-69.5021,-38.4886],[-69.5021,-38.4886],[-69.5021,-38.4886],[-69.5021,-38.4886],[-69.5021,-38.4886],[-69.502,-38.4886],[-69.502,-38.4886],[-69.502,-38.4886],[-69.502,-38.4886],[-69.502,-38.4886],[-69.502,-38.4886],[-69.502,-38.4886],[-69.502,-38.4886],[-69.502,-38.4886],[-69.502,-38.4886],[-69.502,-38.4886],[-69.502,-38.4886],[-69.5019,-38.4886],[-69.5019,-38.4886],[-69.5019,-38.4886],[-69.5019,-38.4886],[-69.5019,-38.4886],[-69.5019,-38.4886],[-69.5019,-38.4886],[-69.5019,-38.4886],[-69.5019,-38.4886],[-69.5019,-38.4886],[-69.5019,-38.4886],[-69.5019,-38.4887],[-69.5018,-38.4887],[-69.5018,-38.4887],[-69.5018,-38.4887],[-69.5018,-38.4887],[-69.5018,-38.4887],[-69.5018,-38.4887],[-69.5018,-38.4887],[-69.5018,-38.4887],[-69.5018,-38.4887],[-69.5018,-38.4887],[-69.5018,-38.4887],[-69.5018,-38.4887],[-69.5018,-38.4887],[-69.5017,-38.4887],[-69.5017,-38.4887],[-69.5017,-38.4887],[-69.5017,-38.4887],[-69.5017,-38.4887],[-69.5017,-38.4887],[-69.5017,-38.4887],[-69.5017,-38.4888],[-69.5017,-38.4888],[-69.5017,-38.4888],[-69.5017,-38.4888],[-69.5017,-38.4888],[-69.5017,-38.4888],[-69.5017,-38.4888],[-69.5017,-38.4888],[-69.5016,-38.4888],[-69.5016,-38.4888],[-69.5016,-38.4888],[-69.5016,-38.4888],[-69.5016,-38.4888],[-69.5016,-38.4888],[-69.5016,-38.4888],[-69.5016,-38.4888],[-69.5016,-38.4889],[-69.5016,-38.4889],[-69.5016,-38.4889],[-69.5016,-38.4889],[-69.5016,-38.4889],[-69.5016,-38.4889],[-69.5016,-38.4889],[-69.5015,-38.4889],[-69.5015,-38.4889],[-69.5015,-38.4889],[-69.5015,-38.4889],[-69.5015,-38.4889],[-69.5015,-38.4889],[-69.5015,-38.4889],[-69.5015,-38.4889],[-69.5015,-38.4889],[-69.5015,-38.4889],[-69.5015,-38.489],[-69.5015,-38.489],[-69.5015,-38.489],[-69.5015,-38.489],[-69.5015,-38.489],[-69.5014,-38.489],[-69.5014,-38.489],[-69.5014,-38.489],[-69.5014,-38.489],[-69.5014,-38.489],[-69.5014,-38.489],[-69.5014,-38.489],[-69.5014,-38.489],[-69.5014,-38.489],[-69.5014,-38.489],[-69.5014,-38.489],[-69.5014,-38.489],[-69.5014,-38.4891],[-69.5014,-38.4891],[-69.5014,-38.4891],[-69.5013,-38.4891],[-69.5013,-38.4891],[-69.5013,-38.4891],[-69.5013,-38.4891],[-69.5013,-38.4891],[-69.5013,-38.4891],[-69.5013,-38.4891],[-69.5013,-38.4891],[-69.5013,-38.4891],[-69.5013,-38.4891],[-69.5013,-38.4891],[-69.5013,-38.4891],[-69.5013,-38.4891],[-69.5013,-38.4891],[-69.5012,-38.4892],[-69.5012,-38.4892],[-69.5012,-38.4892],[-69.5012,-38.4892],[-69.5012,-38.4892],[-69.5012,-38.4892],[-69.5012,-38.4892],[-69.5012,-38.4892],[-69.5012,-38.4892],[-69.5012,-38.4892],[-69.5012,-38.4892],[-69.5012,-38.4892],[-69.5012,-38.4892],[-69.5012,-38.4893],[-69.5012,-38.4893],[-69.5012,-38.4893],[-69.5012,-38.4893],[-69.5012,-38.4893],[-69.5012,-38.4893],[-69.5012,-38.4893],[-69.5012,-38.4893],[-69.5012,-38.4893],[-69.5011,-38.4893],[-69.5011,-38.4893],[-69.5011,-38.4893],[-69.5011,-38.4893],[-69.5011,-38.4894],[-69.5011,-38.4894],[-69.5011,-38.4894],[-69.5011,-38.4894],[-69.5011,-38.4894],[-69.5011,-38.4894],[-69.5011,-38.4894],[-69.5011,-38.4894],[-69.5011,-38.4894],[-69.5011,-38.4894],[-69.5011,-38.4894],[-69.5011,-38.4894],[-69.5011,-38.4894],[-69.5011,-38.4895],[-69.5011,-38.4895],[-69.5011,-38.4895],[-69.5011,-38.4895],[-69.5011,-38.4895],[-69.501,-38.4895],[-69.501,-38.4895],[-69.501,-38.4895],[-69.501,-38.4895],[-69.501,-38.4895],[-69.501,-38.4895],[-69.501,-38.4895],[-69.501,-38.4895],[-69.501,-38.4896],[-69.501,-38.4896],[-69.501,-38.4896],[-69.501,-38.4896],[-69.501,-38.4896],[-69.501,-38.4896],[-69.501,-38.4896],[-69.501,-38.4896],[-69.501,-38.4896],[-69.501,-38.4896],[-69.501,-38.4896],[-69.501,-38.4896],[-69.501,-38.4896],[-69.501,-38.4897],[-69.501,-38.4897],[-69.5009,-38.4897],[-69.5009,-38.4897],[-69.5009,-38.4897],[-69.5009,-38.4897],[-69.5009,-38.4897],[-69.5009,-38.4897],[-69.5009,-38.4897],[-69.5009,-38.4897],[-69.5009,-38.4897],[-69.5009,-38.4897],[-69.5009,-38.4898],[-69.5009,-38.4898],[-69.5009,-38.4898],[-69.5009,-38.4898],[-69.5009,-38.4898],[-69.5009,-38.4898],[-69.5009,-38.4898],[-69.5009,-38.4898],[-69.5009,-38.4898],[-69.5009,-38.4898],[-69.5009,-38.4898],[-69.5009,-38.4898],[-69.5009,-38.4898],[-69.5009,-38.4899],[-69.5009,-38.4899],[-69.5009,-38.4899],[-69.5008,-38.4899],[-69.5008,-38.4899],[-69.5008,-38.4899],[-69.5008,-38.4899],[-69.5008,-38.4899],[-69.5008,-38.4899],[-69.5008,-38.4899],[-69.5008,-38.4899],[-69.5008,-38.49],[-69.5008,-38.49],[-69.5008,-38.49],[-69.5008,-38.49],[-69.5008,-38.49],[-69.5008,-38.49],[-69.5008,-38.49],[-69.5008,-38.49],[-69.5008,-38.49],[-69.5008,-38.49],[-69.5008,-38.49],[-69.5008,-38.49],[-69.5008,-38.4901],[-69.5008,-38.4901],[-69.5008,-38.4901],[-69.5008,-38.4901],[-69.5008,-38.4901],[-69.5008,-38.4901],[-69.5008,-38.4901],[-69.5008,-38.4901],[-69.5008,-38.4901],[-69.5008,-38.4901],[-69.5008,-38.4901],[-69.5008,-38.4901],[-69.5008,-38.4902],[-69.5008,-38.4902],[-69.5007,-38.4902],[-69.5007,-38.4902],[-69.5007,-38.4902],[-69.5007,-38.4902],[-69.5007,-38.4902],[-69.5007,-38.4902],[-69.5007,-38.4902],[-69.5007,-38.4902],[-69.5007,-38.4902],[-69.5007,-38.4902],[-69.5007,-38.4903],[-69.5007,-38.4903],[-69.5007,-38.4903],[-69.5007,-38.4903],[-69.5007,-38.4903],[-69.5007,-38.4903],[-69.5007,-38.4903],[-69.5007,-38.4903],[-69.5007,-38.4903],[-69.5007,-38.4903],[-69.5007,-38.4903],[-69.5007,-38.4904],[-69.5007,-38.4904],[-69.5007,-38.4904],[-69.5007,-38.4904],[-69.5007,-38.4904],[-69.5007,-38.4904],[-69.5007,-38.4904],[-69.5007,-38.4904],[-69.5007,-38.4904],[-69.5007,-38.4904],[-69.5007,-38.4904],[-69.5007,-38.4904],[-69.5007,-38.4905],[-69.5006,-38.4905],[-69.5006,-38.4905],[-69.5006,-38.4905],[-69.5006,-38.4905],[-69.5006,-38.4905],[-69.5006,-38.4905],[-69.5006,-38.4905],[-69.5006,-38.4905],[-69.5006,-38.4905],[-69.5006,-38.4905],[-69.5006,-38.4905],[-69.5006,-38.4906],[-69.5006,-38.4906],[-69.5006,-38.4906],[-69.5006,-38.4906],[-69.5006,-38.4906],[-69.5006,-38.4906],[-69.5006,-38.4906],[-69.5006,-38.4906],[-69.5006,-38.4906],[-69.5006,-38.4906],[-69.5006,-38.4906],[-69.5006,-38.4906],[-69.5006,-38.4907],[-69.5006,-38.4907],[-69.5006,-38.4907],[-69.5006,-38.4907],[-69.5005,-38.4907],[-69.5005,-38.4907],[-69.5005,-38.4907],[-69.5005,-38.4907],[-69.5005,-38.4907],[-69.5005,-38.4907],[-69.5005,-38.4907],[-69.5005,-38.4907],[-69.5005,-38.4907],[-69.5005,-38.4907],[-69.5005,-38.4907],[-69.5005,-38.4907],[-69.5005,-38.4907],[-69.5005,-38.4907],[-69.5004,-38.4908],[-69.5004,-38.4908],[-69.5004,-38.4908],[-69.5004,-38.4908],[-69.5004,-38.4908],[-69.5004,-38.4908],[-69.5004,-38.4908],[-69.5004,-38.4908],[-69.5004,-38.4908],[-69.5004,-38.4908],[-69.5004,-38.4908],[-69.5004,-38.4908],[-69.5004,-38.4908],[-69.5004,-38.4908],[-69.5003,-38.4908],[-69.5003,-38.4908],[-69.5003,-38.4908],[-69.5003,-38.4908],[-69.5003,-38.4909],[-69.5003,-38.4909],[-69.5003,-38.4909],[-69.5003,-38.4909],[-69.5003,-38.4909],[-69.5003,-38.4909],[-69.5003,-38.4909],[-69.5003,-38.4909],[-69.5003,-38.4909],[-69.5003,-38.4909],[-69.5003,-38.4909],[-69.5002,-38.4909],[-69.5002,-38.4909],[-69.5002,-38.4909],[-69.5002,-38.4909],[-69.5002,-38.4909],[-69.5002,-38.4909],[-69.5002,-38.4909],[-69.5002,-38.491],[-69.5002,-38.491],[-69.5002,-38.491],[-69.5002,-38.491],[-69.5002,-38.491],[-69.5002,-38.491],[-69.5002,-38.491],[-69.5001,-38.491],[-69.5001,-38.491],[-69.5001,-38.491],[-69.5001,-38.491],[-69.5001,-38.491],[-69.5001,-38.491],[-69.5001,-38.491],[-69.5001,-38.491],[-69.5001,-38.491],[-69.5001,-38.491],[-69.5001,-38.491],[-69.5001,-38.4911],[-69.5001,-38.4911],[-69.5001,-38.4911],[-69.5001,-38.4911],[-69.5,-38.4911],[-69.5,-38.4911],[-69.5,-38.4911],[-69.5,-38.4911],[-69.5,-38.4911],[-69.5,-38.4911],[-69.5,-38.4911],[-69.5,-38.4911],[-69.5,-38.4911],[-69.5,-38.4911],[-69.5,-38.4911],[-69.5,-38.4911],[-69.5,-38.4911],[-69.4999,-38.4911],[-69.4999,-38.4911],[-69.4999,-38.4912],[-69.4999,-38.4912],[-69.4999,-38.4912],[-69.4999,-38.4912],[-69.4999,-38.4912],[-69.4999,-38.4912],[-69.4999,-38.4912],[-69.4999,-38.4912],[-69.4999,-38.4912],[-69.4999,-38.4912],[-69.4999,-38.4912],[-69.4999,-38.4912],[-69.4998,-38.4912],[-69.4998,-38.4912],[-69.4998,-38.4912],[-69.4998,-38.4912],[-69.4998,-38.4912],[-69.4998,-38.4912],[-69.4998,-38.4912],[-69.4998,-38.4913],[-69.4998,-38.4913],[-69.4998,-38.4913],[-69.4998,-38.4913],[-69.4998,-38.4913],[-69.4998,-38.4913],[-69.4998,-38.4913],[-69.4997,-38.4913],[-69.4997,-38.4913],[-69.4997,-38.4913],[-69.4997,-38.4913],[-69.4997,-38.4913],[-69.4997,-38.4913],[-69.4997,-38.4913],[-69.4997,-38.4913],[-69.4997,-38.4913],[-69.4997,-38.4913],[-69.4997,-38.4913],[-69.4997,-38.4913],[-69.4997,-38.4914],[-69.4996,-38.4914],[-69.4996,-38.4914],[-69.4996,-38.4914],[-69.4996,-38.4914],[-69.4996,-38.4914],[-69.4996,-38.4914],[-69.4996,-38.4914],[-69.4996,-38.4914],[-69.4996,-38.4914],[-69.4996,-38.4914],[-69.4996,-38.4914],[-69.4996,-38.4914],[-69.4996,-38.4914],[-69.4996,-38.4914],[-69.4995,-38.4914],[-69.4995,-38.4914],[-69.4995,-38.4914],[-69.4995,-38.4914],[-69.4995,-38.4915],[-69.4995,-38.4915],[-69.4995,-38.4915],[-69.4995,-38.4915],[-69.4995,-38.4915],[-69.4995,-38.4915],[-69.4995,-38.4915],[-69.4995,-38.4915],[-69.4995,-38.4915],[-69.4995,-38.4915],[-69.4994,-38.4915],[-69.4994,-38.4915],[-69.4994,-38.4915],[-69.4994,-38.4915],[-69.4994,-38.4915],[-69.4994,-38.4915],[-69.4994,-38.4915],[-69.4994,-38.4915],[-69.4994,-38.4915],[-69.4994,-38.4915],[-69.4994,-38.4916],[-69.4994,-38.4916],[-69.4994,-38.4916],[-69.4993,-38.4916],[-69.4993,-38.4916],[-69.4993,-38.4916],[-69.4993,-38.4916],[-69.4993,-38.4916],[-69.4993,-38.4916],[-69.4993,-38.4916],[-69.4993,-38.4916],[-69.4993,-38.4916],[-69.4993,-38.4916],[-69.4993,-38.4916],[-69.4993,-38.4916],[-69.4993,-38.4916],[-69.4992,-38.4916],[-69.4992,-38.4916],[-69.4992,-38.4916],[-69.4992,-38.4916],[-69.4992,-38.4916],[-69.4992,-38.4916],[-69.4992,-38.4917],[-69.4992,-38.4917],[-69.4992,-38.4917],[-69.4992,-38.4917],[-69.4992,-38.4917],[-69.4992,-38.4917],[-69.4992,-38.4917],[-69.4991,-38.4917],[-69.4991,-38.4917],[-69.4991,-38.4917],[-69.4991,-38.4917],[-69.4991,-38.4917],[-69.4991,-38.4917],[-69.4991,-38.4917],[-69.4991,-38.4917],[-69.4991,-38.4917],[-69.4991,-38.4917],[-69.4991,-38.4917],[-69.4991,-38.4917],[-69.4991,-38.4917],[-69.499,-38.4917],[-69.499,-38.4917],[-69.499,-38.4918],[-69.499,-38.4918],[-69.499,-38.4918],[-69.499,-38.4918],[-69.499,-38.4918],[-69.499,-38.4918],[-69.499,-38.4918],[-69.499,-38.4918],[-69.499,-38.4918],[-69.499,-38.4918],[-69.499,-38.4918],[-69.4989,-38.4918],[-69.4989,-38.4918],[-69.4989,-38.4918],[-69.4989,-38.4918],[-69.4989,-38.4918],[-69.4989,-38.4918],[-69.4989,-38.4918],[-69.4989,-38.4918],[-69.4989,-38.4918],[-69.4989,-38.4918],[-69.4989,-38.4918],[-69.4989,-38.4918],[-69.4989,-38.4919],[-69.4988,-38.4919],[-69.4988,-38.4919],[-69.4988,-38.4919],[-69.4988,-38.4919],[-69.4988,-38.4919],[-69.4988,-38.4919],[-69.4988,-38.4919],[-69.4988,-38.4919],[-69.4988,-38.4919],[-69.4988,-38.4919],[-69.4988,-38.4919],[-69.4988,-38.4919],[-69.4988,-38.4919],[-69.4987,-38.4919],[-69.4987,-38.4919],[-69.4987,-38.4919],[-69.4987,-38.4919],[-69.4987,-38.4919],[-69.4987,-38.4919],[-69.4987,-38.4919],[-69.4987,-38.492],[-69.4987,-38.492],[-69.4987,-38.492],[-69.4987,-38.492],[-69.4987,-38.492],[-69.4987,-38.492],[-69.4987,-38.492],[-69.4986,-38.492],[-69.4986,-38.492],[-69.4986,-38.492],[-69.4986,-38.492],[-69.4986,-38.492],[-69.4986,-38.492],[-69.4986,-38.492],[-69.4986,-38.492],[-69.4986,-38.492],[-69.4986,-38.492],[-69.4986,-38.492],[-69.4986,-38.4921],[-69.4986,-38.4921],[-69.4986,-38.4921],[-69.4985,-38.4921],[-69.4985,-38.4921],[-69.4985,-38.4921],[-69.4985,-38.4921],[-69.4985,-38.4921],[-69.4985,-38.4921],[-69.4985,-38.4921],[-69.4985,-38.4921],[-69.4985,-38.4921],[-69.4985,-38.4921],[-69.4985,-38.4921],[-69.4985,-38.4921],[-69.4985,-38.4921],[-69.4985,-38.4921],[-69.4984,-38.4921],[-69.4984,-38.4922],[-69.4984,-38.4922],[-69.4984,-38.4922],[-69.4984,-38.4922],[-69.4984,-38.4922],[-69.4984,-38.4922],[-69.4984,-38.4922],[-69.4984,-38.4922],[-69.4984,-38.4922],[-69.4984,-38.4922],[-69.4984,-38.4922],[-69.4984,-38.4922],[-69.4984,-38.4922],[-69.4984,-38.4922],[-69.4983,-38.4922],[-69.4983,-38.4922],[-69.4983,-38.4922],[-69.4983,-38.4922],[-69.4983,-38.4923],[-69.4983,-38.4923],[-69.4983,-38.4923],[-69.4983,-38.4923],[-69.4983,-38.4923],[-69.4983,-38.4923],[-69.4983,-38.4923],[-69.4983,-38.4923],[-69.4983,-38.4923],[-69.4983,-38.4923],[-69.4982,-38.4923],[-69.4982,-38.4923],[-69.4982,-38.4923],[-69.4982,-38.4923],[-69.4982,-38.4923],[-69.4982,-38.4923],[-69.4982,-38.4923],[-69.4982,-38.4923],[-69.4982,-38.4924],[-69.4982,-38.4924],[-69.4982,-38.4924],[-69.4982,-38.4924],[-69.4982,-38.4924],[-69.4982,-38.4924],[-69.4981,-38.4924],[-69.4981,-38.4924],[-69.4981,-38.4924],[-69.4981,-38.4924],[-69.4981,-38.4924],[-69.4981,-38.4924],[-69.4981,-38.4924],[-69.4981,-38.4924],[-69.4981,-38.4924],[-69.4981,-38.4924],[-69.4981,-38.4924],[-69.4981,-38.4924],[-69.4981,-38.4924],[-69.498,-38.4924],[-69.498,-38.4925],[-69.498,-38.4925],[-69.498,-38.4925],[-69.498,-38.4925],[-69.498,-38.4925],[-69.498,-38.4925],[-69.498,-38.4925],[-69.498,-38.4925],[-69.498,-38.4925],[-69.498,-38.4925],[-69.498,-38.4925],[-69.498,-38.4925],[-69.498,-38.4925],[-69.4979,-38.4925],[-69.4979,-38.4925],[-69.4979,-38.4925],[-69.4979,-38.4925],[-69.4979,-38.4925],[-69.4979,-38.4925],[-69.4979,-38.4925],[-69.4979,-38.4926],[-69.4979,-38.4926],[-69.4979,-38.4926],[-69.4979,-38.4926],[-69.4979,-38.4926],[-69.4979,-38.4926],[-69.4978,-38.4926],[-69.4978,-38.4926],[-69.4978,-38.4926],[-69.4978,-38.4926],[-69.4978,-38.4926],[-69.4978,-38.4926],[-69.4978,-38.4926],[-69.4978,-38.4926],[-69.4978,-38.4926],[-69.4978,-38.4926],[-69.4978,-38.4926],[-69.4978,-38.4926],[-69.4978,-38.4926],[-69.4978,-38.4926],[-69.4977,-38.4927],[-69.4977,-38.4927],[-69.4977,-38.4927],[-69.4977,-38.4927],[-69.4977,-38.4927],[-69.4977,-38.4927],[-69.4977,-38.4927],[-69.4977,-38.4927],[-69.4977,-38.4927],[-69.4977,-38.4927],[-69.4977,-38.4927],[-69.4977,-38.4927],[-69.4977,-38.4927],[-69.4976,-38.4927],[-69.4976,-38.4927],[-69.4976,-38.4927],[-69.4976,-38.4927],[-69.4976,-38.4927],[-69.4976,-38.4927],[-69.4976,-38.4927],[-69.4976,-38.4928],[-69.4976,-38.4928],[-69.4976,-38.4928],[-69.4976,-38.4928],[-69.4976,-38.4928],[-69.4976,-38.4928],[-69.4975,-38.4928],[-69.4975,-38.4928],[-69.4975,-38.4928],[-69.4975,-38.4928],[-69.4975,-38.4928],[-69.4975,-38.4928],[-69.4975,-38.4928],[-69.4975,-38.4928],[-69.4975,-38.4928],[-69.4975,-38.4928],[-69.4975,-38.4928],[-69.4975,-38.4928],[-69.4975,-38.4928],[-69.4975,-38.4929],[-69.4974,-38.4929],[-69.4974,-38.4929],[-69.4974,-38.4929],[-69.4974,-38.4929],[-69.4974,-38.4929],[-69.4974,-38.4929],[-69.4974,-38.4929],[-69.4974,-38.4929],[-69.4974,-38.4929],[-69.4974,-38.4929],[-69.4974,-38.4929],[-69.4974,-38.4929],[-69.4974,-38.4929],[-69.4973,-38.4929],[-69.4973,-38.4929],[-69.4973,-38.4929],[-69.4973,-38.4929],[-69.4973,-38.4929],[-69.4973,-38.4929],[-69.4973,-38.4929],[-69.4973,-38.4929],[-69.4973,-38.4929],[-69.4973,-38.4929],[-69.4973,-38.4929],[-69.4972,-38.4929],[-69.4972,-38.4929],[-69.4972,-38.4929],[-69.4972,-38.4929],[-69.4972,-38.4929],[-69.4972,-38.4929],[-69.4972,-38.4929],[-69.4972,-38.493],[-69.4972,-38.493],[-69.4972,-38.493],[-69.4972,-38.493],[-69.4972,-38.493],[-69.4971,-38.493],[-69.4971,-38.493],[-69.4971,-38.493],[-69.4971,-38.493],[-69.4971,-38.493],[-69.4971,-38.493],[-69.4971,-38.493],[-69.4971,-38.493],[-69.4971,-38.493],[-69.4971,-38.493],[-69.4971,-38.493],[-69.4971,-38.493],[-69.497,-38.493],[-69.497,-38.493],[-69.497,-38.493],[-69.497,-38.493],[-69.497,-38.493],[-69.497,-38.493],[-69.497,-38.493],[-69.497,-38.493],[-69.497,-38.493],[-69.497,-38.493],[-69.497,-38.493],[-69.4969,-38.493],[-69.4969,-38.493],[-69.4969,-38.493],[-69.4969,-38.493],[-69.4969,-38.493],[-69.4969,-38.493],[-69.4969,-38.493],[-69.4969,-38.493],[-69.4969,-38.493],[-69.4969,-38.493],[-69.4969,-38.493],[-69.4969,-38.493],[-69.4968,-38.4931],[-69.4968,-38.4931],[-69.4968,-38.4931],[-69.4968,-38.4931],[-69.4968,-38.4931],[-69.4968,-38.4931],[-69.4968,-38.4931],[-69.4968,-38.4931],[-69.4968,-38.4931],[-69.4968,-38.4931],[-69.4968,-38.4931],[-69.4967,-38.4931],[-69.4967,-38.4931],[-69.4967,-38.4931],[-69.4967,-38.4931],[-69.4967,-38.4931],[-69.4967,-38.4931],[-69.4967,-38.4931],[-69.4967,-38.4931],[-69.4967,-38.4931],[-69.4967,-38.4931],[-69.4967,-38.4931],[-69.4967,-38.4931],[-69.4966,-38.4931],[-69.4966,-38.4931],[-69.4966,-38.4931],[-69.4966,-38.4931],[-69.4966,-38.4931],[-69.4966,-38.4931],[-69.4966,-38.4931],[-69.4966,-38.4931],[-69.4966,-38.4931],[-69.4966,-38.4931],[-69.4966,-38.4931],[-69.4966,-38.4931],[-69.4965,-38.4931],[-69.4965,-38.4931],[-69.4965,-38.4931],[-69.4965,-38.4931],[-69.4965,-38.4931],[-69.4965,-38.4931],[-69.4965,-38.4932],[-69.4965,-38.4932],[-69.4965,-38.4932],[-69.4965,-38.4932],[-69.4965,-38.4932],[-69.4964,-38.4932],[-69.4964,-38.4932],[-69.4964,-38.4932],[-69.4964,-38.4932],[-69.4964,-38.4932],[-69.4964,-38.4932],[-69.4964,-38.4932],[-69.4964,-38.4932],[-69.4964,-38.4932],[-69.4964,-38.4932],[-69.4964,-38.4932],[-69.4964,-38.4932],[-69.4963,-38.4932],[-69.4963,-38.4932],[-69.4963,-38.4932],[-69.4963,-38.4932],[-69.4963,-38.4932],[-69.4963,-38.4932],[-69.4963,-38.4932],[-69.4963,-38.4932],[-69.4963,-38.4932],[-69.4963,-38.4932],[-69.4963,-38.4932],[-69.4963,-38.4932],[-69.4962,-38.4932],[-69.4962,-38.4932],[-69.4962,-38.4932],[-69.4962,-38.4932],[-69.4962,-38.4932],[-69.4962,-38.4932],[-69.4962,-38.4932],[-69.4962,-38.4932],[-69.4962,-38.4932],[-69.4962,-38.4932],[-69.4962,-38.4932],[-69.4961,-38.4932],[-69.4961,-38.4932],[-69.4961,-38.4932],[-69.4961,-38.4932],[-69.4961,-38.4932],[-69.4961,-38.4932],[-69.4961,-38.4932],[-69.4961,-38.4932],[-69.4961,-38.4932],[-69.4961,-38.4932],[-69.4961,-38.4932],[-69.496,-38.4932],[-69.496,-38.4932],[-69.496,-38.4932],[-69.496,-38.4932],[-69.496,-38.4932],[-69.496,-38.4932],[-69.496,-38.4932],[-69.496,-38.4932],[-69.496,-38.4932],[-69.496,-38.4932],[-69.496,-38.4932],[-69.4959,-38.4932],[-69.4959,-38.4932],[-69.4959,-38.4932],[-69.4959,-38.4932],[-69.4959,-38.4932],[-69.4959,-38.4932],[-69.4959,-38.4932],[-69.4959,-38.4932],[-69.4959,-38.4932],[-69.4959,-38.4932],[-69.4959,-38.4932],[-69.4959,-38.4932],[-69.4958,-38.4932],[-69.4958,-38.4932],[-69.4958,-38.4932],[-69.4958,-38.4932],[-69.4958,-38.4932],[-69.4958,-38.4932],[-69.4958,-38.4932],[-69.4958,-38.4932],[-69.4958,-38.4932],[-69.4958,-38.4932],[-69.4958,-38.4932],[-69.4957,-38.4932],[-69.4957,-38.4932],[-69.4957,-38.4932],[-69.4957,-38.4932],[-69.4957,-38.4932],[-69.4957,-38.4932],[-69.4957,-38.4932],[-69.4957,-38.4932],[-69.4957,-38.4932],[-69.4957,-38.4932],[-69.4957,-38.4932],[-69.4956,-38.4932],[-69.4956,-38.4932],[-69.4956,-38.4932],[-69.4956,-38.4932],[-69.4956,-38.4932],[-69.4956,-38.4932],[-69.4956,-38.4932],[-69.4956,-38.4932],[-69.4956,-38.4932],[-69.4956,-38.4932],[-69.4956,-38.4932],[-69.4955,-38.4932],[-69.4955,-38.4932],[-69.4955,-38.4932],[-69.4955,-38.4932],[-69.4955,-38.4932],[-69.4955,-38.4932],[-69.4955,-38.4932],[-69.4955,-38.4932],[-69.4955,-38.4932],[-69.4955,-38.4932],[-69.4955,-38.4932],[-69.4954,-38.4932],[-69.4954,-38.4932],[-69.4954,-38.4932],[-69.4954,-38.4932],[-69.4954,-38.4932],[-69.4954,-38.4932],[-69.4954,-38.4932],[-69.4954,-38.4932],[-69.4954,-38.4932],[-69.4954,-38.4932],[-69.4954,-38.4932],[-69.4953,-38.4932],[-69.4953,-38.4932],[-69.4953,-38.4932],[-69.4953,-38.4932],[-69.4953,-38.4932],[-69.4953,-38.4932],[-69.4953,-38.4932],[-69.4953,-38.4932],[-69.4953,-38.4932],[-69.4953,-38.4932],[-69.4953,-38.4932],[-69.4953,-38.4932],[-69.4952,-38.4932],[-69.4952,-38.4932],[-69.4952,-38.4932],[-69.4952,-38.4932],[-69.4952,-38.4932],[-69.4952,-38.4932],[-69.4952,-38.4932],[-69.4952,-38.4932],[-69.4952,-38.4932],[-69.4952,-38.4932],[-69.4952,-38.4932],[-69.4951,-38.4932],[-69.4951,-38.4932],[-69.4951,-38.4932],[-69.4951,-38.4932],[-69.4951,-38.4932],[-69.4951,-38.4932],[-69.4951,-38.4932],[-69.4951,-38.4932],[-69.4951,-38.4931],[-69.4951,-38.4931],[-69.4951,-38.4931],[-69.495,-38.4931],[-69.495,-38.4931],[-69.495,-38.4931],[-69.495,-38.4931],[-69.495,-38.4931],[-69.495,-38.4931],[-69.495,-38.4931],[-69.495,-38.4931],[-69.495,-38.4931],[-69.495,-38.4931],[-69.495,-38.4931],[-69.495,-38.4931],[-69.4949,-38.4931],[-69.4949,-38.4931],[-69.4949,-38.4931],[-69.4949,-38.4931],[-69.4949,-38.4931],[-69.4949,-38.4931],[-69.4949,-38.4931],[-69.4949,-38.4931],[-69.4949,-38.4931],[-69.4949,-38.4931],[-69.4949,-38.4931],[-69.4948,-38.4931],[-69.4948,-38.4931],[-69.4948,-38.4931],[-69.4948,-38.4931],[-69.4948,-38.4931],[-69.4948,-38.4931],[-69.4948,-38.4931],[-69.4948,-38.4931],[-69.4948,-38.4931],[-69.4948,-38.4931],[-69.4948,-38.4931],[-69.4947,-38.4931],[-69.4947,-38.4931],[-69.4947,-38.4931],[-69.4947,-38.4931],[-69.4947,-38.4931],[-69.4947,-38.4931],[-69.4947,-38.4931],[-69.4947,-38.4931],[-69.4947,-38.4931],[-69.4947,-38.4931],[-69.4947,-38.4931],[-69.4946,-38.4931],[-69.4946,-38.4931],[-69.4946,-38.4931],[-69.4946,-38.4931],[-69.4946,-38.4931],[-69.4946,-38.4931],[-69.4946,-38.4931],[-69.4946,-38.4931],[-69.4946,-38.4931],[-69.4946,-38.4931],[-69.4946,-38.4931],[-69.4946,-38.4931],[-69.4945,-38.4931],[-69.4945,-38.4931],[-69.4945,-38.4931],[-69.4945,-38.4931],[-69.4945,-38.4931],[-69.4945,-38.493],[-69.4945,-38.493],[-69.4945,-38.493],[-69.4945,-38.493],[-69.4945,-38.493],[-69.4945,-38.493],[-69.4944,-38.493],[-69.4944,-38.493],[-69.4944,-38.493],[-69.4944,-38.493],[-69.4944,-38.493],[-69.4944,-38.493],[-69.4944,-38.493],[-69.4944,-38.493],[-69.4944,-38.493],[-69.4944,-38.493],[-69.4944,-38.493],[-69.4943,-38.493],[-69.4943,-38.493],[-69.4943,-38.493],[-69.4943,-38.493],[-69.4943,-38.493],[-69.4943,-38.493],[-69.4943,-38.493],[-69.4943,-38.493],[-69.4943,-38.493],[-69.4943,-38.493],[-69.4943,-38.493],[-69.4943,-38.493],[-69.4942,-38.493],[-69.4942,-38.493],[-69.4942,-38.493],[-69.4942,-38.493],[-69.4942,-38.493],[-69.4942,-38.493],[-69.4942,-38.493],[-69.4942,-38.493],[-69.4942,-38.493],[-69.4942,-38.493],[-69.4942,-38.493],[-69.4941,-38.493],[-69.4941,-38.493],[-69.4941,-38.493],[-69.4941,-38.493],[-69.4941,-38.493],[-69.4941,-38.493],[-69.4941,-38.493],[-69.4941,-38.493],[-69.4941,-38.493],[-69.4941,-38.493],[-69.4941,-38.493],[-69.494,-38.493],[-69.494,-38.493],[-69.494,-38.493],[-69.494,-38.493],[-69.494,-38.493],[-69.494,-38.493],[-69.494,-38.493],[-69.494,-38.493],[-69.494,-38.493],[-69.494,-38.493],[-69.494,-38.493],[-69.494,-38.493],[-69.4939,-38.493],[-69.4939,-38.4929],[-69.4939,-38.4929],[-69.4939,-38.4929],[-69.4939,-38.4929],[-69.4939,-38.4929],[-69.4939,-38.4929],[-69.4939,-38.4929],[-69.4939,-38.4929],[-69.4939,-38.4929],[-69.4939,-38.4929],[-69.4938,-38.4929],[-69.4938,-38.4929],[-69.4938,-38.4929],[-69.4938,-38.4929],[-69.4938,-38.4929],[-69.4938,-38.4929],[-69.4938,-38.4929],[-69.4938,-38.4929],[-69.4938,-38.4929],[-69.4938,-38.4929],[-69.4938,-38.4929],[-69.4938,-38.4929],[-69.4937,-38.4929],[-69.4937,-38.4929],[-69.4937,-38.4929],[-69.4937,-38.4929],[-69.4937,-38.4929],[-69.4937,-38.4929],[-69.4937,-38.4929],[-69.4937,-38.4929],[-69.4937,-38.4929],[-69.4937,-38.4929],[-69.4937,-38.4929],[-69.4936,-38.4929],[-69.4936,-38.4929],[-69.4936,-38.4929],[-69.4936,-38.4929],[-69.4936,-38.4929],[-69.4936,-38.4929],[-69.4936,-38.4929],[-69.4936,-38.4929],[-69.4936,-38.4929],[-69.4936,-38.4929],[-69.4936,-38.4929],[-69.4936,-38.4929],[-69.4935,-38.4928],[-69.4935,-38.4928],[-69.4935,-38.4928],[-69.4935,-38.4928],[-69.4935,-38.4928],[-69.4935,-38.4928],[-69.4935,-38.4928],[-69.4935,-38.4928],[-69.4935,-38.4928],[-69.4935,-38.4928],[-69.4935,-38.4928],[-69.4934,-38.4928],[-69.4934,-38.4928],[-69.4934,-38.4928],[-69.4934,-38.4928],[-69.4934,-38.4928],[-69.4934,-38.4928],[-69.4934,-38.4928],[-69.4934,-38.4928],[-69.4934,-38.4928],[-69.4934,-38.4928],[-69.4934,-38.4928],[-69.4934,-38.4928],[-69.4933,-38.4928],[-69.4933,-38.4928],[-69.4933,-38.4928],[-69.4933,-38.4928],[-69.4933,-38.4928],[-69.4933,-38.4928],[-69.4933,-38.4928],[-69.4933,-38.4928],[-69.4933,-38.4928],[-69.4933,-38.4928],[-69.4933,-38.4928],[-69.4932,-38.4928],[-69.4932,-38.4928],[-69.4932,-38.4928],[-69.4932,-38.4928],[-69.4932,-38.4928],[-69.4932,-38.4928],[-69.4932,-38.4928],[-69.4932,-38.4928],[-69.4932,-38.4928],[-69.4932,-38.4928],[-69.4932,-38.4928],[-69.4932,-38.4927],[-69.4931,-38.4927],[-69.4931,-38.4927],[-69.4931,-38.4927],[-69.4931,-38.4927],[-69.4931,-38.4927],[-69.4931,-38.4927],[-69.4931,-38.4927],[-69.4931,-38.4927],[-69.4931,-38.4927],[-69.4931,-38.4927],[-69.4931,-38.4927],[-69.493,-38.4927],[-69.493,-38.4927],[-69.493,-38.4927],[-69.493,-38.4927],[-69.493,-38.4927],[-69.493,-38.4927],[-69.493,-38.4927],[-69.493,-38.4927],[-69.493,-38.4927],[-69.493,-38.4927],[-69.493,-38.4927],[-69.493,-38.4927],[-69.4929,-38.4927],[-69.4929,-38.4927],[-69.4929,-38.4927],[-69.4929,-38.4927],[-69.4929,-38.4927],[-69.4929,-38.4927],[-69.4929,-38.4927],[-69.4929,-38.4927],[-69.4929,-38.4927],[-69.4929,-38.4927],[-69.4929,-38.4927],[-69.4928,-38.4927],[-69.4928,-38.4927],[-69.4928,-38.4927],[-69.4928,-38.4927],[-69.4928,-38.4927],[-69.4928,-38.4927],[-69.4928,-38.4927],[-69.4928,-38.4927],[-69.4928,-38.4927],[-69.4928,-38.4927],[-69.4928,-38.4927],[-69.4927,-38.4927],[-69.4927,-38.4927],[-69.4927,-38.4927],[-69.4927,-38.4927],[-69.4927,-38.4927],[-69.4927,-38.4927],[-69.4927,-38.4927],[-69.4927,-38.4927],[-69.4927,-38.4927],[-69.4927,-38.4927],[-69.4927,-38.4927],[-69.4927,-38.4927],[-69.4926,-38.4927],[-69.4926,-38.4927],[-69.4926,-38.4927],[-69.4926,-38.4927],[-69.4926,-38.4927],[-69.4926,-38.4927],[-69.4926,-38.4927],[-69.4926,-38.4927],[-69.4926,-38.4927],[-69.4926,-38.4927],[-69.4926,-38.4927],[-69.4925,-38.4927],[-69.4925,-38.4927],[-69.4925,-38.4927],[-69.4925,-38.4927],[-69.4925,-38.4927],[-69.4925,-38.4927],[-69.4925,-38.4926],[-69.4925,-38.4926],[-69.4925,-38.4926],[-69.4925,-38.4926],[-69.4925,-38.4926],[-69.4924,-38.4926],[-69.4924,-38.4926],[-69.4924,-38.4926],[-69.4924,-38.4926],[-69.4924,-38.4926],[-69.4924,-38.4926],[-69.4924,-38.4926],[-69.4924,-38.4926],[-69.4924,-38.4926],[-69.4924,-38.4926],[-69.4924,-38.4926],[-69.4923,-38.4926],[-69.4923,-38.4926],[-69.4923,-38.4926],[-69.4923,-38.4926],[-69.4923,-38.4926],[-69.4923,-38.4926],[-69.4923,-38.4926],[-69.4923,-38.4926],[-69.4923,-38.4926],[-69.4923,-38.4926],[-69.4923,-38.4926],[-69.4922,-38.4926],[-69.4922,-38.4926],[-69.4922,-38.4926],[-69.4922,-38.4926],[-69.4922,-38.4926],[-69.4922,-38.4926],[-69.4922,-38.4926],[-69.4922,-38.4926],[-69.4922,-38.4926],[-69.4922,-38.4926],[-69.4922,-38.4926],[-69.4921,-38.4926],[-69.4921,-38.4926],[-69.4921,-38.4926],[-69.4921,-38.4926],[-69.4921,-38.4926],[-69.4921,-38.4926],[-69.4921,-38.4926],[-69.4921,-38.4926],[-69.4921,-38.4926],[-69.4921,-38.4926],[-69.4921,-38.4926],[-69.492,-38.4926],[-69.492,-38.4926],[-69.492,-38.4926],[-69.492,-38.4926],[-69.492,-38.4926],[-69.492,-38.4926],[-69.492,-38.4926],[-69.492,-38.4926],[-69.492,-38.4926],[-69.492,-38.4926],[-69.492,-38.4926],[-69.492,-38.4926],[-69.4919,-38.4926],[-69.4919,-38.4926],[-69.4919,-38.4926],[-69.4919,-38.4926],[-69.4919,-38.4926],[-69.4919,-38.4926],[-69.4919,-38.4926],[-69.4919,-38.4926],[-69.4919,-38.4926],[-69.4919,-38.4926],[-69.4919,-38.4926],[-69.4918,-38.4926],[-69.4918,-38.4926],[-69.4918,-38.4926],[-69.4918,-38.4926],[-69.4918,-38.4926],[-69.4918,-38.4926],[-69.4918,-38.4926],[-69.4918,-38.4926],[-69.4918,-38.4926],[-69.4918,-38.4926],[-69.4918,-38.4926],[-69.4917,-38.4926],[-69.4917,-38.4926],[-69.4917,-38.4926],[-69.4917,-38.4926],[-69.4917,-38.4926],[-69.4917,-38.4926],[-69.4917,-38.4926],[-69.4917,-38.4926],[-69.4917,-38.4926],[-69.4917,-38.4926],[-69.4917,-38.4926],[-69.4916,-38.4926],[-69.4916,-38.4926],[-69.4916,-38.4926],[-69.4916,-38.4926],[-69.4916,-38.4926],[-69.4916,-38.4926],[-69.4916,-38.4926],[-69.4916,-38.4926],[-69.4916,-38.4926],[-69.4916,-38.4926],[-69.4916,-38.4926],[-69.4915,-38.4926],[-69.4915,-38.4926],[-69.4915,-38.4926],[-69.4915,-38.4926],[-69.4915,-38.4926],[-69.4915,-38.4926],[-69.4915,-38.4926],[-69.4915,-38.4926],[-69.4915,-38.4926],[-69.4915,-38.4926],[-69.4915,-38.4926],[-69.4914,-38.4926],[-69.4914,-38.4926],[-69.4914,-38.4926],[-69.4914,-38.4926],[-69.4914,-38.4926],[-69.4914,-38.4926],[-69.4914,-38.4926],[-69.4914,-38.4926],[-69.4914,-38.4926],[-69.4914,-38.4926],[-69.4914,-38.4926],[-69.4914,-38.4926],[-69.4913,-38.4926],[-69.4913,-38.4926],[-69.4913,-38.4926],[-69.4913,-38.4926],[-69.4913,-38.4926],[-69.4913,-38.4926],[-69.4913,-38.4926],[-69.4913,-38.4926],[-69.4913,-38.4926],[-69.4913,-38.4926],[-69.4913,-38.4926],[-69.4912,-38.4926],[-69.4912,-38.4926],[-69.4912,-38.4926],[-69.4912,-38.4926],[-69.4912,-38.4926],[-69.4912,-38.4926],[-69.4912,-38.4926],[-69.4912,-38.4926],[-69.4912,-38.4926],[-69.4912,-38.4926],[-69.4912,-38.4926],[-69.4911,-38.4926],[-69.4911,-38.4926],[-69.4911,-38.4926],[-69.4911,-38.4926],[-69.4911,-38.4926],[-69.4911,-38.4926],[-69.4911,-38.4926],[-69.4911,-38.4926],[-69.4911,-38.4926],[-69.4911,-38.4926],[-69.4911,-38.4926],[-69.491,-38.4926],[-69.491,-38.4926],[-69.491,-38.4926],[-69.491,-38.4926],[-69.491,-38.4926],[-69.491,-38.4926],[-69.491,-38.4926],[-69.491,-38.4926],[-69.491,-38.4926],[-69.491,-38.4926],[-69.491,-38.4926],[-69.4909,-38.4926],[-69.4909,-38.4926],[-69.4909,-38.4926],[-69.4909,-38.4926],[-69.4909,-38.4926],[-69.4909,-38.4926],[-69.4909,-38.4926],[-69.4909,-38.4926],[-69.4909,-38.4926],[-69.4909,-38.4926],[-69.4909,-38.4926],[-69.4909,-38.4926],[-69.4908,-38.4926],[-69.4908,-38.4926],[-69.4908,-38.4926],[-69.4908,-38.4926],[-69.4908,-38.4926],[-69.4908,-38.4926],[-69.4908,-38.4926],[-69.4908,-38.4926],[-69.4908,-38.4926],[-69.4908,-38.4926],[-69.4908,-38.4926],[-69.4907,-38.4926],[-69.4907,-38.4926],[-69.4907,-38.4926],[-69.4907,-38.4926],[-69.4907,-38.4926],[-69.4907,-38.4926],[-69.4907,-38.4926],[-69.4907,-38.4926],[-69.4907,-38.4926],[-69.4907,-38.4926],[-69.4907,-38.4926],[-69.4906,-38.4926],[-69.4906,-38.4926],[-69.4906,-38.4926],[-69.4906,-38.4926],[-69.4906,-38.4926],[-69.4906,-38.4926],[-69.4906,-38.4926],[-69.4906,-38.4927],[-69.4906,-38.4927],[-69.4906,-38.4927],[-69.4906,-38.4927],[-69.4905,-38.4927],[-69.4905,-38.4927],[-69.4905,-38.4927],[-69.4905,-38.4927],[-69.4905,-38.4927],[-69.4905,-38.4927],[-69.4905,-38.4927],[-69.4905,-38.4927],[-69.4905,-38.4927],[-69.4905,-38.4927],[-69.4905,-38.4927],[-69.4905,-38.4927],[-69.4904,-38.4927],[-69.4904,-38.4927],[-69.4904,-38.4927],[-69.4904,-38.4927],[-69.4904,-38.4927],[-69.4904,-38.4927],[-69.4904,-38.4927],[-69.4904,-38.4927],[-69.4904,-38.4927],[-69.4904,-38.4927],[-69.4904,-38.4927],[-69.4903,-38.4927],[-69.4903,-38.4927],[-69.4903,-38.4927],[-69.4903,-38.4927],[-69.4903,-38.4927],[-69.4903,-38.4927],[-69.4903,-38.4927],[-69.4903,-38.4927],[-69.4903,-38.4927],[-69.4903,-38.4927],[-69.4903,-38.4927],[-69.4903,-38.4927],[-69.4902,-38.4927],[-69.4902,-38.4927],[-69.4902,-38.4927],[-69.4902,-38.4927],[-69.4902,-38.4927],[-69.4902,-38.4927],[-69.4902,-38.4927],[-69.4902,-38.4927],[-69.4902,-38.4927],[-69.4902,-38.4927],[-69.4902,-38.4927],[-69.4901,-38.4927],[-69.4901,-38.4927],[-69.4901,-38.4927],[-69.4901,-38.4927],[-69.4901,-38.4927],[-69.4901,-38.4927],[-69.4901,-38.4927],[-69.4901,-38.4927],[-69.4901,-38.4927],[-69.4901,-38.4927],[-69.4901,-38.4927],[-69.49,-38.4927],[-69.49,-38.4927],[-69.49,-38.4927],[-69.49,-38.4927],[-69.49,-38.4927],[-69.49,-38.4927],[-69.49,-38.4927],[-69.49,-38.4927],[-69.49,-38.4928],[-69.49,-38.4928],[-69.49,-38.4928],[-69.49,-38.4928],[-69.4899,-38.4928],[-69.4899,-38.4928],[-69.4899,-38.4928],[-69.4899,-38.4928],[-69.4899,-38.4928],[-69.4899,-38.4928],[-69.4899,-38.4928],[-69.4899,-38.4928],[-69.4899,-38.4928],[-69.4899,-38.4928],[-69.4899,-38.4928],[-69.4898,-38.4928],[-69.4898,-38.4928],[-69.4898,-38.4928],[-69.4898,-38.4928],[-69.4898,-38.4928],[-69.4898,-38.4928],[-69.4898,-38.4928],[-69.4898,-38.4928],[-69.4898,-38.4928],[-69.4898,-38.4928],[-69.4898,-38.4928],[-69.4897,-38.4928],[-69.4897,-38.4928],[-69.4897,-38.4928],[-69.4897,-38.4928],[-69.4897,-38.4928],[-69.4897,-38.4928],[-69.4897,-38.4928],[-69.4897,-38.4928],[-69.4897,-38.4928],[-69.4897,-38.4928],[-69.4897,-38.4928],[-69.4897,-38.4928],[-69.4896,-38.4928],[-69.4896,-38.4928],[-69.4896,-38.4928],[-69.4896,-38.4928],[-69.4896,-38.4928],[-69.4896,-38.4928],[-69.4896,-38.4928],[-69.4896,-38.4928],[-69.4896,-38.4928],[-69.4896,-38.4928],[-69.4896,-38.4928],[-69.4895,-38.4928],[-69.4895,-38.4928],[-69.4895,-38.4928],[-69.4895,-38.4928],[-69.4895,-38.4928],[-69.4895,-38.4928],[-69.4895,-38.4928],[-69.4895,-38.4928],[-69.4895,-38.4928],[-69.4895,-38.4929],[-69.4895,-38.4929],[-69.4894,-38.4929],[-69.4894,-38.4929],[-69.4894,-38.4929],[-69.4894,-38.4929],[-69.4894,-38.4929],[-69.4894,-38.4929],[-69.4894,-38.4929],[-69.4894,-38.4929],[-69.4894,-38.4929],[-69.4894,-38.4929],[-69.4894,-38.4929],[-69.4894,-38.4929],[-69.4893,-38.4929],[-69.4893,-38.4929],[-69.4893,-38.4929],[-69.4893,-38.4929],[-69.4893,-38.4929],[-69.4893,-38.4929],[-69.4893,-38.4929],[-69.4893,-38.4929],[-69.4893,-38.4929],[-69.4893,-38.4929],[-69.4893,-38.4929],[-69.4892,-38.4929],[-69.4892,-38.4929],[-69.4892,-38.4929],[-69.4892,-38.4929],[-69.4892,-38.4929],[-69.4892,-38.4929],[-69.4892,-38.4929],[-69.4892,-38.4929],[-69.4892,-38.4929],[-69.4892,-38.4929],[-69.4892,-38.4929],[-69.4892,-38.4929],[-69.4891,-38.4929],[-69.4891,-38.4929],[-69.4891,-38.4929],[-69.4891,-38.4929],[-69.4891,-38.4929],[-69.4891,-38.4929],[-69.4891,-38.4929],[-69.4891,-38.4929],[-69.4891,-38.4929],[-69.4891,-38.4929],[-69.4891,-38.4929],[-69.489,-38.4929],[-69.489,-38.4929],[-69.489,-38.4929],[-69.489,-38.4929],[-69.489,-38.4929],[-69.489,-38.4929],[-69.489,-38.4929],[-69.489,-38.493],[-69.489,-38.493],[-69.489,-38.493],[-69.489,-38.493],[-69.4889,-38.493],[-69.4889,-38.493],[-69.4889,-38.493],[-69.4889,-38.493],[-69.4889,-38.493],[-69.4889,-38.493],[-69.4889,-38.493],[-69.4889,-38.493],[-69.4889,-38.493],[-69.4889,-38.493],[-69.4889,-38.493],[-69.4889,-38.493],[-69.4888,-38.493],[-69.4888,-38.493],[-69.4888,-38.493],[-69.4888,-38.493],[-69.4888,-38.493],[-69.4888,-38.493],[-69.4888,-38.493],[-69.4888,-38.493],[-69.4888,-38.493],[-69.4888,-38.493],[-69.4888,-38.493],[-69.4887,-38.493],[-69.4887,-38.493],[-69.4887,-38.493],[-69.4887,-38.493],[-69.4887,-38.493],[-69.4887,-38.493],[-69.4887,-38.493],[-69.4887,-38.493],[-69.4887,-38.493],[-69.4887,-38.493],[-69.4887,-38.493],[-69.4886,-38.493],[-69.4886,-38.493],[-69.4886,-38.493],[-69.4886,-38.493],[-69.4886,-38.493],[-69.4886,-38.493],[-69.4886,-38.493],[-69.4886,-38.493],[-69.4886,-38.493],[-69.4886,-38.493],[-69.4886,-38.493],[-69.4886,-38.493],[-69.4885,-38.493],[-69.4885,-38.493],[-69.4885,-38.493],[-69.4885,-38.493],[-69.4885,-38.493],[-69.4885,-38.493],[-69.4885,-38.493],[-69.4885,-38.493],[-69.4885,-38.493],[-69.4885,-38.493],[-69.4885,-38.493],[-69.4884,-38.493],[-69.4884,-38.493],[-69.4884,-38.493],[-69.4884,-38.493],[-69.4884,-38.493],[-69.4884,-38.493],[-69.4884,-38.4931],[-69.4884,-38.4931],[-69.4884,-38.4931],[-69.4884,-38.4931],[-69.4884,-38.4931],[-69.4883,-38.4931],[-69.4883,-38.4931],[-69.4883,-38.4931],[-69.4883,-38.4931],[-69.4883,-38.4931],[-69.4883,-38.4931],[-69.4883,-38.4931],[-69.4883,-38.4931],[-69.4883,-38.4931],[-69.4883,-38.4931],[-69.4883,-38.4931],[-69.4882,-38.4931],[-69.4882,-38.4931],[-69.4882,-38.4931],[-69.4882,-38.4931],[-69.4882,-38.4931],[-69.4882,-38.4931],[-69.4882,-38.4931],[-69.4882,-38.4931],[-69.4882,-38.4931],[-69.4882,-38.4931],[-69.4882,-38.4931],[-69.4882,-38.4931],[-69.4881,-38.4931],[-69.4881,-38.4931],[-69.4881,-38.4931],[-69.4881,-38.4931],[-69.4881,-38.4931],[-69.4881,-38.4931],[-69.4881,-38.4931],[-69.4881,-38.4931],[-69.4881,-38.4931],[-69.4881,-38.4931],[-69.4881,-38.4931],[-69.488,-38.4931],[-69.488,-38.4931],[-69.488,-38.4931],[-69.488,-38.4931],[-69.488,-38.4931],[-69.488,-38.4931],[-69.488,-38.4931],[-69.488,-38.4931],[-69.488,-38.4931],[-69.488,-38.4931],[-69.488,-38.4931],[-69.4879,-38.4931],[-69.4879,-38.4931],[-69.4879,-38.4931],[-69.4879,-38.4931],[-69.4879,-38.4931],[-69.4879,-38.4931],[-69.4879,-38.4931],[-69.4879,-38.4931],[-69.4879,-38.4931],[-69.4879,-38.4931],[-69.4879,-38.4931],[-69.4879,-38.4931],[-69.4878,-38.4931],[-69.4878,-38.4931],[-69.4878,-38.4931],[-69.4878,-38.4931],[-69.4878,-38.4931],[-69.4878,-38.4931],[-69.4878,-38.4931],[-69.4878,-38.4931],[-69.4878,-38.4931],[-69.4878,-38.4932],[-69.4878,-38.4932],[-69.4877,-38.4932],[-69.4877,-38.4932],[-69.4877,-38.4932],[-69.4877,-38.4932],[-69.4877,-38.4932],[-69.4877,-38.4932],[-69.4877,-38.4932],[-69.4877,-38.4932],[-69.4877,-38.4932],[-69.4877,-38.4932],[-69.4877,-38.4932],[-69.4876,-38.4932],[-69.4876,-38.4932],[-69.4876,-38.4932],[-69.4876,-38.4932],[-69.4876,-38.4932],[-69.4876,-38.4932],[-69.4876,-38.4932],[-69.4876,-38.4932],[-69.4876,-38.4932],[-69.4876,-38.4932],[-69.4876,-38.4932],[-69.4875,-38.4932],[-69.4875,-38.4932],[-69.4875,-38.4932],[-69.4875,-38.4932],[-69.4875,-38.4932],[-69.4875,-38.4932],[-69.4875,-38.4932],[-69.4875,-38.4932],[-69.4875,-38.4932],[-69.4875,-38.4932],[-69.4875,-38.4932],[-69.4875,-38.4932],[-69.4874,-38.4932],[-69.4874,-38.4932],[-69.4874,-38.4932],[-69.4874,-38.4932],[-69.4874,-38.4932],[-69.4874,-38.4932],[-69.4874,-38.4932],[-69.4874,-38.4932],[-69.4874,-38.4932],[-69.4874,-38.4932],[-69.4874,-38.4932],[-69.4873,-38.4932],[-69.4873,-38.4932],[-69.4873,-38.4932],[-69.4873,-38.4932],[-69.4873,-38.4932],[-69.4873,-38.4932],[-69.4873,-38.4932],[-69.4873,-38.4932],[-69.4873,-38.4932],[-69.4873,-38.4932],[-69.4873,-38.4932],[-69.4872,-38.4932],[-69.4872,-38.4932],[-69.4872,-38.4932],[-69.4872,-38.4932],[-69.4872,-38.4932],[-69.4872,-38.4932],[-69.4872,-38.4932],[-69.4872,-38.4932],[-69.4872,-38.4932],[-69.4872,-38.4932],[-69.4872,-38.4932],[-69.4871,-38.4932],[-69.4871,-38.4932],[-69.4871,-38.4932],[-69.4871,-38.4932],[-69.4871,-38.4932],[-69.4871,-38.4932],[-69.4871,-38.4932],[-69.4871,-38.4932],[-69.4871,-38.4932],[-69.4871,-38.4932],[-69.4871,-38.4932],[-69.4871,-38.4932],[-69.487,-38.4932],[-69.487,-38.4932],[-69.487,-38.4932],[-69.487,-38.4933],[-69.487,-38.4933],[-69.487,-38.4933],[-69.487,-38.4933],[-69.487,-38.4933],[-69.487,-38.4933],[-69.487,-38.4933],[-69.487,-38.4933],[-69.4869,-38.4933],[-69.4869,-38.4933],[-69.4869,-38.4933],[-69.4869,-38.4933],[-69.4869,-38.4933],[-69.4869,-38.4933],[-69.4869,-38.4933],[-69.4869,-38.4933],[-69.4869,-38.4933],[-69.4869,-38.4933],[-69.4869,-38.4933],[-69.4868,-38.4933],[-69.4868,-38.4933],[-69.4868,-38.4933],[-69.4868,-38.4933],[-69.4868,-38.4933],[-69.4868,-38.4933],[-69.4868,-38.4933],[-69.4868,-38.4933],[-69.4868,-38.4933],[-69.4868,-38.4933],[-69.4868,-38.4933],[-69.4868,-38.4933],[-69.4867,-38.4933],[-69.4867,-38.4933],[-69.4867,-38.4933],[-69.4867,-38.4933],[-69.4867,-38.4933],[-69.4867,-38.4933],[-69.4867,-38.4933],[-69.4867,-38.4933],[-69.4867,-38.4933],[-69.4867,-38.4933],[-69.4867,-38.4933],[-69.4866,-38.4933],[-69.4866,-38.4933],[-69.4866,-38.4933],[-69.4866,-38.4933],[-69.4866,-38.4933],[-69.4866,-38.4933],[-69.4866,-38.4933],[-69.4866,-38.4933],[-69.4866,-38.4933],[-69.4866,-38.4933],[-69.4866,-38.4933],[-69.4865,-38.4933],[-69.4865,-38.4933],[-69.4865,-38.4933],[-69.4865,-38.4933],[-69.4865,-38.4933],[-69.4865,-38.4933],[-69.4865,-38.4933],[-69.4865,-38.4933],[-69.4865,-38.4933],[-69.4865,-38.4933],[-69.4865,-38.4933],[-69.4865,-38.4933],[-69.4864,-38.4933],[-69.4864,-38.4933],[-69.4864,-38.4933],[-69.4864,-38.4933],[-69.4864,-38.4933],[-69.4864,-38.4933],[-69.4864,-38.4933],[-69.4864,-38.4933],[-69.4864,-38.4934],[-69.4864,-38.4934],[-69.4864,-38.4934],[-69.4863,-38.4934],[-69.4863,-38.4934],[-69.4863,-38.4934],[-69.4863,-38.4934],[-69.4863,-38.4934],[-69.4863,-38.4934],[-69.4863,-38.4934],[-69.4863,-38.4934],[-69.4863,-38.4934],[-69.4863,-38.4934],[-69.4863,-38.4934],[-69.4863,-38.4934],[-69.4862,-38.4934],[-69.4862,-38.4934],[-69.4862,-38.4934],[-69.4862,-38.4934],[-69.4862,-38.4934],[-69.4862,-38.4934],[-69.4862,-38.4934],[-69.4862,-38.4934],[-69.4862,-38.4934],[-69.4862,-38.4934],[-69.4862,-38.4934],[-69.4861,-38.4934],[-69.4861,-38.4934],[-69.4861,-38.4934],[-69.4861,-38.4934],[-69.4861,-38.4934],[-69.4861,-38.4934],[-69.4861,-38.4934],[-69.4861,-38.4934],[-69.4861,-38.4934],[-69.4861,-38.4934],[-69.4861,-38.4934],[-69.486,-38.4934],[-69.486,-38.4934],[-69.486,-38.4934],[-69.486,-38.4934],[-69.486,-38.4934],[-69.486,-38.4934],[-69.486,-38.4934],[-69.486,-38.4934],[-69.486,-38.4934],[-69.486,-38.4934],[-69.486,-38.4935],[-69.486,-38.4935],[-69.4859,-38.4935],[-69.4859,-38.4935],[-69.4859,-38.4935],[-69.4859,-38.4935],[-69.4859,-38.4935],[-69.4859,-38.4935],[-69.4859,-38.4935],[-69.4859,-38.4935],[-69.4859,-38.4935],[-69.4859,-38.4935],[-69.4859,-38.4935],[-69.4858,-38.4935],[-69.4858,-38.4935],[-69.4858,-38.4935],[-69.4858,-38.4935],[-69.4858,-38.4935],[-69.4858,-38.4935],[-69.4858,-38.4935],[-69.4858,-38.4935],[-69.4858,-38.4935],[-69.4858,-38.4935],[-69.4858,-38.4935],[-69.4858,-38.4935],[-69.4857,-38.4935],[-69.4857,-38.4935],[-69.4857,-38.4935],[-69.4857,-38.4935],[-69.4857,-38.4935],[-69.4857,-38.4935],[-69.4857,-38.4935],[-69.4857,-38.4935],[-69.4857,-38.4935],[-69.4857,-38.4935],[-69.4857,-38.4935],[-69.4856,-38.4935],[-69.4856,-38.4935],[-69.4856,-38.4935],[-69.4856,-38.4935],[-69.4856,-38.4935],[-69.4856,-38.4935],[-69.4856,-38.4935],[-69.4856,-38.4935],[-69.4856,-38.4935],[-69.4856,-38.4935],[-69.4856,-38.4935],[-69.4856,-38.4936],[-69.4855,-38.4936],[-69.4855,-38.4936],[-69.4855,-38.4936],[-69.4855,-38.4936],[-69.4855,-38.4936],[-69.4855,-38.4936],[-69.4855,-38.4936],[-69.4855,-38.4936],[-69.4855,-38.4936],[-69.4855,-38.4936],[-69.4855,-38.4936],[-69.4854,-38.4936],[-69.4854,-38.4936],[-69.4854,-38.4936],[-69.4854,-38.4936],[-69.4854,-38.4936],[-69.4854,-38.4936],[-69.4854,-38.4936],[-69.4854,-38.4936],[-69.4854,-38.4936],[-69.4854,-38.4936],[-69.4854,-38.4936],[-69.4854,-38.4936],[-69.4853,-38.4936],[-69.4853,-38.4936],[-69.4853,-38.4936],[-69.4853,-38.4936],[-69.4853,-38.4936],[-69.4853,-38.4936],[-69.4853,-38.4936],[-69.4853,-38.4936],[-69.4853,-38.4936],[-69.4853,-38.4936],[-69.4853,-38.4936],[-69.4852,-38.4936],[-69.4852,-38.4936],[-69.4852,-38.4936],[-69.4852,-38.4936],[-69.4852,-38.4936],[-69.4852,-38.4936],[-69.4852,-38.4936],[-69.4852,-38.4936],[-69.4852,-38.4936],[-69.4852,-38.4936],[-69.4852,-38.4936],[-69.4852,-38.4936],[-69.4851,-38.4937],[-69.4851,-38.4937],[-69.4851,-38.4937],[-69.4851,-38.4937],[-69.4851,-38.4937],[-69.4851,-38.4937],[-69.4851,-38.4937],[-69.4851,-38.4937],[-69.4851,-38.4937],[-69.4851,-38.4937],[-69.4851,-38.4937],[-69.4851,-38.4937],[-69.485,-38.4937],[-69.485,-38.4937],[-69.485,-38.4937],[-69.485,-38.4937],[-69.485,-38.4937],[-69.485,-38.4937],[-69.485,-38.4937],[-69.485,-38.4937],[-69.485,-38.4937],[-69.485,-38.4937],[-69.485,-38.4937],[-69.485,-38.4937],[-69.4849,-38.4937],[-69.4849,-38.4937],[-69.4849,-38.4937],[-69.4849,-38.4937],[-69.4849,-38.4937],[-69.4849,-38.4937],[-69.4849,-38.4937],[-69.4849,-38.4937],[-69.4849,-38.4937],[-69.4849,-38.4937],[-69.4849,-38.4938],[-69.4849,-38.4938],[-69.4848,-38.4938],[-69.4848,-38.4938],[-69.4848,-38.4938],[-69.4848,-38.4938],[-69.4848,-38.4938],[-69.4848,-38.4938],[-69.4848,-38.4938],[-69.4848,-38.4938],[-69.4848,-38.4938],[-69.4848,-38.4938],[-69.4848,-38.4938],[-69.4847,-38.4938],[-69.4847,-38.4938],[-69.4847,-38.4938],[-69.4847,-38.4938],[-69.4847,-38.4938],[-69.4847,-38.4938],[-69.4847,-38.4938],[-69.4847,-38.4938],[-69.4847,-38.4938],[-69.4847,-38.4938],[-69.4847,-38.4938],[-69.4847,-38.4938],[-69.4846,-38.4938],[-69.4846,-38.4938],[-69.4846,-38.4938],[-69.4846,-38.4938],[-69.4846,-38.4938],[-69.4846,-38.4938],[-69.4846,-38.4938],[-69.4846,-38.4939],[-69.4846,-38.4939],[-69.4846,-38.4939],[-69.4846,-38.4939],[-69.4846,-38.4939],[-69.4845,-38.4939],[-69.4845,-38.4939],[-69.4845,-38.4939],[-69.4845,-38.4939],[-69.4845,-38.4939],[-69.4845,-38.4939],[-69.4845,-38.4939],[-69.4845,-38.4939],[-69.4845,-38.4939],[-69.4845,-38.4939],[-69.4845,-38.4939],[-69.4845,-38.4939],[-69.4844,-38.4939],[-69.4844,-38.4939],[-69.4844,-38.4939],[-69.4844,-38.4939],[-69.4844,-38.4939],[-69.4844,-38.4939],[-69.4844,-38.4939],[-69.4844,-38.4939],[-69.4844,-38.4939],[-69.4844,-38.4939],[-69.4844,-38.4939],[-69.4844,-38.4939],[-69.4843,-38.4939],[-69.4843,-38.4939],[-69.4843,-38.4939],[-69.4843,-38.494],[-69.4843,-38.494],[-69.4843,-38.494],[-69.4843,-38.494],[-69.4843,-38.494],[-69.4843,-38.494],[-69.4843,-38.494],[-69.4843,-38.494],[-69.4843,-38.494],[-69.4843,-38.494],[-69.4843,-38.494],[-69.4842,-38.494],[-69.4842,-38.494],[-69.4842,-38.494],[-69.4842,-38.494],[-69.4842,-38.494],[-69.4842,-38.494],[-69.4842,-38.494],[-69.4842,-38.4941],[-69.4842,-38.4941],[-69.4842,-38.4941],[-69.4842,-38.4941],[-69.4842,-38.4941],[-69.4842,-38.4941],[-69.4842,-38.4941],[-69.4841,-38.4941],[-69.4841,-38.4941],[-69.4841,-38.4941],[-69.4841,-38.4941],[-69.4841,-38.4941],[-69.4841,-38.4941],[-69.4841,-38.4941],[-69.4841,-38.4941],[-69.4841,-38.4941],[-69.4841,-38.4941],[-69.4841,-38.4941],[-69.4841,-38.4942],[-69.4841,-38.4942],[-69.4841,-38.4942],[-69.4841,-38.4942],[-69.484,-38.4942],[-69.484,-38.4942],[-69.484,-38.4942],[-69.484,-38.4942],[-69.484,-38.4942],[-69.484,-38.4942],[-69.484,-38.4942],[-69.484,-38.4942],[-69.484,-38.4942],[-69.484,-38.4942],[-69.484,-38.4942],[-69.484,-38.4942],[-69.484,-38.4942],[-69.484,-38.4942],[-69.4839,-38.4943],[-69.4839,-38.4943],[-69.4839,-38.4943],[-69.4839,-38.4943],[-69.4839,-38.4943],[-69.4839,-38.4943],[-69.4839,-38.4943],[-69.4839,-38.4943],[-69.4839,-38.4943],[-69.4839,-38.4943],[-69.4839,-38.4943],[-69.4839,-38.4943],[-69.4839,-38.4943],[-69.4839,-38.4943],[-69.4838,-38.4943],[-69.4838,-38.4943],[-69.4838,-38.4943],[-69.4838,-38.4943],[-69.4838,-38.4944],[-69.4838,-38.4944],[-69.4838,-38.4944],[-69.4838,-38.4944],[-69.4838,-38.4944],[-69.4838,-38.4944],[-69.4838,-38.4944],[-69.4838,-38.4944],[-69.4838,-38.4944],[-69.4838,-38.4944],[-69.4837,-38.4944],[-69.4837,-38.4944],[-69.4837,-38.4944],[-69.4837,-38.4944],[-69.4837,-38.4944],[-69.4837,-38.4944],[-69.4837,-38.4944],[-69.4837,-38.4944],[-69.4837,-38.4945],[-69.4837,-38.4945],[-69.4837,-38.4945],[-69.4837,-38.4945],[-69.4837,-38.4945],[-69.4837,-38.4945],[-69.4837,-38.4945],[-69.4836,-38.4945],[-69.4836,-38.4945],[-69.4836,-38.4945],[-69.4836,-38.4945],[-69.4836,-38.4945],[-69.4836,-38.4945],[-69.4836,-38.4945],[-69.4836,-38.4945],[-69.4836,-38.4945],[-69.4836,-38.4945],[-69.4836,-38.4945],[-69.4836,-38.4946],[-69.4836,-38.4946],[-69.4836,-38.4946],[-69.4835,-38.4946],[-69.4835,-38.4946],[-69.4835,-38.4946],[-69.4835,-38.4946],[-69.4835,-38.4946],[-69.4835,-38.4946],[-69.4835,-38.4946],[-69.4835,-38.4946],[-69.4836,-38.4946],[-69.4836,-38.4946],[-69.4836,-38.4947],[-69.4836,-38.4947],[-69.4836,-38.4947],[-69.4836,-38.4947],[-69.4836,-38.4947],[-69.4836,-38.4947],[-69.4836,-38.4947],[-69.4836,-38.4947],[-69.4836,-38.4947],[-69.4836,-38.4947],[-69.4836,-38.4947],[-69.4836,-38.4948],[-69.4836,-38.4948],[-69.4836,-38.4948],[-69.4836,-38.4948],[-69.4836,-38.4948],[-69.4836,-38.4948],[-69.4836,-38.4948],[-69.4836,-38.4948],[-69.4836,-38.4948],[-69.4836,-38.4948],[-69.4836,-38.4948],[-69.4836,-38.4948],[-69.4836,-38.4949],[-69.4836,-38.4949],[-69.4836,-38.4949],[-69.4836,-38.4949],[-69.4836,-38.4949],[-69.4836,-38.4949],[-69.4836,-38.4949],[-69.4836,-38.4949],[-69.4836,-38.4949],[-69.4836,-38.4949],[-69.4836,-38.4949],[-69.4836,-38.495],[-69.4836,-38.495],[-69.4836,-38.495],[-69.4836,-38.495],[-69.4836,-38.495],[-69.4836,-38.495],[-69.4836,-38.495],[-69.4836,-38.495],[-69.4836,-38.495],[-69.4836,-38.495],[-69.4836,-38.495],[-69.4836,-38.495],[-69.4836,-38.4951],[-69.4836,-38.4951],[-69.4836,-38.4951],[-69.4836,-38.4951],[-69.4836,-38.4951],[-69.4836,-38.4951],[-69.4836,-38.4951],[-69.4836,-38.4951],[-69.4836,-38.4951],[-69.4836,-38.4951],[-69.4836,-38.4951],[-69.4836,-38.4952],[-69.4836,-38.4952],[-69.4837,-38.4952],[-69.4837,-38.4952],[-69.4837,-38.4952],[-69.4837,-38.4952],[-69.4837,-38.4952],[-69.4837,-38.4952],[-69.4837,-38.4952],[-69.4837,-38.4952],[-69.4837,-38.4952],[-69.4837,-38.4952],[-69.4837,-38.4953],[-69.4837,-38.4953],[-69.4837,-38.4953],[-69.4837,-38.4953],[-69.4837,-38.4953],[-69.4837,-38.4953],[-69.4837,-38.4953],[-69.4837,-38.4953],[-69.4837,-38.4953],[-69.4837,-38.4953],[-69.4837,-38.4953],[-69.4837,-38.4954],[-69.4837,-38.4954],[-69.4837,-38.4954],[-69.4837,-38.4954],[-69.4837,-38.4954],[-69.4837,-38.4954],[-69.4837,-38.4954],[-69.4837,-38.4954],[-69.4837,-38.4954],[-69.4837,-38.4954],[-69.4837,-38.4954],[-69.4837,-38.4954],[-69.4837,-38.4955],[-69.4837,-38.4955],[-69.4837,-38.4955],[-69.4837,-38.4955],[-69.4837,-38.4955],[-69.4837,-38.4955],[-69.4838,-38.4955],[-69.4838,-38.4955],[-69.4838,-38.4955],[-69.4838,-38.4955],[-69.4838,-38.4955],[-69.4838,-38.4955],[-69.4838,-38.4956],[-69.4838,-38.4956],[-69.4838,-38.4956],[-69.4838,-38.4956],[-69.4838,-38.4956],[-69.4838,-38.4956],[-69.4838,-38.4956],[-69.4838,-38.4956],[-69.4838,-38.4956],[-69.4838,-38.4956],[-69.4838,-38.4956],[-69.4838,-38.4957],[-69.4838,-38.4957],[-69.4838,-38.4957],[-69.4838,-38.4957],[-69.4838,-38.4957],[-69.4838,-38.4957],[-69.4838,-38.4957],[-69.4838,-38.4957],[-69.4838,-38.4957],[-69.4838,-38.4957],[-69.4838,-38.4957],[-69.4838,-38.4957],[-69.4838,-38.4958],[-69.4838,-38.4958],[-69.4838,-38.4958],[-69.4838,-38.4958],[-69.4838,-38.4958],[-69.4838,-38.4958],[-69.4838,-38.4958],[-69.4839,-38.4958],[-69.4839,-38.4958],[-69.4839,-38.4958],[-69.4839,-38.4958],[-69.4839,-38.4958],[-69.4839,-38.4959],[-69.4839,-38.4959],[-69.4839,-38.4959],[-69.4839,-38.4959],[-69.4839,-38.4959],[-69.4839,-38.4959],[-69.4839,-38.4959],[-69.4839,-38.4959],[-69.4839,-38.4959],[-69.4839,-38.4959],[-69.4839,-38.4959],[-69.4839,-38.496],[-69.4839,-38.496],[-69.4839,-38.496],[-69.4839,-38.496],[-69.4839,-38.496],[-69.4839,-38.496],[-69.4839,-38.496],[-69.4839,-38.496],[-69.4839,-38.496],[-69.4839,-38.496],[-69.4839,-38.496],[-69.4839,-38.496],[-69.4839,-38.4961],[-69.4839,-38.4961],[-69.4839,-38.4961],[-69.4839,-38.4961],[-69.4839,-38.4961],[-69.4839,-38.4961],[-69.4839,-38.4961],[-69.4839,-38.4961],[-69.4839,-38.4961],[-69.484,-38.4961],[-69.484,-38.4961],[-69.484,-38.4961],[-69.484,-38.4962],[-69.484,-38.4962],[-69.484,-38.4962],[-69.484,-38.4962],[-69.484,-38.4962],[-69.484,-38.4962],[-69.484,-38.4962],[-69.484,-38.4962],[-69.484,-38.4962],[-69.484,-38.4962],[-69.484,-38.4962],[-69.484,-38.4963],[-69.484,-38.4963],[-69.484,-38.4963],[-69.484,-38.4963],[-69.484,-38.4963],[-69.484,-38.4963],[-69.484,-38.4963],[-69.484,-38.4963],[-69.484,-38.4963],[-69.484,-38.4963],[-69.484,-38.4963],[-69.484,-38.4963],[-69.484,-38.4964],[-69.484,-38.4964],[-69.484,-38.4964],[-69.484,-38.4964],[-69.484,-38.4964],[-69.484,-38.4964],[-69.484,-38.4964],[-69.484,-38.4964],[-69.484,-38.4964],[-69.484,-38.4964],[-69.484,-38.4964],[-69.484,-38.4964],[-69.484,-38.4965],[-69.4841,-38.4965],[-69.4841,-38.4965],[-69.4841,-38.4965],[-69.4841,-38.4965],[-69.4841,-38.4965],[-69.4841,-38.4965],[-69.4841,-38.4965],[-69.4841,-38.4965],[-69.4841,-38.4965],[-69.4841,-38.4965],[-69.4841,-38.4966],[-69.4841,-38.4966],[-69.4841,-38.4966],[-69.4841,-38.4966],[-69.4841,-38.4966],[-69.4841,-38.4966],[-69.4841,-38.4966],[-69.4841,-38.4966],[-69.4841,-38.4966],[-69.4841,-38.4966],[-69.4841,-38.4966],[-69.4841,-38.4966],[-69.4841,-38.4967],[-69.4841,-38.4967],[-69.4841,-38.4967],[-69.4841,-38.4967],[-69.4841,-38.4967],[-69.4841,-38.4967],[-69.4841,-38.4967],[-69.4841,-38.4967],[-69.4841,-38.4967],[-69.4841,-38.4967],[-69.4841,-38.4967],[-69.4841,-38.4967],[-69.4841,-38.4968],[-69.4841,-38.4968],[-69.4841,-38.4968],[-69.4841,-38.4968],[-69.4841,-38.4968],[-69.4842,-38.4968],[-69.4842,-38.4968],[-69.4842,-38.4968],[-69.4842,-38.4968],[-69.4842,-38.4968],[-69.4842,-38.4968],[-69.4842,-38.4969],[-69.4842,-38.4969],[-69.4842,-38.4969],[-69.4842,-38.4969],[-69.4842,-38.4969],[-69.4842,-38.4969],[-69.4842,-38.4969],[-69.4842,-38.4969],[-69.4842,-38.4969],[-69.4842,-38.4969],[-69.4842,-38.4969],[-69.4842,-38.4969],[-69.4842,-38.497],[-69.4842,-38.497],[-69.4842,-38.497],[-69.4842,-38.497],[-69.4842,-38.497],[-69.4842,-38.497],[-69.4842,-38.497],[-69.4842,-38.497],[-69.4842,-38.497],[-69.4842,-38.497],[-69.4842,-38.497],[-69.4842,-38.497],[-69.4842,-38.4971],[-69.4842,-38.4971],[-69.4842,-38.4971],[-69.4842,-38.4971],[-69.4842,-38.4971],[-69.4842,-38.4971],[-69.4842,-38.4971],[-69.4842,-38.4971],[-69.4842,-38.4971],[-69.4842,-38.4971],[-69.4843,-38.4971],[-69.4843,-38.4972],[-69.4843,-38.4972],[-69.4843,-38.4972],[-69.4843,-38.4972],[-69.4843,-38.4972],[-69.4843,-38.4972],[-69.4843,-38.4972],[-69.4843,-38.4972],[-69.4843,-38.4972],[-69.4843,-38.4972],[-69.4843,-38.4972],[-69.4843,-38.4972],[-69.4843,-38.4973],[-69.4843,-38.4973],[-69.4843,-38.4973],[-69.4843,-38.4973],[-69.4843,-38.4973],[-69.4843,-38.4973],[-69.4843,-38.4973],[-69.4843,-38.4973],[-69.4843,-38.4973],[-69.4843,-38.4973],[-69.4843,-38.4973],[-69.4843,-38.4973],[-69.4843,-38.4974],[-69.4843,-38.4974],[-69.4843,-38.4974],[-69.4843,-38.4974],[-69.4843,-38.4974],[-69.4843,-38.4974],[-69.4843,-38.4974],[-69.4843,-38.4974],[-69.4843,-38.4974],[-69.4843,-38.4974],[-69.4843,-38.4974],[-69.4843,-38.4975],[-69.4843,-38.4975],[-69.4843,-38.4975],[-69.4844,-38.4975],[-69.4844,-38.4975],[-69.4844,-38.4975],[-69.4844,-38.4975],[-69.4844,-38.4975],[-69.4844,-38.4975],[-69.4844,-38.4975],[-69.4844,-38.4975],[-69.4844,-38.4975],[-69.4844,-38.4976],[-69.4844,-38.4976],[-69.4844,-38.4976],[-69.4844,-38.4976],[-69.4844,-38.4976],[-69.4844,-38.4976],[-69.4844,-38.4976],[-69.4844,-38.4976],[-69.4844,-38.4976],[-69.4844,-38.4976],[-69.4844,-38.4976],[-69.4844,-38.4976],[-69.4844,-38.4977],[-69.4844,-38.4977],[-69.4844,-38.4977],[-69.4844,-38.4977],[-69.4844,-38.4977],[-69.4844,-38.4977],[-69.4844,-38.4977],[-69.4844,-38.4977],[-69.4844,-38.4977],[-69.4844,-38.4977],[-69.4844,-38.4977],[-69.4844,-38.4978],[-69.4844,-38.4978],[-69.4844,-38.4978],[-69.4844,-38.4978],[-69.4844,-38.4978],[-69.4844,-38.4978],[-69.4844,-38.4978],[-69.4844,-38.4978],[-69.4844,-38.4978],[-69.4844,-38.4978],[-69.4844,-38.4978],[-69.4844,-38.4978],[-69.4844,-38.4979],[-69.4844,-38.4979],[-69.4844,-38.4979],[-69.4844,-38.4979],[-69.4843,-38.4979],[-69.4843,-38.4979],[-69.4843,-38.4979],[-69.4843,-38.4979],[-69.4843,-38.4979],[-69.4843,-38.4979],[-69.4843,-38.4979],[-69.4843,-38.498],[-69.4843,-38.498],[-69.4843,-38.498],[-69.4843,-38.498],[-69.4843,-38.498],[-69.4843,-38.498],[-69.4843,-38.498],[-69.4843,-38.498],[-69.4843,-38.498],[-69.4843,-38.498],[-69.4843,-38.498],[-69.4843,-38.498],[-69.4843,-38.4981],[-69.4843,-38.4981],[-69.4843,-38.4981],[-69.4843,-38.4981],[-69.4843,-38.4981],[-69.4843,-38.4981],[-69.4843,-38.4981],[-69.4843,-38.4981],[-69.4843,-38.4981],[-69.4843,-38.4981],[-69.4843,-38.4981],[-69.4843,-38.4981],[-69.4843,-38.4982],[-69.4843,-38.4982],[-69.4843,-38.4982],[-69.4843,-38.4982],[-69.4843,-38.4982],[-69.4843,-38.4982],[-69.4843,-38.4982],[-69.4843,-38.4982],[-69.4843,-38.4982],[-69.4843,-38.4982],[-69.4843,-38.4982],[-69.4843,-38.4983],[-69.4843,-38.4983],[-69.4843,-38.4983],[-69.4842,-38.4983],[-69.4842,-38.4983],[-69.4842,-38.4983],[-69.4842,-38.4983],[-69.4842,-38.4983],[-69.4842,-38.4983],[-69.4842,-38.4983],[-69.4842,-38.4983],[-69.4842,-38.4983],[-69.4842,-38.4984],[-69.4842,-38.4984],[-69.4843,-38.4984],[-69.4843,-38.4984],[-69.4843,-38.4984],[-69.4843,-38.4984],[-69.4843,-38.4984],[-69.4843,-38.4984],[-69.4843,-38.4984],[-69.4843,-38.4984],[-69.4843,-38.4984],[-69.4843,-38.4984],[-69.4843,-38.4984],[-69.4843,-38.4985],[-69.4843,-38.4985],[-69.4843,-38.4985],[-69.4843,-38.4985],[-69.4843,-38.4985],[-69.4843,-38.4985],[-69.4843,-38.4985],[-69.4843,-38.4985],[-69.4843,-38.4985],[-69.4843,-38.4985],[-69.4843,-38.4985],[-69.4844,-38.4985],[-69.4844,-38.4985],[-69.4844,-38.4986],[-69.4844,-38.4986],[-69.4844,-38.4986],[-69.4844,-38.4986],[-69.4844,-38.4986],[-69.4844,-38.4986],[-69.4844,-38.4986],[-69.4844,-38.4986],[-69.4844,-38.4986],[-69.4844,-38.4986],[-69.4844,-38.4986],[-69.4844,-38.4986],[-69.4844,-38.4986],[-69.4844,-38.4987],[-69.4844,-38.4987],[-69.4844,-38.4987],[-69.4844,-38.4987],[-69.4844,-38.4987],[-69.4844,-38.4987],[-69.4844,-38.4987],[-69.4845,-38.4987],[-69.4845,-38.4987],[-69.4845,-38.4987],[-69.4845,-38.4987],[-69.4845,-38.4987],[-69.4845,-38.4987],[-69.4845,-38.4987],[-69.4845,-38.4988],[-69.4845,-38.4988],[-69.4845,-38.4988],[-69.4845,-38.4988],[-69.4845,-38.4988],[-69.4845,-38.4988],[-69.4845,-38.4988],[-69.4845,-38.4988],[-69.4845,-38.4988],[-69.4845,-38.4988],[-69.4845,-38.4988],[-69.4845,-38.4988],[-69.4845,-38.4988],[-69.4845,-38.4989],[-69.4846,-38.4989],[-69.4846,-38.4989],[-69.4846,-38.4989],[-69.4846,-38.4989],[-69.4846,-38.4989],[-69.4846,-38.4989],[-69.4846,-38.4989],[-69.4846,-38.4989],[-69.4846,-38.4989],[-69.4846,-38.4989],[-69.4846,-38.4989],[-69.4846,-38.4989],[-69.4846,-38.499],[-69.4846,-38.499],[-69.4846,-38.499],[-69.4846,-38.499],[-69.4846,-38.499],[-69.4846,-38.499],[-69.4846,-38.499],[-69.4846,-38.499],[-69.4846,-38.499],[-69.4846,-38.499],[-69.4847,-38.499],[-69.4847,-38.499],[-69.4847,-38.499],[-69.4847,-38.4991],[-69.4847,-38.4991],[-69.4847,-38.4991],[-69.4847,-38.4991],[-69.4847,-38.4991],[-69.4847,-38.4991],[-69.4847,-38.4991],[-69.4847,-38.4991],[-69.4847,-38.4991],[-69.4847,-38.4991],[-69.4847,-38.4991],[-69.4847,-38.4991],[-69.4847,-38.4991],[-69.4847,-38.4992],[-69.4847,-38.4992],[-69.4847,-38.4992],[-69.4847,-38.4992],[-69.4847,-38.4992],[-69.4848,-38.4992],[-69.4848,-38.4992],[-69.4848,-38.4992],[-69.4848,-38.4992],[-69.4848,-38.4992],[-69.4848,-38.4992],[-69.4848,-38.4992],[-69.4848,-38.4992],[-69.4848,-38.4992],[-69.4848,-38.4993],[-69.4848,-38.4993],[-69.4848,-38.4993],[-69.4848,-38.4993],[-69.4848,-38.4993],[-69.4848,-38.4993],[-69.4848,-38.4993],[-69.4848,-38.4993],[-69.4848,-38.4993],[-69.4848,-38.4993],[-69.4849,-38.4993],[-69.4849,-38.4993],[-69.4849,-38.4993],[-69.4849,-38.4993],[-69.4849,-38.4994],[-69.4849,-38.4994],[-69.4849,-38.4994],[-69.4849,-38.4994],[-69.4849,-38.4994],[-69.4849,-38.4994],[-69.4849,-38.4994],[-69.4849,-38.4994],[-69.4849,-38.4994],[-69.4849,-38.4994],[-69.4849,-38.4994],[-69.4849,-38.4994],[-69.4849,-38.4994],[-69.4849,-38.4994],[-69.485,-38.4995],[-69.485,-38.4995],[-69.485,-38.4995],[-69.485,-38.4995],[-69.485,-38.4995],[-69.485,-38.4995],[-69.485,-38.4995],[-69.485,-38.4995],[-69.485,-38.4995],[-69.485,-38.4995],[-69.485,-38.4995],[-69.485,-38.4995],[-69.485,-38.4995],[-69.485,-38.4996],[-69.485,-38.4996],[-69.485,-38.4996],[-69.485,-38.4996],[-69.485,-38.4996],[-69.485,-38.4996],[-69.4851,-38.4996],[-69.4851,-38.4996],[-69.4851,-38.4996],[-69.4851,-38.4996],[-69.4851,-38.4996],[-69.4851,-38.4996],[-69.4851,-38.4996],[-69.4851,-38.4996],[-69.4851,-38.4997],[-69.4851,-38.4997],[-69.4851,-38.4997],[-69.4851,-38.4997],[-69.4851,-38.4997],[-69.4851,-38.4997],[-69.4851,-38.4997],[-69.4851,-38.4997],[-69.4851,-38.4997],[-69.4851,-38.4997],[-69.4851,-38.4997],[-69.4852,-38.4997],[-69.4852,-38.4997],[-69.4852,-38.4997],[-69.4852,-38.4998],[-69.4852,-38.4998],[-69.4852,-38.4998],[-69.4852,-38.4998],[-69.4852,-38.4998],[-69.4852,-38.4998],[-69.4852,-38.4998],[-69.4852,-38.4998],[-69.4852,-38.4998],[-69.4852,-38.4998],[-69.4852,-38.4998],[-69.4852,-38.4998],[-69.4852,-38.4998],[-69.4852,-38.4998],[-69.4852,-38.4999],[-69.4853,-38.4999],[-69.4853,-38.4999],[-69.4853,-38.4999],[-69.4853,-38.4999],[-69.4853,-38.4999],[-69.4853,-38.4999],[-69.4853,-38.4999],[-69.4853,-38.4999],[-69.4853,-38.4999],[-69.4853,-38.4999],[-69.4853,-38.4999],[-69.4853,-38.4999],[-69.4853,-38.4999],[-69.4853,-38.4999],[-69.4853,-38.5],[-69.4853,-38.5],[-69.4853,-38.5],[-69.4853,-38.5],[-69.4854,-38.5],[-69.4854,-38.5],[-69.4854,-38.5],[-69.4854,-38.5],[-69.4854,-38.5],[-69.4854,-38.5],[-69.4854,-38.5],[-69.4854,-38.5],[-69.4854,-38.5],[-69.4854,-38.5],[-69.4854,-38.5001],[-69.4854,-38.5001],[-69.4854,-38.5001],[-69.4854,-38.5001],[-69.4854,-38.5001],[-69.4854,-38.5001],[-69.4854,-38.5001],[-69.4854,-38.5001],[-69.4855,-38.5001],[-69.4855,-38.5001],[-69.4855,-38.5001],[-69.4855,-38.5001],[-69.4855,-38.5001],[-69.4855,-38.5001],[-69.4855,-38.5002],[-69.4855,-38.5002],[-69.4855,-38.5002],[-69.4855,-38.5002],[-69.4855,-38.5002],[-69.4855,-38.5002],[-69.4855,-38.5002],[-69.4855,-38.5002],[-69.4855,-38.5002],[-69.4855,-38.5002],[-69.4855,-38.5002],[-69.4855,-38.5002],[-69.4856,-38.5002],[-69.4856,-38.5002],[-69.4856,-38.5002],[-69.4856,-38.5003],[-69.4856,-38.5003],[-69.4856,-38.5003],[-69.4856,-38.5003],[-69.4856,-38.5003],[-69.4856,-38.5003],[-69.4856,-38.5003],[-69.4856,-38.5003],[-69.4856,-38.5003],[-69.4856,-38.5003],[-69.4856,-38.5003],[-69.4856,-38.5003],[-69.4856,-38.5003],[-69.4856,-38.5003],[-69.4857,-38.5004],[-69.4857,-38.5004],[-69.4857,-38.5004],[-69.4857,-38.5004],[-69.4857,-38.5004],[-69.4857,-38.5004],[-69.4857,-38.5004],[-69.4857,-38.5004],[-69.4857,-38.5004],[-69.4857,-38.5004],[-69.4857,-38.5004],[-69.4857,-38.5004],[-69.4857,-38.5004],[-69.4857,-38.5004],[-69.4857,-38.5004],[-69.4857,-38.5005],[-69.4857,-38.5005],[-69.4857,-38.5005],[-69.4858,-38.5005],[-69.4858,-38.5005],[-69.4858,-38.5005],[-69.4858,-38.5005],[-69.4858,-38.5005],[-69.4858,-38.5005],[-69.4858,-38.5005],[-69.4858,-38.5005],[-69.4858,-38.5005],[-69.4858,-38.5005],[-69.4858,-38.5005],[-69.4858,-38.5006],[-69.4858,-38.5006],[-69.4858,-38.5006],[-69.4858,-38.5006],[-69.4858,-38.5006],[-69.4858,-38.5006],[-69.4858,-38.5006],[-69.4859,-38.5006],[-69.4859,-38.5006],[-69.4859,-38.5006],[-69.4859,-38.5006],[-69.4859,-38.5006],[-69.4859,-38.5006],[-69.4859,-38.5006],[-69.4859,-38.5007],[-69.4859,-38.5007],[-69.4859,-38.5007],[-69.4859,-38.5007],[-69.4859,-38.5007],[-69.4859,-38.5007],[-69.4859,-38.5007],[-69.4859,-38.5007],[-69.4859,-38.5007],[-69.4859,-38.5007],[-69.486,-38.5007],[-69.486,-38.5007],[-69.486,-38.5007],[-69.486,-38.5007],[-69.486,-38.5007],[-69.486,-38.5007],[-69.486,-38.5007],[-69.486,-38.5008],[-69.486,-38.5008],[-69.486,-38.5008],[-69.486,-38.5008],[-69.486,-38.5008],[-69.486,-38.5008],[-69.4861,-38.5008],[-69.4861,-38.5008],[-69.4861,-38.5008],[-69.4861,-38.5008],[-69.4861,-38.5008],[-69.4861,-38.5008],[-69.4861,-38.5008],[-69.4861,-38.5008],[-69.4861,-38.5008],[-69.4861,-38.5008],[-69.4861,-38.5008],[-69.4861,-38.5008],[-69.4861,-38.5008],[-69.4862,-38.5008],[-69.4862,-38.5008],[-69.4862,-38.5008],[-69.4862,-38.5009],[-69.4862,-38.5009],[-69.4862,-38.5009],[-69.4862,-38.5009],[-69.4862,-38.5009],[-69.4862,-38.5009],[-69.4862,-38.5009],[-69.4862,-38.5009],[-69.4862,-38.5009],[-69.4862,-38.5009],[-69.4862,-38.5009],[-69.4863,-38.5009],[-69.4863,-38.5009],[-69.4863,-38.5009],[-69.4863,-38.5009],[-69.4863,-38.5009],[-69.4863,-38.5009],[-69.4863,-38.5009],[-69.4863,-38.5009],[-69.4863,-38.5009],[-69.4863,-38.5009],[-69.4863,-38.501],[-69.4863,-38.501],[-69.4863,-38.501],[-69.4864,-38.501],[-69.4864,-38.501],[-69.4864,-38.501],[-69.4864,-38.501],[-69.4864,-38.501],[-69.4864,-38.501],[-69.4864,-38.501],[-69.4864,-38.501],[-69.4864,-38.501],[-69.4864,-38.501],[-69.4864,-38.501],[-69.4864,-38.501],[-69.4864,-38.501],[-69.4865,-38.501],[-69.4865,-38.501],[-69.4865,-38.501],[-69.4865,-38.501],[-69.4865,-38.501],[-69.4865,-38.5011],[-69.4865,-38.5011],[-69.4865,-38.5011],[-69.4865,-38.5011],[-69.4865,-38.5011],[-69.4865,-38.5011],[-69.4865,-38.5011],[-69.4865,-38.5011],[-69.4866,-38.5011],[-69.4866,-38.5011],[-69.4866,-38.5011],[-69.4866,-38.5011],[-69.4866,-38.5011],[-69.4866,-38.5011],[-69.4866,-38.5011],[-69.4866,-38.5011],[-69.4866,-38.5011],[-69.4866,-38.5011],[-69.4866,-38.5011],[-69.4866,-38.5011],[-69.4866,-38.5011],[-69.4867,-38.5011],[-69.4867,-38.5012],[-69.4867,-38.5012],[-69.4867,-38.5012],[-69.4867,-38.5012],[-69.4867,-38.5012],[-69.4867,-38.5012],[-69.4867,-38.5012],[-69.4867,-38.5012],[-69.4867,-38.5012],[-69.4867,-38.5012],[-69.4867,-38.5012],[-69.4867,-38.5012],[-69.4868,-38.5012],[-69.4868,-38.5012],[-69.4868,-38.5012],[-69.4868,-38.5012],[-69.4868,-38.5012],[-69.4868,-38.5012],[-69.4868,-38.5012],[-69.4868,-38.5012],[-69.4868,-38.5012],[-69.4868,-38.5013],[-69.4868,-38.5013],[-69.4868,-38.5013],[-69.4868,-38.5013],[-69.4869,-38.5013],[-69.4869,-38.5013],[-69.4869,-38.5013],[-69.4869,-38.5013],[-69.4869,-38.5013],[-69.4869,-38.5013],[-69.4869,-38.5013],[-69.4869,-38.5013],[-69.4869,-38.5013],[-69.4869,-38.5013],[-69.4869,-38.5013],[-69.4869,-38.5013],[-69.4869,-38.5013],[-69.4869,-38.5013],[-69.487,-38.5013],[-69.487,-38.5013],[-69.487,-38.5013],[-69.487,-38.5013],[-69.487,-38.5014],[-69.487,-38.5014],[-69.487,-38.5014],[-69.487,-38.5014],[-69.487,-38.5014],[-69.487,-38.5014],[-69.487,-38.5014],[-69.487,-38.5014],[-69.487,-38.5014],[-69.4871,-38.5014],[-69.4871,-38.5014],[-69.4871,-38.5014],[-69.4871,-38.5014],[-69.4871,-38.5014],[-69.4871,-38.5014],[-69.4871,-38.5014],[-69.4871,-38.5014],[-69.4871,-38.5014],[-69.4871,-38.5014],[-69.4871,-38.5015],[-69.4871,-38.5015],[-69.4871,-38.5015],[-69.4871,-38.5015],[-69.4872,-38.5015],[-69.4872,-38.5015],[-69.4872,-38.5015],[-69.4872,-38.5015],[-69.4872,-38.5015],[-69.4872,-38.5015],[-69.4872,-38.5015],[-69.4872,-38.5015],[-69.4872,-38.5015],[-69.4872,-38.5015],[-69.4872,-38.5015],[-69.4872,-38.5015],[-69.4872,-38.5016],[-69.4872,-38.5016],[-69.4872,-38.5016],[-69.4872,-38.5016],[-69.4872,-38.5016],[-69.4873,-38.5016],[-69.4873,-38.5016],[-69.4873,-38.5016],[-69.4873,-38.5016],[-69.4873,-38.5016],[-69.4873,-38.5016],[-69.4873,-38.5016],[-69.4873,-38.5016],[-69.4873,-38.5016],[-69.4873,-38.5016],[-69.4873,-38.5017],[-69.4873,-38.5017],[-69.4873,-38.5017],[-69.4873,-38.5017],[-69.4873,-38.5017],[-69.4873,-38.5017],[-69.4874,-38.5017],[-69.4874,-38.5017],[-69.4874,-38.5017],[-69.4874,-38.5017],[-69.4874,-38.5017],[-69.4874,-38.5017],[-69.4874,-38.5017],[-69.4874,-38.5017],[-69.4874,-38.5017],[-69.4874,-38.5018],[-69.4874,-38.5018],[-69.4874,-38.5018],[-69.4874,-38.5018],[-69.4874,-38.5018],[-69.4874,-38.5018],[-69.4874,-38.5018],[-69.4875,-38.5018],[-69.4875,-38.5018],[-69.4875,-38.5018],[-69.4875,-38.5018],[-69.4875,-38.5018],[-69.4875,-38.5018],[-69.4875,-38.5018],[-69.4875,-38.5018],[-69.4875,-38.5018],[-69.4875,-38.5019],[-69.4875,-38.5019],[-69.4875,-38.5019],[-69.4875,-38.5019],[-69.4875,-38.5019],[-69.4875,-38.5019],[-69.4875,-38.5019],[-69.4875,-38.5019],[-69.4876,-38.5019],[-69.4876,-38.5019],[-69.4876,-38.5019],[-69.4876,-38.5019],[-69.4876,-38.5019],[-69.4876,-38.5019],[-69.4876,-38.5019],[-69.4876,-38.502],[-69.4876,-38.502],[-69.4876,-38.502],[-69.4876,-38.502],[-69.4876,-38.502],[-69.4876,-38.502],[-69.4876,-38.502],[-69.4876,-38.502],[-69.4876,-38.502],[-69.4876,-38.502],[-69.4876,-38.502],[-69.4876,-38.502],[-69.4876,-38.5021],[-69.4876,-38.5021],[-69.4876,-38.5021],[-69.4876,-38.5021],[-69.4876,-38.5021],[-69.4876,-38.5021],[-69.4876,-38.5021],[-69.4877,-38.5021],[-69.4877,-38.5021],[-69.4877,-38.5021],[-69.4877,-38.5021],[-69.4877,-38.5021],[-69.4877,-38.5022],[-69.4877,-38.5022],[-69.4877,-38.5022],[-69.4877,-38.5022],[-69.4877,-38.5022],[-69.4877,-38.5022],[-69.4877,-38.5022],[-69.4877,-38.5022],[-69.4877,-38.5022],[-69.4877,-38.5022],[-69.4877,-38.5022],[-69.4877,-38.5022],[-69.4877,-38.5023],[-69.4877,-38.5023],[-69.4877,-38.5023],[-69.4877,-38.5023],[-69.4877,-38.5023],[-69.4877,-38.5023],[-69.4877,-38.5023],[-69.4877,-38.5023],[-69.4877,-38.5023],[-69.4877,-38.5023],[-69.4877,-38.5023],[-69.4877,-38.5023],[-69.4877,-38.5024],[-69.4877,-38.5024],[-69.4877,-38.5024],[-69.4878,-38.5024],[-69.4878,-38.5024],[-69.4878,-38.5024],[-69.4878,-38.5024],[-69.4878,-38.5024],[-69.4878,-38.5024],[-69.4878,-38.5024],[-69.4878,-38.5024],[-69.4878,-38.5024],[-69.4878,-38.5025],[-69.4878,-38.5025],[-69.4878,-38.5025],[-69.4878,-38.5025],[-69.4878,-38.5025],[-69.4878,-38.5025],[-69.4878,-38.5025],[-69.4878,-38.5025],[-69.4878,-38.5025],[-69.4878,-38.5025],[-69.4878,-38.5025],[-69.4878,-38.5025],[-69.4878,-38.5026],[-69.4878,-38.5026],[-69.4878,-38.5026],[-69.4878,-38.5026],[-69.4878,-38.5026],[-69.4878,-38.5026],[-69.4878,-38.5026],[-69.4878,-38.5026],[-69.4878,-38.5026],[-69.4878,-38.5026],[-69.4878,-38.5026],[-69.4878,-38.5026],[-69.4879,-38.5027],[-69.4879,-38.5027],[-69.4879,-38.5027],[-69.4879,-38.5027],[-69.4879,-38.5027],[-69.4879,-38.5027],[-69.4879,-38.5027],[-69.4879,-38.5027],[-69.4879,-38.5027],[-69.4879,-38.5027],[-69.4879,-38.5027],[-69.4879,-38.5027],[-69.4879,-38.5028],[-69.4879,-38.5028],[-69.4879,-38.5028],[-69.4879,-38.5028],[-69.4879,-38.5028],[-69.4879,-38.5028],[-69.4879,-38.5028],[-69.4879,-38.5028],[-69.4879,-38.5028],[-69.4879,-38.5028],[-69.4879,-38.5028],[-69.4879,-38.5028],[-69.4879,-38.5029],[-69.4879,-38.5029],[-69.4879,-38.5029],[-69.4879,-38.5029],[-69.4879,-38.5029],[-69.4879,-38.5029],[-69.488,-38.5029],[-69.488,-38.5029],[-69.488,-38.5029],[-69.488,-38.5029],[-69.488,-38.5029],[-69.488,-38.5029],[-69.488,-38.503],[-69.488,-38.503],[-69.488,-38.503],[-69.488,-38.503],[-69.488,-38.503],[-69.488,-38.503],[-69.488,-38.503],[-69.488,-38.503],[-69.488,-38.503],[-69.488,-38.503],[-69.488,-38.503],[-69.488,-38.503],[-69.488,-38.5031],[-69.488,-38.5031],[-69.488,-38.5031],[-69.488,-38.5031],[-69.488,-38.5031],[-69.488,-38.5031],[-69.488,-38.5031],[-69.488,-38.5031],[-69.488,-38.5031],[-69.4881,-38.5031],[-69.4881,-38.5031],[-69.4881,-38.5031],[-69.4881,-38.5032],[-69.4881,-38.5032],[-69.4881,-38.5032],[-69.4881,-38.5032],[-69.4881,-38.5032],[-69.4881,-38.5032],[-69.4881,-38.5032],[-69.4881,-38.5032],[-69.4881,-38.5032],[-69.4881,-38.5032],[-69.4881,-38.5032],[-69.4881,-38.5032],[-69.4881,-38.5032],[-69.4881,-38.5033],[-69.4881,-38.5033],[-69.4881,-38.5033],[-69.4881,-38.5033],[-69.4881,-38.5033],[-69.4881,-38.5033],[-69.4881,-38.5033],[-69.4881,-38.5033],[-69.4881,-38.5033],[-69.4881,-38.5033],[-69.4881,-38.5033],[-69.4882,-38.5033],[-69.4882,-38.5034],[-69.4882,-38.5034],[-69.4882,-38.5034],[-69.4882,-38.5034],[-69.4882,-38.5034],[-69.4882,-38.5034],[-69.4882,-38.5034],[-69.4882,-38.5034],[-69.4882,-38.5034],[-69.4882,-38.5034],[-69.4882,-38.5034],[-69.4882,-38.5034],[-69.4882,-38.5035],[-69.4882,-38.5035],[-69.4882,-38.5035],[-69.4882,-38.5035],[-69.4882,-38.5035],[-69.4882,-38.5035],[-69.4882,-38.5035],[-69.4882,-38.5035],[-69.4882,-38.5035],[-69.4882,-38.5035],[-69.4882,-38.5035],[-69.4882,-38.5035],[-69.4882,-38.5036],[-69.4882,-38.5036],[-69.4882,-38.5036],[-69.4882,-38.5036],[-69.4882,-38.5036],[-69.4882,-38.5036],[-69.4882,-38.5036],[-69.4882,-38.5036],[-69.4882,-38.5036],[-69.4882,-38.5036],[-69.4882,-38.5036],[-69.4882,-38.5037],[-69.4882,-38.5037],[-69.4882,-38.5037],[-69.4882,-38.5037],[-69.4882,-38.5037],[-69.4882,-38.5037],[-69.4882,-38.5037],[-69.4882,-38.5037],[-69.4882,-38.5037],[-69.4882,-38.5037],[-69.4882,-38.5037],[-69.4882,-38.5038],[-69.4882,-38.5038],[-69.4882,-38.5038],[-69.4882,-38.5038],[-69.4882,-38.5038],[-69.4882,-38.5038],[-69.4882,-38.5038],[-69.4882,-38.5038],[-69.4882,-38.5038],[-69.4882,-38.5038],[-69.4882,-38.5038],[-69.4882,-38.5039],[-69.4882,-38.5039],[-69.4882,-38.5039],[-69.4882,-38.5039],[-69.4882,-38.5039],[-69.4882,-38.5039],[-69.4882,-38.5039],[-69.4882,-38.5039],[-69.4882,-38.5039],[-69.4882,-38.5039],[-69.4882,-38.5039],[-69.4882,-38.504],[-69.4882,-38.504],[-69.4882,-38.504],[-69.4882,-38.504],[-69.4882,-38.504],[-69.4882,-38.504],[-69.4882,-38.504],[-69.4882,-38.504],[-69.4882,-38.504],[-69.4882,-38.504],[-69.4882,-38.504],[-69.4882,-38.504],[-69.4882,-38.5041],[-69.4882,-38.5041],[-69.4882,-38.5041],[-69.4882,-38.5041],[-69.4882,-38.5041],[-69.4882,-38.5041],[-69.4882,-38.5041],[-69.4882,-38.5041],[-69.4882,-38.5041],[-69.4882,-38.5041],[-69.4882,-38.5041],[-69.4882,-38.5042],[-69.4882,-38.5042],[-69.4882,-38.5042],[-69.4882,-38.5042],[-69.4882,-38.5042],[-69.4882,-38.5042],[-69.4882,-38.5042],[-69.4882,-38.5042],[-69.4882,-38.5042],[-69.4882,-38.5042],[-69.4882,-38.5042],[-69.4882,-38.5043],[-69.4882,-38.5043],[-69.4882,-38.5043],[-69.4882,-38.5043],[-69.4882,-38.5043],[-69.4882,-38.5043],[-69.4882,-38.5043],[-69.4882,-38.5043],[-69.4882,-38.5043],[-69.4882,-38.5043],[-69.4882,-38.5043],[-69.4882,-38.5044],[-69.4882,-38.5044],[-69.4882,-38.5044],[-69.4882,-38.5044],[-69.4882,-38.5044],[-69.4882,-38.5044],[-69.4882,-38.5044],[-69.4882,-38.5044],[-69.4882,-38.5044],[-69.4882,-38.5044],[-69.4882,-38.5044],[-69.4882,-38.5045],[-69.4882,-38.5045],[-69.4882,-38.5045],[-69.4882,-38.5045],[-69.4882,-38.5045],[-69.4882,-38.5045],[-69.4882,-38.5045],[-69.4882,-38.5045],[-69.4882,-38.5045],[-69.4882,-38.5045],[-69.4882,-38.5045],[-69.4882,-38.5045],[-69.4882,-38.5046],[-69.4882,-38.5046],[-69.4882,-38.5046],[-69.4882,-38.5046],[-69.4882,-38.5046],[-69.4882,-38.5046],[-69.4882,-38.5046],[-69.4882,-38.5046],[-69.4882,-38.5046],[-69.4882,-38.5046],[-69.4882,-38.5046],[-69.4882,-38.5047],[-69.4882,-38.5047],[-69.4882,-38.5047],[-69.4882,-38.5047],[-69.4882,-38.5047],[-69.4882,-38.5047],[-69.4882,-38.5047],[-69.4882,-38.5047],[-69.4882,-38.5047],[-69.4882,-38.5047],[-69.4882,-38.5047],[-69.4882,-38.5048],[-69.4883,-38.5048],[-69.4883,-38.5048],[-69.4883,-38.5048],[-69.4883,-38.5048],[-69.4883,-38.5048],[-69.4883,-38.5048],[-69.4883,-38.5048],[-69.4883,-38.5048],[-69.4883,-38.5048],[-69.4883,-38.5048],[-69.4883,-38.5049],[-69.4883,-38.5049],[-69.4883,-38.5049],[-69.4883,-38.5049],[-69.4883,-38.5049],[-69.4883,-38.5049],[-69.4883,-38.5049],[-69.4883,-38.5049],[-69.4883,-38.5049],[-69.4883,-38.5049],[-69.4883,-38.5049],[-69.4883,-38.5049],[-69.4883,-38.505],[-69.4883,-38.505],[-69.4883,-38.505],[-69.4883,-38.505],[-69.4883,-38.505],[-69.4883,-38.505],[-69.4883,-38.505],[-69.4883,-38.505],[-69.4883,-38.505],[-69.4883,-38.505],[-69.4883,-38.505],[-69.4883,-38.5051],[-69.4883,-38.5051],[-69.4883,-38.5051],[-69.4883,-38.5051],[-69.4883,-38.5051],[-69.4883,-38.5051],[-69.4883,-38.5051],[-69.4883,-38.5051],[-69.4883,-38.5051],[-69.4883,-38.5051],[-69.4883,-38.5051],[-69.4883,-38.5052],[-69.4883,-38.5052],[-69.4883,-38.5052],[-69.4883,-38.5052],[-69.4883,-38.5052],[-69.4883,-38.5052],[-69.4883,-38.5052],[-69.4883,-38.5052],[-69.4883,-38.5052],[-69.4883,-38.5052],[-69.4883,-38.5052],[-69.4883,-38.5052],[-69.4882,-38.5053],[-69.4882,-38.5053],[-69.4882,-38.5053],[-69.4882,-38.5053],[-69.4882,-38.5053],[-69.4882,-38.5053],[-69.4882,-38.5053],[-69.4882,-38.5053],[-69.4882,-38.5053],[-69.4882,-38.5053],[-69.4882,-38.5053],[-69.4882,-38.5054],[-69.4882,-38.5054],[-69.4882,-38.5054],[-69.4882,-38.5054],[-69.4882,-38.5054],[-69.4882,-38.5054],[-69.4882,-38.5054],[-69.4882,-38.5054],[-69.4882,-38.5054],[-69.4882,-38.5054],[-69.4882,-38.5054],[-69.4882,-38.5054],[-69.4882,-38.5055],[-69.4882,-38.5055],[-69.4882,-38.5055],[-69.4882,-38.5055],[-69.4882,-38.5055],[-69.4882,-38.5055],[-69.4882,-38.5055],[-69.4882,-38.5055],[-69.4882,-38.5055],[-69.4882,-38.5055],[-69.4882,-38.5055],[-69.4882,-38.5056],[-69.4882,-38.5056],[-69.4882,-38.5056],[-69.4882,-38.5056],[-69.4882,-38.5056],[-69.4882,-38.5056],[-69.4882,-38.5056],[-69.4882,-38.5056],[-69.4882,-38.5056],[-69.4881,-38.5056],[-69.4881,-38.5056],[-69.4881,-38.5056],[-69.4881,-38.5057],[-69.4881,-38.5057],[-69.4881,-38.5057],[-69.4881,-38.5057],[-69.4881,-38.5057],[-69.4881,-38.5057],[-69.4881,-38.5057],[-69.4881,-38.5057],[-69.4881,-38.5057],[-69.4881,-38.5057],[-69.4881,-38.5057],[-69.4881,-38.5058],[-69.4881,-38.5058],[-69.4881,-38.5058],[-69.4881,-38.5058],[-69.4881,-38.5058],[-69.4881,-38.5058],[-69.4881,-38.5058],[-69.4881,-38.5058],[-69.4881,-38.5058],[-69.4881,-38.5058],[-69.4881,-38.5058],[-69.4881,-38.5058],[-69.4881,-38.5059],[-69.4881,-38.5059],[-69.4881,-38.5059],[-69.4881,-38.5059],[-69.4881,-38.5059],[-69.4881,-38.5059],[-69.4881,-38.5059],[-69.4881,-38.5059],[-69.4881,-38.5059],[-69.4881,-38.5059],[-69.4881,-38.5059],[-69.4881,-38.506],[-69.4881,-38.506],[-69.4881,-38.506],[-69.4881,-38.506],[-69.4881,-38.506],[-69.4881,-38.506],[-69.488,-38.506],[-69.488,-38.506],[-69.488,-38.506],[-69.488,-38.506],[-69.488,-38.506],[-69.488,-38.506],[-69.488,-38.5061],[-69.488,-38.5061],[-69.488,-38.5061],[-69.488,-38.5061],[-69.488,-38.5061],[-69.488,-38.5061],[-69.488,-38.5061],[-69.488,-38.5061],[-69.488,-38.5061],[-69.488,-38.5061],[-69.488,-38.5061],[-69.488,-38.5061],[-69.488,-38.5062],[-69.488,-38.5062],[-69.488,-38.5062],[-69.488,-38.5062],[-69.488,-38.5062],[-69.488,-38.5062],[-69.488,-38.5062],[-69.488,-38.5062],[-69.488,-38.5062],[-69.488,-38.5062],[-69.488,-38.5062],[-69.488,-38.5063],[-69.488,-38.5063],[-69.488,-38.5063],[-69.488,-38.5063],[-69.488,-38.5063],[-69.488,-38.5063],[-69.488,-38.5063],[-69.488,-38.5063],[-69.488,-38.5063],[-69.488,-38.5063],[-69.488,-38.5063],[-69.488,-38.5063],[-69.488,-38.5064],[-69.488,-38.5064],[-69.4879,-38.5064],[-69.4879,-38.5064],[-69.4879,-38.5064],[-69.4879,-38.5064],[-69.4879,-38.5064],[-69.4879,-38.5064],[-69.4879,-38.5064],[-69.4879,-38.5064],[-69.4879,-38.5064],[-69.4879,-38.5065],[-69.4879,-38.5065],[-69.4879,-38.5065],[-69.4879,-38.5065],[-69.4879,-38.5065],[-69.4879,-38.5065],[-69.4879,-38.5065],[-69.4879,-38.5065],[-69.4879,-38.5065],[-69.4879,-38.5065],[-69.4879,-38.5065],[-69.4879,-38.5065],[-69.4879,-38.5066],[-69.4879,-38.5066],[-69.4879,-38.5066],[-69.4879,-38.5066],[-69.4879,-38.5066],[-69.4879,-38.5066],[-69.4879,-38.5066],[-69.4879,-38.5066],[-69.4879,-38.5066],[-69.4879,-38.5066],[-69.4879,-38.5066],[-69.4879,-38.5067],[-69.4879,-38.5067],[-69.4879,-38.5067],[-69.4879,-38.5067],[-69.4879,-38.5067],[-69.4879,-38.5067],[-69.4879,-38.5067],[-69.4879,-38.5067],[-69.4879,-38.5067],[-69.4879,-38.5067],[-69.4879,-38.5067],[-69.4878,-38.5067],[-69.4878,-38.5068],[-69.4878,-38.5068],[-69.4878,-38.5068],[-69.4878,-38.5068],[-69.4878,-38.5068],[-69.4878,-38.5068],[-69.4878,-38.5068],[-69.4878,-38.5068],[-69.4878,-38.5068],[-69.4878,-38.5068],[-69.4878,-38.5068],[-69.4878,-38.5069],[-69.4878,-38.5069],[-69.4878,-38.5069],[-69.4878,-38.5069],[-69.4878,-38.5069],[-69.4878,-38.5069],[-69.4878,-38.5069],[-69.4878,-38.5069],[-69.4878,-38.5069],[-69.4878,-38.5069],[-69.4878,-38.5069],[-69.4878,-38.5069],[-69.4878,-38.5069],[-69.4878,-38.5069],[-69.4878,-38.507],[-69.4878,-38.507],[-69.4877,-38.507],[-69.4877,-38.507],[-69.4877,-38.507],[-69.4877,-38.507],[-69.4877,-38.507],[-69.4877,-38.507],[-69.4877,-38.507],[-69.4877,-38.507],[-69.4877,-38.507],[-69.4877,-38.507],[-69.4877,-38.507],[-69.4877,-38.507],[-69.4877,-38.507],[-69.4877,-38.5071],[-69.4877,-38.5071],[-69.4877,-38.5071],[-69.4876,-38.5071],[-69.4876,-38.5071],[-69.4876,-38.5071],[-69.4876,-38.5071],[-69.4876,-38.5071],[-69.4876,-38.5071],[-69.4876,-38.5071],[-69.4876,-38.5071],[-69.4876,-38.5071],[-69.4876,-38.5071],[-69.4876,-38.5071],[-69.4876,-38.5071],[-69.4876,-38.5072],[-69.4876,-38.5072],[-69.4876,-38.5072],[-69.4876,-38.5072],[-69.4875,-38.5072],[-69.4875,-38.5072],[-69.4875,-38.5072],[-69.4875,-38.5072],[-69.4875,-38.5072],[-69.4875,-38.5072],[-69.4875,-38.5072],[-69.4875,-38.5072],[-69.4875,-38.5072],[-69.4875,-38.5072],[-69.4875,-38.5072],[-69.4875,-38.5073],[-69.4875,-38.5073],[-69.4875,-38.5073],[-69.4875,-38.5073],[-69.4875,-38.5073],[-69.4875,-38.5073],[-69.4874,-38.5073],[-69.4874,-38.5073],[-69.4874,-38.5073],[-69.4874,-38.5073],[-69.4874,-38.5073],[-69.4874,-38.5073],[-69.4874,-38.5073],[-69.4874,-38.5073],[-69.4874,-38.5073],[-69.4874,-38.5073],[-69.4874,-38.5074],[-69.4874,-38.5074],[-69.4874,-38.5074],[-69.4874,-38.5074],[-69.4874,-38.5074],[-69.4874,-38.5074],[-69.4873,-38.5074],[-69.4873,-38.5074],[-69.4873,-38.5074],[-69.4873,-38.5074],[-69.4873,-38.5074],[-69.4873,-38.5074],[-69.4873,-38.5074],[-69.4873,-38.5074],[-69.4873,-38.5074],[-69.4873,-38.5075],[-69.4873,-38.5075],[-69.4873,-38.5075],[-69.4873,-38.5075],[-69.4873,-38.5075],[-69.4873,-38.5075],[-69.4873,-38.5075],[-69.4873,-38.5075],[-69.4872,-38.5075],[-69.4872,-38.5075],[-69.4872,-38.5075],[-69.4872,-38.5075],[-69.4872,-38.5075],[-69.4872,-38.5075],[-69.4872,-38.5075],[-69.4872,-38.5076],[-69.4872,-38.5076],[-69.4872,-38.5076],[-69.4872,-38.5076],[-69.4872,-38.5076],[-69.4872,-38.5076],[-69.4872,-38.5076],[-69.4872,-38.5076],[-69.4872,-38.5076],[-69.4871,-38.5076],[-69.4871,-38.5076],[-69.4871,-38.5076],[-69.4871,-38.5076],[-69.4871,-38.5076],[-69.4871,-38.5076],[-69.4871,-38.5076],[-69.4871,-38.5077],[-69.4871,-38.5077],[-69.4871,-38.5077],[-69.4871,-38.5077],[-69.4871,-38.5077],[-69.4871,-38.5077],[-69.4871,-38.5077],[-69.4871,-38.5077],[-69.4871,-38.5077],[-69.487,-38.5077],[-69.487,-38.5077],[-69.487,-38.5077],[-69.487,-38.5077],[-69.487,-38.5077],[-69.487,-38.5077],[-69.487,-38.5078],[-69.487,-38.5078],[-69.487,-38.5078],[-69.487,-38.5078],[-69.487,-38.5078],[-69.487,-38.5078],[-69.487,-38.5078],[-69.487,-38.5078],[-69.487,-38.5078],[-69.487,-38.5078],[-69.487,-38.5078],[-69.4869,-38.5078],[-69.4869,-38.5078],[-69.4869,-38.5078],[-69.4869,-38.5078],[-69.4869,-38.5079],[-69.4869,-38.5079],[-69.4869,-38.5079],[-69.4869,-38.5079],[-69.4869,-38.5079],[-69.4869,-38.5079],[-69.4869,-38.5079],[-69.4869,-38.5079],[-69.4869,-38.5079],[-69.4869,-38.5079],[-69.4869,-38.5079],[-69.4869,-38.5079],[-69.4868,-38.5079],[-69.4868,-38.5079],[-69.4868,-38.5079],[-69.4868,-38.508],[-69.4868,-38.508],[-69.4868,-38.508],[-69.4868,-38.508],[-69.4868,-38.508],[-69.4868,-38.508],[-69.4868,-38.508],[-69.4868,-38.508],[-69.4868,-38.508],[-69.4868,-38.508],[-69.4868,-38.508],[-69.4868,-38.508],[-69.4868,-38.508],[-69.4867,-38.508],[-69.4867,-38.508],[-69.4867,-38.508],[-69.4867,-38.5081],[-69.4867,-38.5081],[-69.4867,-38.5081],[-69.4867,-38.5081],[-69.4867,-38.5081],[-69.4867,-38.5081],[-69.4867,-38.5081],[-69.4867,-38.5081],[-69.4867,-38.5081],[-69.4867,-38.5081],[-69.4867,-38.5081],[-69.4867,-38.5081],[-69.4867,-38.5081],[-69.4867,-38.5081],[-69.4866,-38.5081],[-69.4866,-38.5082],[-69.4866,-38.5082],[-69.4866,-38.5082],[-69.4866,-38.5082],[-69.4866,-38.5082],[-69.4866,-38.5082],[-69.4866,-38.5082],[-69.4866,-38.5082],[-69.4866,-38.5082],[-69.4866,-38.5082],[-69.4866,-38.5082],[-69.4866,-38.5082],[-69.4866,-38.5082],[-69.4865,-38.5082],[-69.4865,-38.5082],[-69.4865,-38.5082],[-69.4865,-38.5082],[-69.4865,-38.5082],[-69.4865,-38.5082],[-69.4865,-38.5082],[-69.4865,-38.5082],[-69.4865,-38.5083],[-69.4865,-38.5083],[-69.4865,-38.5083],[-69.4865,-38.5083],[-69.4864,-38.5083],[-69.4864,-38.5083],[-69.4864,-38.5083],[-69.4864,-38.5083],[-69.4864,-38.5083],[-69.4864,-38.5083],[-69.4864,-38.5083],[-69.4864,-38.5083],[-69.4864,-38.5083],[-69.4864,-38.5083],[-69.4864,-38.5083],[-69.4864,-38.5083],[-69.4864,-38.5083],[-69.4863,-38.5083],[-69.4863,-38.5083],[-69.4863,-38.5083],[-69.4863,-38.5083],[-69.4863,-38.5083],[-69.4863,-38.5083],[-69.4863,-38.5083],[-69.4863,-38.5083],[-69.4863,-38.5083],[-69.4863,-38.5084],[-69.4863,-38.5084],[-69.4863,-38.5084],[-69.4862,-38.5084],[-69.4862,-38.5084],[-69.4862,-38.5084],[-69.4862,-38.5084],[-69.4862,-38.5084],[-69.4862,-38.5084],[-69.4862,-38.5084],[-69.4862,-38.5084],[-69.4862,-38.5084],[-69.4862,-38.5084],[-69.4862,-38.5084],[-69.4862,-38.5084],[-69.4861,-38.5084],[-69.4861,-38.5084],[-69.4861,-38.5084],[-69.4861,-38.5084],[-69.4861,-38.5084],[-69.4861,-38.5084],[-69.4861,-38.5084],[-69.4861,-38.5084],[-69.4861,-38.5084],[-69.4861,-38.5084],[-69.4861,-38.5084],[-69.4861,-38.5085],[-69.4861,-38.5085],[-69.486,-38.5085],[-69.486,-38.5085],[-69.486,-38.5085],[-69.486,-38.5085],[-69.486,-38.5085],[-69.486,-38.5085],[-69.486,-38.5085],[-69.486,-38.5085],[-69.486,-38.5085],[-69.486,-38.5085],[-69.486,-38.5085],[-69.486,-38.5085],[-69.4859,-38.5085],[-69.4859,-38.5085],[-69.4859,-38.5085],[-69.4859,-38.5085],[-69.4859,-38.5085],[-69.4859,-38.5085],[-69.4859,-38.5085],[-69.4859,-38.5085],[-69.4859,-38.5085],[-69.4859,-38.5085],[-69.4859,-38.5085],[-69.4859,-38.5085],[-69.4858,-38.5086],[-69.4858,-38.5086],[-69.4858,-38.5086],[-69.4858,-38.5086],[-69.4858,-38.5086],[-69.4858,-38.5086],[-69.4858,-38.5086],[-69.4858,-38.5086],[-69.4858,-38.5086],[-69.4858,-38.5086],[-69.4858,-38.5086],[-69.4858,-38.5086],[-69.4858,-38.5086],[-69.4857,-38.5086],[-69.4857,-38.5086],[-69.4857,-38.5086],[-69.4857,-38.5086],[-69.4857,-38.5086],[-69.4857,-38.5086],[-69.4857,-38.5086],[-69.4857,-38.5086],[-69.4857,-38.5086],[-69.4857,-38.5086],[-69.4857,-38.5086],[-69.4857,-38.5086],[-69.4856,-38.5086],[-69.4856,-38.5087],[-69.4856,-38.5087],[-69.4856,-38.5087],[-69.4856,-38.5087],[-69.4856,-38.5087],[-69.4856,-38.5087],[-69.4856,-38.5087],[-69.4856,-38.5087],[-69.4856,-38.5087],[-69.4856,-38.5087],[-69.4856,-38.5087],[-69.4855,-38.5087],[-69.4855,-38.5087],[-69.4855,-38.5087],[-69.4855,-38.5087],[-69.4855,-38.5087],[-69.4855,-38.5087],[-69.4855,-38.5087],[-69.4855,-38.5087],[-69.4855,-38.5087],[-69.4855,-38.5087],[-69.4855,-38.5087],[-69.4855,-38.5087],[-69.4855,-38.5087],[-69.4854,-38.5087],[-69.4854,-38.5087],[-69.4854,-38.5088],[-69.4854,-38.5088],[-69.4854,-38.5088],[-69.4854,-38.5088],[-69.4854,-38.5088],[-69.4854,-38.5088],[-69.4854,-38.5088],[-69.4854,-38.5088],[-69.4854,-38.5088],[-69.4853,-38.5088],[-69.4853,-38.5088],[-69.4853,-38.5088],[-69.4853,-38.5088],[-69.4853,-38.5088],[-69.4853,-38.5088],[-69.4853,-38.5088],[-69.4853,-38.5088],[-69.4853,-38.5088],[-69.4853,-38.5088],[-69.4853,-38.5088],[-69.4853,-38.5088],[-69.4852,-38.5088],[-69.4852,-38.5088],[-69.4852,-38.5088],[-69.4852,-38.5088],[-69.4852,-38.5088],[-69.4852,-38.5088],[-69.4852,-38.5088],[-69.4852,-38.5088],[-69.4852,-38.5088],[-69.4852,-38.5088],[-69.4852,-38.5088],[-69.4851,-38.5088],[-69.4851,-38.5088],[-69.4851,-38.5088],[-69.4851,-38.5088],[-69.4851,-38.5088],[-69.4851,-38.5088],[-69.4851,-38.5088],[-69.4851,-38.5088],[-69.4851,-38.5088],[-69.4851,-38.5088],[-69.4851,-38.5088],[-69.485,-38.5088],[-69.485,-38.5088],[-69.485,-38.5088],[-69.485,-38.5088],[-69.485,-38.5088],[-69.485,-38.5088],[-69.485,-38.5088],[-69.485,-38.5088],[-69.485,-38.5088],[-69.485,-38.5088],[-69.485,-38.5088],[-69.4849,-38.5088],[-69.4849,-38.5088],[-69.4849,-38.5088],[-69.4849,-38.5088],[-69.4849,-38.5088],[-69.4849,-38.5088],[-69.4849,-38.5088],[-69.4849,-38.5088],[-69.4849,-38.5088],[-69.4849,-38.5088],[-69.4849,-38.5088],[-69.4848,-38.5088],[-69.4848,-38.5088],[-69.4848,-38.5088],[-69.4848,-38.5088],[-69.4848,-38.5088],[-69.4848,-38.5088],[-69.4848,-38.5088],[-69.4848,-38.5088],[-69.4848,-38.5088],[-69.4848,-38.5088],[-69.4848,-38.5088],[-69.4848,-38.5088],[-69.4847,-38.5088],[-69.4847,-38.5088],[-69.4847,-38.5088],[-69.4847,-38.5088],[-69.4847,-38.5088],[-69.4847,-38.5088],[-69.4847,-38.5088],[-69.4847,-38.5088],[-69.4847,-38.5088],[-69.4847,-38.5088],[-69.4847,-38.5088],[-69.4846,-38.5088],[-69.4846,-38.5088],[-69.4846,-38.5088],[-69.4846,-38.5088],[-69.4846,-38.5088],[-69.4846,-38.5088],[-69.4846,-38.5088],[-69.4846,-38.5088],[-69.4846,-38.5088],[-69.4846,-38.5088],[-69.4846,-38.5088],[-69.4845,-38.5088],[-69.4845,-38.5088],[-69.4845,-38.5088],[-69.4845,-38.5088],[-69.4845,-38.5088],[-69.4845,-38.5088],[-69.4845,-38.5088],[-69.4845,-38.5088],[-69.4845,-38.5088],[-69.4845,-38.5088],[-69.4845,-38.5088],[-69.4844,-38.5088],[-69.4844,-38.5088],[-69.4844,-38.5088],[-69.4844,-38.5088],[-69.4844,-38.5088],[-69.4844,-38.5088],[-69.4844,-38.5088],[-69.4844,-38.5088],[-69.4844,-38.5088],[-69.4844,-38.5088],[-69.4844,-38.5088],[-69.4843,-38.5088],[-69.4843,-38.5088],[-69.4843,-38.5088],[-69.4843,-38.5088],[-69.4843,-38.5088],[-69.4843,-38.5088],[-69.4843,-38.5088],[-69.4843,-38.5088],[-69.4843,-38.5088],[-69.4843,-38.5088],[-69.4843,-38.5088],[-69.4843,-38.5088],[-69.4842,-38.5088],[-69.4842,-38.5088],[-69.4842,-38.5088],[-69.4842,-38.5088],[-69.4842,-38.5088],[-69.4842,-38.5088],[-69.4842,-38.5088],[-69.4842,-38.5088],[-69.4842,-38.5088],[-69.4842,-38.5088],[-69.4842,-38.5088],[-69.4841,-38.5088],[-69.4841,-38.5088],[-69.4841,-38.5088],[-69.4841,-38.5088],[-69.4841,-38.5088],[-69.4841,-38.5088],[-69.4841,-38.5088],[-69.4841,-38.5088],[-69.4841,-38.5088],[-69.4841,-38.5088],[-69.4841,-38.5088],[-69.484,-38.5088],[-69.484,-38.5088],[-69.484,-38.5088],[-69.484,-38.5088],[-69.484,-38.5088],[-69.484,-38.5089],[-69.484,-38.5089],[-69.484,-38.5089],[-69.484,-38.5089],[-69.484,-38.5089],[-69.484,-38.5089],[-69.484,-38.5089],[-69.4839,-38.5089],[-69.4839,-38.5089],[-69.4839,-38.5089],[-69.4839,-38.5089],[-69.4839,-38.5089],[-69.4839,-38.5089],[-69.4839,-38.5089],[-69.4839,-38.5089],[-69.4839,-38.5089],[-69.4839,-38.5089],[-69.4839,-38.5089],[-69.4838,-38.5089],[-69.4838,-38.5089],[-69.4838,-38.5089],[-69.4838,-38.5089],[-69.4838,-38.5089],[-69.4838,-38.5089],[-69.4838,-38.5089],[-69.4838,-38.5089],[-69.4838,-38.5089],[-69.4838,-38.5089],[-69.4838,-38.5089],[-69.4837,-38.5089],[-69.4837,-38.5089],[-69.4837,-38.5089],[-69.4837,-38.5089],[-69.4837,-38.5089],[-69.4837,-38.5089],[-69.4837,-38.5089],[-69.4837,-38.5089],[-69.4837,-38.5089],[-69.4837,-38.5089],[-69.4837,-38.5089],[-69.4837,-38.5089],[-69.4836,-38.5089],[-69.4836,-38.5089],[-69.4836,-38.5089],[-69.4836,-38.5089],[-69.4836,-38.5089],[-69.4836,-38.5089],[-69.4836,-38.5089],[-69.4836,-38.5089],[-69.4836,-38.5089],[-69.4836,-38.5089],[-69.4836,-38.5089],[-69.4835,-38.5089],[-69.4835,-38.5089],[-69.4835,-38.5089],[-69.4835,-38.5089],[-69.4835,-38.5089],[-69.4835,-38.5089],[-69.4835,-38.5089],[-69.4835,-38.5089],[-69.4835,-38.5089],[-69.4835,-38.5089],[-69.4835,-38.5089],[-69.4834,-38.5089],[-69.4834,-38.5089],[-69.4834,-38.5089],[-69.4834,-38.5089],[-69.4834,-38.5089],[-69.4834,-38.5089],[-69.4834,-38.5089],[-69.4834,-38.509],[-69.4834,-38.509],[-69.4834,-38.509],[-69.4834,-38.509],[-69.4833,-38.509],[-69.4833,-38.509],[-69.4833,-38.509],[-69.4833,-38.509],[-69.4833,-38.509],[-69.4833,-38.509],[-69.4833,-38.509],[-69.4833,-38.509],[-69.4833,-38.509],[-69.4833,-38.509],[-69.4833,-38.509],[-69.4833,-38.509],[-69.4832,-38.509],[-69.4832,-38.509],[-69.4832,-38.509],[-69.4832,-38.509],[-69.4832,-38.509],[-69.4832,-38.509],[-69.4832,-38.509],[-69.4832,-38.509],[-69.4832,-38.509],[-69.4832,-38.509],[-69.4832,-38.509],[-69.4831,-38.509],[-69.4831,-38.509],[-69.4831,-38.509],[-69.4831,-38.509],[-69.4831,-38.509],[-69.4831,-38.509],[-69.4831,-38.509],[-69.4831,-38.509],[-69.4831,-38.509],[-69.4831,-38.509],[-69.4831,-38.509],[-69.483,-38.509],[-69.483,-38.509],[-69.483,-38.509],[-69.483,-38.509],[-69.483,-38.509],[-69.483,-38.509],[-69.483,-38.509],[-69.483,-38.509],[-69.483,-38.509],[-69.483,-38.509],[-69.483,-38.509],[-69.483,-38.509],[-69.4829,-38.509],[-69.4829,-38.509],[-69.4829,-38.509],[-69.4829,-38.509],[-69.4829,-38.509],[-69.4829,-38.509],[-69.4829,-38.509],[-69.4829,-38.509],[-69.4829,-38.509],[-69.4829,-38.509],[-69.4829,-38.509],[-69.4828,-38.509],[-69.4828,-38.509],[-69.4828,-38.509],[-69.4828,-38.509],[-69.4828,-38.509],[-69.4828,-38.509],[-69.4828,-38.509],[-69.4828,-38.509],[-69.4828,-38.509],[-69.4828,-38.509],[-69.4828,-38.509],[-69.4827,-38.509],[-69.4827,-38.509],[-69.4827,-38.509],[-69.4827,-38.509],[-69.4827,-38.509],[-69.4827,-38.509],[-69.4827,-38.509],[-69.4827,-38.509],[-69.4827,-38.509],[-69.4827,-38.509],[-69.4827,-38.509],[-69.4826,-38.509],[-69.4826,-38.509],[-69.4826,-38.509],[-69.4826,-38.509],[-69.4826,-38.509],[-69.4826,-38.509],[-69.4826,-38.509],[-69.4826,-38.509],[-69.4826,-38.509],[-69.4826,-38.509],[-69.4826,-38.509],[-69.4825,-38.509],[-69.4825,-38.509],[-69.4825,-38.509],[-69.4825,-38.509],[-69.4825,-38.509],[-69.4825,-38.509],[-69.4825,-38.509],[-69.4825,-38.509],[-69.4825,-38.509],[-69.4825,-38.509],[-69.4825,-38.509],[-69.4824,-38.509],[-69.4824,-38.509],[-69.4824,-38.509],[-69.4824,-38.509],[-69.4824,-38.509],[-69.4824,-38.509],[-69.4824,-38.509],[-69.4824,-38.509],[-69.4824,-38.509],[-69.4824,-38.509],[-69.4824,-38.509],[-69.4824,-38.509],[-69.4823,-38.509],[-69.4823,-38.509],[-69.4823,-38.509],[-69.4823,-38.509],[-69.4823,-38.509],[-69.4823,-38.509],[-69.4823,-38.509],[-69.4823,-38.509],[-69.4823,-38.509],[-69.4823,-38.509],[-69.4823,-38.509],[-69.4822,-38.509],[-69.4822,-38.509],[-69.4822,-38.509],[-69.4822,-38.509],[-69.4822,-38.509],[-69.4822,-38.509],[-69.4822,-38.509],[-69.4822,-38.509],[-69.4822,-38.509],[-69.4822,-38.509],[-69.4822,-38.509],[-69.4821,-38.509],[-69.4821,-38.5089],[-69.4821,-38.5089],[-69.4821,-38.5089],[-69.4821,-38.5089],[-69.4821,-38.5089],[-69.4821,-38.5089],[-69.4821,-38.5089],[-69.4821,-38.5089],[-69.4821,-38.5089],[-69.4821,-38.5089],[-69.482,-38.5089],[-69.482,-38.5089],[-69.482,-38.5089],[-69.482,-38.5089],[-69.482,-38.5089],[-69.482,-38.5089],[-69.482,-38.5089],[-69.482,-38.5089],[-69.482,-38.5089],[-69.482,-38.5089],[-69.482,-38.5089],[-69.4819,-38.5089],[-69.4819,-38.5089],[-69.4819,-38.5089],[-69.4819,-38.5089],[-69.4819,-38.5089],[-69.4819,-38.5089],[-69.4819,-38.5089],[-69.4819,-38.5089],[-69.4819,-38.5089],[-69.4819,-38.5089],[-69.4819,-38.5089],[-69.4818,-38.5089],[-69.4818,-38.5089],[-69.4818,-38.5089],[-69.4818,-38.5089],[-69.4818,-38.5089],[-69.4818,-38.5089],[-69.4818,-38.5089],[-69.4818,-38.5089],[-69.4818,-38.5089],[-69.4818,-38.5089],[-69.4818,-38.5089],[-69.4818,-38.5089],[-69.4817,-38.5089],[-69.4817,-38.5089],[-69.4817,-38.5089],[-69.4817,-38.5089],[-69.4817,-38.5089],[-69.4817,-38.5089],[-69.4817,-38.5089],[-69.4817,-38.5089],[-69.4817,-38.5089],[-69.4817,-38.5089],[-69.4817,-38.5089],[-69.4816,-38.5089],[-69.4816,-38.5089],[-69.4816,-38.5089],[-69.4816,-38.5089],[-69.4816,-38.5089],[-69.4816,-38.5089],[-69.4816,-38.5089],[-69.4816,-38.5089],[-69.4816,-38.5089],[-69.4816,-38.5089],[-69.4816,-38.5089],[-69.4816,-38.5089],[-69.4815,-38.5089],[-69.4815,-38.5089],[-69.4815,-38.5089],[-69.4815,-38.5089],[-69.4815,-38.5089],[-69.4815,-38.5089],[-69.4815,-38.5089],[-69.4815,-38.5089],[-69.4815,-38.5089],[-69.4815,-38.5089],[-69.4815,-38.5089],[-69.4814,-38.5088],[-69.4814,-38.5088],[-69.4814,-38.5088],[-69.4814,-38.5088],[-69.4814,-38.5088],[-69.4814,-38.5088],[-69.4814,-38.5088],[-69.4814,-38.5088],[-69.4814,-38.5088],[-69.4814,-38.5088],[-69.4814,-38.5088],[-69.4813,-38.5088],[-69.4813,-38.5088],[-69.4813,-38.5088],[-69.4813,-38.5088],[-69.4813,-38.5088],[-69.4813,-38.5088],[-69.4813,-38.5088],[-69.4813,-38.5088],[-69.4813,-38.5088],[-69.4813,-38.5088],[-69.4813,-38.5088],[-69.4813,-38.5088],[-69.4812,-38.5088],[-69.4812,-38.5088],[-69.4812,-38.5088],[-69.4812,-38.5088],[-69.4812,-38.5088],[-69.4812,-38.5088],[-69.4812,-38.5088],[-69.4812,-38.5088],[-69.4812,-38.5088],[-69.4812,-38.5088],[-69.4812,-38.5088],[-69.4811,-38.5088],[-69.4811,-38.5088],[-69.4811,-38.5088],[-69.4811,-38.5088],[-69.4811,-38.5088],[-69.4811,-38.5088],[-69.4811,-38.5088],[-69.4811,-38.5088],[-69.4811,-38.5088],[-69.4811,-38.5088],[-69.4811,-38.5088],[-69.481,-38.5088],[-69.481,-38.5088],[-69.481,-38.5088],[-69.481,-38.5088],[-69.481,-38.5088],[-69.481,-38.5088],[-69.481,-38.5088],[-69.481,-38.5088],[-69.481,-38.5088],[-69.481,-38.5088],[-69.481,-38.5088],[-69.481,-38.5088],[-69.4809,-38.5088],[-69.4809,-38.5088],[-69.4809,-38.5088],[-69.4809,-38.5088],[-69.4809,-38.5087],[-69.4809,-38.5087],[-69.4809,-38.5087],[-69.4809,-38.5087],[-69.4809,-38.5087],[-69.4809,-38.5087],[-69.4809,-38.5087],[-69.4808,-38.5087],[-69.4808,-38.5087],[-69.4808,-38.5087],[-69.4808,-38.5087],[-69.4808,-38.5087],[-69.4808,-38.5087],[-69.4808,-38.5087],[-69.4808,-38.5087],[-69.4808,-38.5087],[-69.4808,-38.5087],[-69.4808,-38.5087],[-69.4808,-38.5087],[-69.4807,-38.5087],[-69.4807,-38.5087],[-69.4807,-38.5087],[-69.4807,-38.5087],[-69.4807,-38.5087],[-69.4807,-38.5087],[-69.4807,-38.5087],[-69.4807,-38.5087],[-69.4807,-38.5087],[-69.4807,-38.5087],[-69.4807,-38.5087],[-69.4807,-38.5087],[-69.4806,-38.5087],[-69.4806,-38.5087],[-69.4806,-38.5087],[-69.4806,-38.5086],[-69.4806,-38.5086],[-69.4806,-38.5086],[-69.4806,-38.5086],[-69.4806,-38.5086],[-69.4806,-38.5086],[-69.4806,-38.5086],[-69.4806,-38.5086],[-69.4806,-38.5086],[-69.4805,-38.5086],[-69.4805,-38.5086],[-69.4805,-38.5086],[-69.4805,-38.5086],[-69.4805,-38.5086],[-69.4805,-38.5086],[-69.4805,-38.5086],[-69.4805,-38.5086],[-69.4805,-38.5086],[-69.4805,-38.5086],[-69.4805,-38.5086],[-69.4805,-38.5086],[-69.4805,-38.5086],[-69.4804,-38.5086],[-69.4804,-38.5086],[-69.4804,-38.5086],[-69.4804,-38.5086],[-69.4804,-38.5086],[-69.4804,-38.5085],[-69.4804,-38.5085],[-69.4804,-38.5085],[-69.4804,-38.5085],[-69.4804,-38.5085],[-69.4804,-38.5085],[-69.4804,-38.5085],[-69.4803,-38.5085],[-69.4803,-38.5085],[-69.4803,-38.5085],[-69.4803,-38.5085],[-69.4803,-38.5085],[-69.4803,-38.5085],[-69.4803,-38.5085],[-69.4803,-38.5085],[-69.4803,-38.5085],[-69.4803,-38.5085],[-69.4803,-38.5085],[-69.4803,-38.5085],[-69.4802,-38.5085],[-69.4802,-38.5085],[-69.4802,-38.5085],[-69.4802,-38.5085],[-69.4802,-38.5085],[-69.4802,-38.5085],[-69.4802,-38.5085],[-69.4802,-38.5085],[-69.4802,-38.5085],[-69.4802,-38.5084],[-69.4802,-38.5084],[-69.4802,-38.5084],[-69.4801,-38.5084],[-69.4801,-38.5084],[-69.4801,-38.5084],[-69.4801,-38.5084],[-69.4801,-38.5084],[-69.4801,-38.5084],[-69.4801,-38.5084],[-69.4801,-38.5084],[-69.4801,-38.5084],[-69.4801,-38.5084],[-69.4801,-38.5084],[-69.4801,-38.5084],[-69.48,-38.5084],[-69.48,-38.5084],[-69.48,-38.5084],[-69.48,-38.5084],[-69.48,-38.5084],[-69.48,-38.5084],[-69.48,-38.5084],[-69.48,-38.5084],[-69.48,-38.5084],[-69.48,-38.5084],[-69.48,-38.5084],[-69.48,-38.5084],[-69.48,-38.5084],[-69.4799,-38.5083],[-69.4799,-38.5083],[-69.4799,-38.5083],[-69.4799,-38.5083],[-69.4799,-38.5083],[-69.4799,-38.5083],[-69.4799,-38.5083],[-69.4799,-38.5083],[-69.4799,-38.5083],[-69.4799,-38.5083],[-69.4799,-38.5083],[-69.4799,-38.5083],[-69.4798,-38.5083],[-69.4798,-38.5083],[-69.4798,-38.5083],[-69.4798,-38.5083],[-69.4798,-38.5083],[-69.4798,-38.5083],[-69.4798,-38.5083],[-69.4798,-38.5083],[-69.4798,-38.5083],[-69.4798,-38.5083],[-69.4798,-38.5083],[-69.4798,-38.5083],[-69.4797,-38.5083],[-69.4797,-38.5083],[-69.4797,-38.5083],[-69.4797,-38.5082],[-69.4797,-38.5082],[-69.4797,-38.5082],[-69.4797,-38.5082],[-69.4797,-38.5082],[-69.4797,-38.5082],[-69.4797,-38.5082],[-69.4797,-38.5082],[-69.4797,-38.5082],[-69.4796,-38.5082],[-69.4796,-38.5082],[-69.4796,-38.5082],[-69.4796,-38.5082],[-69.4796,-38.5082],[-69.4796,-38.5082],[-69.4796,-38.5082],[-69.4796,-38.5082],[-69.4796,-38.5082],[-69.4796,-38.5082],[-69.4796,-38.5082],[-69.4796,-38.5082],[-69.4795,-38.5082],[-69.4795,-38.5082],[-69.4795,-38.5082],[-69.4795,-38.5082],[-69.4795,-38.5082],[-69.4795,-38.5082],[-69.4795,-38.5082],[-69.4795,-38.5081],[-69.4795,-38.5081],[-69.4795,-38.5081],[-69.4795,-38.5081],[-69.4795,-38.5081],[-69.4795,-38.5081],[-69.4794,-38.5081],[-69.4794,-38.5081],[-69.4794,-38.5081],[-69.4794,-38.5081],[-69.4794,-38.5081],[-69.4794,-38.5081],[-69.4794,-38.5081],[-69.4794,-38.5081],[-69.4794,-38.5081],[-69.4794,-38.5081],[-69.4794,-38.5081],[-69.4794,-38.5081],[-69.4794,-38.5081],[-69.4793,-38.5081],[-69.4793,-38.5081],[-69.4793,-38.5081],[-69.4793,-38.5081],[-69.4793,-38.508],[-69.4793,-38.508],[-69.4793,-38.508],[-69.4793,-38.508],[-69.4793,-38.508],[-69.4793,-38.508],[-69.4793,-38.508],[-69.4793,-38.508],[-69.4793,-38.508],[-69.4792,-38.508],[-69.4792,-38.508],[-69.4792,-38.508],[-69.4792,-38.508],[-69.4792,-38.508],[-69.4792,-38.508],[-69.4792,-38.508],[-69.4792,-38.508],[-69.4792,-38.508],[-69.4792,-38.508],[-69.4792,-38.508],[-69.4792,-38.508],[-69.4792,-38.508],[-69.4791,-38.5079],[-69.4791,-38.5079],[-69.4791,-38.5079],[-69.4791,-38.5079],[-69.4791,-38.5079],[-69.4791,-38.5079],[-69.4791,-38.5079],[-69.4791,-38.5079],[-69.4791,-38.5079],[-69.4791,-38.5079],[-69.4791,-38.5079],[-69.4791,-38.5079],[-69.4791,-38.5079],[-69.479,-38.5079],[-69.479,-38.5079],[-69.479,-38.5079],[-69.479,-38.5079],[-69.479,-38.5079],[-69.479,-38.5079],[-69.479,-38.5079],[-69.479,-38.5079],[-69.479,-38.5079],[-69.479,-38.5078],[-69.479,-38.5078],[-69.479,-38.5078],[-69.479,-38.5078],[-69.4789,-38.5078],[-69.4789,-38.5078],[-69.4789,-38.5078],[-69.4789,-38.5078],[-69.4789,-38.5078],[-69.4789,-38.5078],[-69.4789,-38.5078],[-69.4789,-38.5078],[-69.4789,-38.5078],[-69.4789,-38.5078],[-69.4789,-38.5078],[-69.4789,-38.5078],[-69.4789,-38.5078],[-69.4788,-38.5078],[-69.4788,-38.5078],[-69.4788,-38.5078],[-69.4788,-38.5078],[-69.4788,-38.5077],[-69.4788,-38.5077],[-69.4788,-38.5077],[-69.4788,-38.5077],[-69.4788,-38.5077],[-69.4788,-38.5077],[-69.4788,-38.5077],[-69.4788,-38.5077],[-69.4788,-38.5077],[-69.4787,-38.5077],[-69.4787,-38.5077],[-69.4787,-38.5077],[-69.4787,-38.5077],[-69.4787,-38.5077],[-69.4787,-38.5077],[-69.4787,-38.5077],[-69.4787,-38.5077],[-69.4787,-38.5077],[-69.4787,-38.5077],[-69.4787,-38.5077],[-69.4787,-38.5077],[-69.4787,-38.5077],[-69.4786,-38.5076],[-69.4786,-38.5076],[-69.4786,-38.5076],[-69.4786,-38.5076],[-69.4786,-38.5076],[-69.4786,-38.5076],[-69.4786,-38.5076],[-69.4786,-38.5076],[-69.4786,-38.5076],[-69.4786,-38.5076],[-69.4786,-38.5076],[-69.4786,-38.5076],[-69.4786,-38.5076],[-69.4786,-38.5076],[-69.4785,-38.5076],[-69.4785,-38.5076],[-69.4785,-38.5076],[-69.4785,-38.5075],[-69.4785,-38.5075],[-69.4785,-38.5075],[-69.4785,-38.5075],[-69.4785,-38.5075],[-69.4785,-38.5075],[-69.4785,-38.5075],[-69.4785,-38.5075],[-69.4785,-38.5075],[-69.4785,-38.5075],[-69.4785,-38.5075],[-69.4785,-38.5075],[-69.4784,-38.5075],[-69.4784,-38.5075],[-69.4784,-38.5075],[-69.4784,-38.5075],[-69.4784,-38.5075],[-69.4784,-38.5075],[-69.4784,-38.5074],[-69.4784,-38.5074],[-69.4784,-38.5074],[-69.4784,-38.5074],[-69.4784,-38.5074],[-69.4784,-38.5074],[-69.4784,-38.5074],[-69.4784,-38.5074],[-69.4784,-38.5074],[-69.4783,-38.5074],[-69.4783,-38.5074],[-69.4783,-38.5074],[-69.4783,-38.5074],[-69.4783,-38.5074],[-69.4783,-38.5074],[-69.4783,-38.5074],[-69.4783,-38.5074],[-69.4783,-38.5073],[-69.4783,-38.5073],[-69.4783,-38.5073],[-69.4783,-38.5073],[-69.4783,-38.5073],[-69.4783,-38.5073],[-69.4783,-38.5073],[-69.4782,-38.5073],[-69.4782,-38.5073],[-69.4782,-38.5073],[-69.4782,-38.5073],[-69.4782,-38.5073],[-69.4782,-38.5073],[-69.4782,-38.5073],[-69.4782,-38.5073],[-69.4782,-38.5073],[-69.4782,-38.5073],[-69.4782,-38.5072],[-69.4782,-38.5072],[-69.4782,-38.5072],[-69.4782,-38.5072],[-69.4781,-38.5072],[-69.4781,-38.5072],[-69.4781,-38.5072],[-69.4781,-38.5072],[-69.4781,-38.5072],[-69.4781,-38.5072],[-69.4781,-38.5072],[-69.4781,-38.5072],[-69.4781,-38.5072],[-69.4781,-38.5072],[-69.4781,-38.5072],[-69.4781,-38.5072],[-69.4781,-38.5072],[-69.4781,-38.5072],[-69.4781,-38.5071],[-69.478,-38.5071],[-69.478,-38.5071],[-69.478,-38.5071],[-69.478,-38.5071],[-69.478,-38.5071],[-69.478,-38.5071],[-69.478,-38.5071],[-69.478,-38.5071],[-69.478,-38.5071],[-69.478,-38.5071],[-69.478,-38.5071],[-69.478,-38.5071],[-69.478,-38.5071],[-69.478,-38.507],[-69.478,-38.507],[-69.478,-38.507],[-69.478,-38.507],[-69.478,-38.507],[-69.4779,-38.507],[-69.4779,-38.507],[-69.4779,-38.507],[-69.4779,-38.507],[-69.4779,-38.507],[-69.4779,-38.507],[-69.4779,-38.507],[-69.4779,-38.507],[-69.4779,-38.507],[-69.4779,-38.5069],[-69.4779,-38.5069],[-69.4779,-38.5069],[-69.4779,-38.5069],[-69.4779,-38.5069],[-69.4779,-38.5069],[-69.4779,-38.5069],[-69.4779,-38.5069],[-69.4779,-38.5069],[-69.4779,-38.5069],[-69.4778,-38.5069],[-69.4778,-38.5069],[-69.4778,-38.5069],[-69.4778,-38.5069],[-69.4778,-38.5068],[-69.4778,-38.5068],[-69.4778,-38.5068],[-69.4778,-38.5068],[-69.4778,-38.5068],[-69.4778,-38.5068],[-69.4778,-38.5068],[-69.4778,-38.5068],[-69.4778,-38.5068],[-69.4778,-38.5068],[-69.4778,-38.5068],[-69.4778,-38.5068],[-69.4778,-38.5068],[-69.4778,-38.5068],[-69.4778,-38.5067],[-69.4777,-38.5067],[-69.4777,-38.5067],[-69.4777,-38.5067],[-69.4777,-38.5067],[-69.4777,-38.5067],[-69.4777,-38.5067],[-69.4777,-38.5067],[-69.4777,-38.5067],[-69.4777,-38.5067],[-69.4777,-38.5067],[-69.4777,-38.5067],[-69.4777,-38.5067],[-69.4777,-38.5067],[-69.4777,-38.5066],[-69.4777,-38.5066],[-69.4777,-38.5066],[-69.4777,-38.5066],[-69.4777,-38.5066],[-69.4776,-38.5066],[-69.4776,-38.5066],[-69.4776,-38.5066],[-69.4776,-38.5066],[-69.4776,-38.5066],[-69.4776,-38.5066],[-69.4776,-38.5066],[-69.4776,-38.5066],[-69.4776,-38.5066],[-69.4776,-38.5065],[-69.4776,-38.5065],[-69.4776,-38.5065],[-69.4776,-38.5065],[-69.4776,-38.5065],[-69.4776,-38.5065],[-69.4776,-38.5065],[-69.4776,-38.5065],[-69.4776,-38.5065],[-69.4775,-38.5065],[-69.4775,-38.5065],[-69.4775,-38.5065],[-69.4775,-38.5065],[-69.4775,-38.5065],[-69.4775,-38.5065],[-69.4775,-38.5064],[-69.4775,-38.5064],[-69.4775,-38.5064],[-69.4775,-38.5064],[-69.4775,-38.5064],[-69.4775,-38.5064],[-69.4775,-38.5064],[-69.4775,-38.5064],[-69.4775,-38.5064],[-69.4775,-38.5064],[-69.4775,-38.5064],[-69.4775,-38.5064],[-69.4774,-38.5064],[-69.4774,-38.5064],[-69.4774,-38.5063],[-69.4774,-38.5063],[-69.4774,-38.5063],[-69.4774,-38.5063],[-69.4774,-38.5063],[-69.4774,-38.5063],[-69.4774,-38.5063],[-69.4774,-38.5063],[-69.4774,-38.5063],[-69.4774,-38.5063],[-69.4774,-38.5063],[-69.4774,-38.5063],[-69.4774,-38.5063],[-69.4774,-38.5063],[-69.4774,-38.5063],[-69.4773,-38.5062],[-69.4773,-38.5062],[-69.4773,-38.5062],[-69.4773,-38.5062],[-69.4773,-38.5062],[-69.4773,-38.5062],[-69.4773,-38.5062],[-69.4773,-38.5062],[-69.4773,-38.5062],[-69.4773,-38.5062],[-69.4773,-38.5062],[-69.4773,-38.5062],[-69.4773,-38.5062],[-69.4773,-38.5062],[-69.4773,-38.5061],[-69.4773,-38.5061],[-69.4773,-38.5061],[-69.4773,-38.5061],[-69.4772,-38.5061],[-69.4772,-38.5061],[-69.4772,-38.5061],[-69.4772,-38.5061],[-69.4772,-38.5061],[-69.4772,-38.5061],[-69.4772,-38.5061],[-69.4772,-38.5061],[-69.4772,-38.5061],[-69.4772,-38.5061],[-69.4772,-38.5061],[-69.4772,-38.506],[-69.4772,-38.506],[-69.4772,-38.506],[-69.4772,-38.506],[-69.4772,-38.506],[-69.4772,-38.506],[-69.4771,-38.506],[-69.4771,-38.506],[-69.4771,-38.506],[-69.4771,-38.506],[-69.4771,-38.506],[-69.4771,-38.506],[-69.4771,-38.506],[-69.4771,-38.506],[-69.4771,-38.5059],[-69.4771,-38.5059],[-69.4771,-38.5059],[-69.4771,-38.5059],[-69.4771,-38.5059],[-69.4771,-38.5059],[-69.4771,-38.5059],[-69.4771,-38.5059],[-69.4771,-38.5059],[-69.4771,-38.5059],[-69.477,-38.5059],[-69.477,-38.5059],[-69.477,-38.5059],[-69.477,-38.5059],[-69.477,-38.5059],[-69.477,-38.5058],[-69.477,-38.5058],[-69.477,-38.5058],[-69.477,-38.5058],[-69.477,-38.5058],[-69.477,-38.5058],[-69.477,-38.5058],[-69.477,-38.5058],[-69.477,-38.5058],[-69.477,-38.5058],[-69.4769,-38.5058],[-69.4769,-38.5058],[-69.4769,-38.5058],[-69.4769,-38.5058],[-69.4769,-38.5058],[-69.4769,-38.5058],[-69.4769,-38.5057],[-69.4769,-38.5057],[-69.4769,-38.5057],[-69.4769,-38.5057],[-69.4769,-38.5057],[-69.4769,-38.5057],[-69.4769,-38.5057],[-69.4769,-38.5057],[-69.4769,-38.5057],[-69.4769,-38.5057],[-69.4768,-38.5057],[-69.4768,-38.5057],[-69.4768,-38.5057],[-69.4768,-38.5057],[-69.4768,-38.5057],[-69.4768,-38.5056],[-69.4768,-38.5056],[-69.4768,-38.5056],[-69.4768,-38.5056],[-69.4768,-38.5056],[-69.4768,-38.5056],[-69.4768,-38.5056],[-69.4768,-38.5056],[-69.4768,-38.5056],[-69.4768,-38.5056],[-69.4768,-38.5056],[-69.4767,-38.5056],[-69.4767,-38.5056],[-69.4767,-38.5056],[-69.4767,-38.5056],[-69.4767,-38.5056],[-69.4767,-38.5055],[-69.4767,-38.5055],[-69.4767,-38.5055],[-69.4767,-38.5055],[-69.4767,-38.5055],[-69.4767,-38.5055],[-69.4767,-38.5055],[-69.4767,-38.5055],[-69.4767,-38.5055],[-69.4767,-38.5055],[-69.4767,-38.5055],[-69.4766,-38.5055],[-69.4766,-38.5055],[-69.4766,-38.5055],[-69.4766,-38.5055],[-69.4766,-38.5055],[-69.4766,-38.5054],[-69.4766,-38.5054],[-69.4766,-38.5054],[-69.4766,-38.5054],[-69.4766,-38.5054],[-69.4766,-38.5054],[-69.4766,-38.5054],[-69.4766,-38.5054],[-69.4766,-38.5054],[-69.4766,-38.5054],[-69.4766,-38.5054],[-69.4765,-38.5054],[-69.4765,-38.5054],[-69.4765,-38.5054],[-69.4765,-38.5054],[-69.4765,-38.5053],[-69.4765,-38.5053],[-69.4765,-38.5053],[-69.4765,-38.5053],[-69.4765,-38.5053],[-69.4765,-38.5053],[-69.4765,-38.5053],[-69.4765,-38.5053],[-69.4765,-38.5053],[-69.4765,-38.5053],[-69.4765,-38.5053],[-69.4765,-38.5053],[-69.4764,-38.5053],[-69.4764,-38.5053],[-69.4764,-38.5053],[-69.4764,-38.5053],[-69.4764,-38.5053],[-69.4764,-38.5052],[-69.4764,-38.5052],[-69.4764,-38.5052],[-69.4764,-38.5052],[-69.4764,-38.5052],[-69.4764,-38.5052],[-69.4764,-38.5052],[-69.4764,-38.5052],[-69.4763,-38.5052],[-69.4763,-38.5052],[-69.4763,-38.5052],[-69.4763,-38.5052],[-69.4763,-38.5052],[-69.4763,-38.5052],[-69.4763,-38.5052],[-69.4763,-38.5052],[-69.4763,-38.5052],[-69.4763,-38.5052],[-69.4763,-38.5052],[-69.4763,-38.5051],[-69.4763,-38.5051],[-69.4763,-38.5051],[-69.4762,-38.5051],[-69.4762,-38.5051],[-69.4762,-38.5051],[-69.4762,-38.5051],[-69.4762,-38.5051],[-69.4762,-38.5051],[-69.4762,-38.5051],[-69.4762,-38.5051],[-69.4762,-38.5051],[-69.4762,-38.5051],[-69.4762,-38.5051],[-69.4762,-38.5051],[-69.4762,-38.5051],[-69.4762,-38.5051],[-69.4761,-38.5051],[-69.4761,-38.5051],[-69.4761,-38.505],[-69.4761,-38.505],[-69.4761,-38.505],[-69.4761,-38.505],[-69.4761,-38.505],[-69.4761,-38.505],[-69.4761,-38.505],[-69.4761,-38.505],[-69.4761,-38.505],[-69.4761,-38.505],[-69.4761,-38.505],[-69.4761,-38.505],[-69.476,-38.505],[-69.476,-38.505],[-69.476,-38.505],[-69.476,-38.505],[-69.476,-38.505],[-69.476,-38.505],[-69.476,-38.505],[-69.476,-38.505],[-69.476,-38.5049],[-69.476,-38.5049],[-69.476,-38.5049],[-69.476,-38.5049],[-69.476,-38.5049],[-69.476,-38.5049],[-69.4759,-38.5049],[-69.4759,-38.5049],[-69.4759,-38.5049],[-69.4759,-38.5049],[-69.4759,-38.5049],[-69.4759,-38.5049],[-69.4759,-38.5049],[-69.4759,-38.5049],[-69.4759,-38.5049],[-69.4759,-38.5049],[-69.4759,-38.5049],[-69.4759,-38.5049],[-69.4759,-38.5049],[-69.4758,-38.5048],[-69.4758,-38.5048],[-69.4758,-38.5048],[-69.4758,-38.5048],[-69.4758,-38.5048],[-69.4758,-38.5048],[-69.4758,-38.5048],[-69.4758,-38.5048],[-69.4758,-38.5048],[-69.4758,-38.5048],[-69.4758,-38.5048],[-69.4758,-38.5048],[-69.4758,-38.5048],[-69.4758,-38.5048],[-69.4757,-38.5048],[-69.4757,-38.5048],[-69.4757,-38.5048],[-69.4757,-38.5048],[-69.4757,-38.5048],[-69.4757,-38.5047],[-69.4757,-38.5047],[-69.4757,-38.5047],[-69.4757,-38.5047],[-69.4757,-38.5047],[-69.4757,-38.5047],[-69.4757,-38.5047],[-69.4757,-38.5047],[-69.4757,-38.5047],[-69.4756,-38.5047],[-69.4756,-38.5047],[-69.4756,-38.5047],[-69.4756,-38.5047],[-69.4756,-38.5047],[-69.4756,-38.5047],[-69.4756,-38.5046],[-69.4756,-38.5046],[-69.4756,-38.5046],[-69.4756,-38.5046],[-69.4756,-38.5046],[-69.4756,-38.5046],[-69.4756,-38.5046],[-69.4756,-38.5046],[-69.4756,-38.5046],[-69.4756,-38.5046],[-69.4756,-38.5046],[-69.4756,-38.5046],[-69.4756,-38.5046],[-69.4756,-38.5046],[-69.4756,-38.5045],[-69.4755,-38.5045],[-69.4755,-38.5045],[-69.4755,-38.5045],[-69.4755,-38.5045],[-69.4755,-38.5045],[-69.4755,-38.5045],[-69.4755,-38.5045],[-69.4755,-38.5045],[-69.4755,-38.5045],[-69.4755,-38.5045],[-69.4755,-38.5045],[-69.4755,-38.5045],[-69.4755,-38.5044],[-69.4755,-38.5044],[-69.4755,-38.5044],[-69.4755,-38.5044],[-69.4755,-38.5044],[-69.4755,-38.5044],[-69.4755,-38.5044],[-69.4755,-38.5044],[-69.4755,-38.5044],[-69.4754,-38.5044],[-69.4754,-38.5044],[-69.4754,-38.5044],[-69.4754,-38.5044],[-69.4754,-38.5043],[-69.4754,-38.5043],[-69.4754,-38.5043],[-69.4754,-38.5043],[-69.4754,-38.5043],[-69.4754,-38.5043],[-69.4754,-38.5043],[-69.4754,-38.5043],[-69.4754,-38.5043],[-69.4754,-38.5043],[-69.4754,-38.5043],[-69.4754,-38.5043],[-69.4754,-38.5043],[-69.4754,-38.5042],[-69.4754,-38.5042],[-69.4754,-38.5042],[-69.4753,-38.5042],[-69.4753,-38.5042],[-69.4753,-38.5042],[-69.4753,-38.5042],[-69.4753,-38.5042],[-69.4753,-38.5042],[-69.4753,-38.5042],[-69.4753,-38.5042],[-69.4753,-38.5042],[-69.4753,-38.5042],[-69.4753,-38.5041],[-69.4753,-38.5041],[-69.4753,-38.5041],[-69.4753,-38.5041],[-69.4753,-38.5041],[-69.4753,-38.5041],[-69.4753,-38.5041],[-69.4753,-38.5041],[-69.4753,-38.5041],[-69.4753,-38.5041],[-69.4753,-38.5041],[-69.4753,-38.5041],[-69.4753,-38.5041],[-69.4753,-38.504],[-69.4752,-38.504],[-69.4752,-38.504],[-69.4752,-38.504],[-69.4752,-38.504],[-69.4752,-38.504],[-69.4752,-38.504],[-69.4752,-38.504],[-69.4752,-38.504],[-69.4752,-38.504],[-69.4752,-38.504],[-69.4752,-38.504],[-69.4752,-38.5039],[-69.4752,-38.5039],[-69.4752,-38.5039],[-69.4752,-38.5039],[-69.4752,-38.5039],[-69.4752,-38.5039],[-69.4752,-38.5039],[-69.4752,-38.5039],[-69.4752,-38.5039],[-69.4752,-38.5039],[-69.4752,-38.5039],[-69.4752,-38.5039],[-69.4752,-38.5039],[-69.4751,-38.5038],[-69.4751,-38.5038],[-69.4751,-38.5038],[-69.4751,-38.5038],[-69.4751,-38.5038],[-69.4751,-38.5038],[-69.4751,-38.5038],[-69.4751,-38.5038],[-69.4751,-38.5038],[-69.4751,-38.5038],[-69.4751,-38.5038],[-69.4751,-38.5038],[-69.4751,-38.5037],[-69.4751,-38.5037],[-69.4751,-38.5037],[-69.4751,-38.5037],[-69.4751,-38.5037],[-69.4751,-38.5037],[-69.4751,-38.5037],[-69.4751,-38.5037],[-69.4751,-38.5037],[-69.4751,-38.5037],[-69.4751,-38.5037],[-69.4751,-38.5037],[-69.4751,-38.5037],[-69.475,-38.5036],[-69.475,-38.5036],[-69.475,-38.5036],[-69.475,-38.5036],[-69.475,-38.5036],[-69.475,-38.5036],[-69.475,-38.5036],[-69.475,-38.5036],[-69.475,-38.5036],[-69.475,-38.5036],[-69.475,-38.5036],[-69.475,-38.5036],[-69.475,-38.5035],[-69.475,-38.5035],[-69.475,-38.5035],[-69.475,-38.5035],[-69.475,-38.5035],[-69.475,-38.5035],[-69.475,-38.5035],[-69.475,-38.5035],[-69.4749,-38.5035],[-69.4749,-38.5035],[-69.4749,-38.5035],[-69.4749,-38.5035],[-69.4749,-38.5035],[-69.4749,-38.5035],[-69.4749,-38.5035],[-69.4749,-38.5035],[-69.4749,-38.5035],[-69.4749,-38.5035],[-69.4749,-38.5035],[-69.4749,-38.5035],[-69.4749,-38.5034],[-69.4748,-38.5034],[-69.4748,-38.5034],[-69.4748,-38.5034],[-69.4748,-38.5034],[-69.4748,-38.5034],[-69.4748,-38.5034],[-69.4748,-38.5034],[-69.4748,-38.5034],[-69.4748,-38.5034],[-69.4748,-38.5034],[-69.4748,-38.5034],[-69.4748,-38.5034],[-69.4748,-38.5034],[-69.4747,-38.5034],[-69.4747,-38.5034],[-69.4747,-38.5034],[-69.4747,-38.5034],[-69.4747,-38.5034],[-69.4747,-38.5034],[-69.4747,-38.5034],[-69.4747,-38.5034],[-69.4747,-38.5033],[-69.4747,-38.5033],[-69.4747,-38.5033],[-69.4747,-38.5033],[-69.4746,-38.5033],[-69.4746,-38.5033],[-69.4746,-38.5033],[-69.4746,-38.5033],[-69.4746,-38.5033],[-69.4746,-38.5033],[-69.4746,-38.5033],[-69.4746,-38.5033],[-69.4746,-38.5033],[-69.4746,-38.5033],[-69.4746,-38.5033],[-69.4746,-38.5033],[-69.4746,-38.5033],[-69.4745,-38.5033],[-69.4745,-38.5033],[-69.4745,-38.5033],[-69.4745,-38.5033],[-69.4745,-38.5033],[-69.4745,-38.5033],[-69.4745,-38.5032],[-69.4745,-38.5032],[-69.4745,-38.5032],[-69.4745,-38.5032],[-69.4745,-38.5032],[-69.4745,-38.5032],[-69.4745,-38.5032],[-69.4744,-38.5032],[-69.4744,-38.5032],[-69.4744,-38.5032],[-69.4744,-38.5032],[-69.4744,-38.5032],[-69.4744,-38.5032],[-69.4744,-38.5032],[-69.4744,-38.5032],[-69.4744,-38.5032],[-69.4744,-38.5032],[-69.4744,-38.5032],[-69.4744,-38.5032],[-69.4744,-38.5032],[-69.4743,-38.5032],[-69.4743,-38.5032],[-69.4743,-38.5031],[-69.4743,-38.5031],[-69.4743,-38.5031],[-69.4743,-38.5031],[-69.4743,-38.5031],[-69.4743,-38.5031],[-69.4743,-38.5031],[-69.4743,-38.5031],[-69.4743,-38.5031],[-69.4743,-38.5031],[-69.4743,-38.5031],[-69.4742,-38.5031],[-69.4742,-38.5031],[-69.4742,-38.5031],[-69.4742,-38.5031],[-69.4742,-38.5031],[-69.4742,-38.5031],[-69.4742,-38.5031],[-69.4742,-38.5031],[-69.4742,-38.5031],[-69.4742,-38.5031],[-69.4742,-38.5031],[-69.4742,-38.503],[-69.4741,-38.503],[-69.4741,-38.503],[-69.4741,-38.503],[-69.4741,-38.503],[-69.4741,-38.503],[-69.4741,-38.503],[-69.4741,-38.503],[-69.4741,-38.503],[-69.4741,-38.503],[-69.4741,-38.503],[-69.4741,-38.503],[-69.4741,-38.503],[-69.4741,-38.503],[-69.474,-38.503],[-69.474,-38.503],[-69.474,-38.503],[-69.474,-38.503],[-69.474,-38.503],[-69.474,-38.503],[-69.474,-38.503],[-69.474,-38.503],[-69.474,-38.503],[-69.474,-38.503],[-69.474,-38.503],[-69.474,-38.503],[-69.4739,-38.503],[-69.4739,-38.503],[-69.4739,-38.503],[-69.4739,-38.503],[-69.4739,-38.5029],[-69.4739,-38.5029],[-69.4739,-38.5029],[-69.4739,-38.5029],[-69.4739,-38.5029],[-69.4739,-38.5029],[-69.4739,-38.5029],[-69.4739,-38.5029],[-69.4738,-38.5029],[-69.4738,-38.5029],[-69.4738,-38.5029],[-69.4738,-38.5029],[-69.4738,-38.5029],[-69.4738,-38.5029],[-69.4738,-38.5029],[-69.4738,-38.5029],[-69.4738,-38.5029],[-69.4738,-38.5029],[-69.4738,-38.5029],[-69.4737,-38.5029],[-69.4737,-38.5029],[-69.4737,-38.5029],[-69.4737,-38.5029],[-69.4737,-38.5029],[-69.4737,-38.5029],[-69.4737,-38.5029],[-69.4737,-38.5029],[-69.4737,-38.5029],[-69.4737,-38.5029],[-69.4737,-38.5029],[-69.4737,-38.5029],[-69.4736,-38.5029],[-69.4736,-38.5029],[-69.4736,-38.5029],[-69.4736,-38.5029],[-69.4736,-38.5029],[-69.4736,-38.5028],[-69.4736,-38.5028],[-69.4736,-38.5028],[-69.4736,-38.5028],[-69.4736,-38.5028],[-69.4736,-38.5028],[-69.4736,-38.5028],[-69.4735,-38.5028],[-69.4735,-38.5028],[-69.4735,-38.5028],[-69.4735,-38.5028],[-69.4735,-38.5028],[-69.4735,-38.5028],[-69.4735,-38.5028],[-69.4735,-38.5028],[-69.4735,-38.5028],[-69.4735,-38.5028],[-69.4735,-38.5028],[-69.4735,-38.5028],[-69.4734,-38.5028],[-69.4734,-38.5028],[-69.4734,-38.5028],[-69.4734,-38.5028],[-69.4734,-38.5028],[-69.4734,-38.5028],[-69.4734,-38.5028],[-69.4734,-38.5028],[-69.4734,-38.5028],[-69.4734,-38.5028],[-69.4734,-38.5028],[-69.4734,-38.5028],[-69.4733,-38.5028],[-69.4733,-38.5028],[-69.4733,-38.5028],[-69.4733,-38.5028],[-69.4733,-38.5027],[-69.4733,-38.5027],[-69.4733,-38.5027],[-69.4733,-38.5027],[-69.4733,-38.5027],[-69.4733,-38.5027],[-69.4733,-38.5027],[-69.4733,-38.5027],[-69.4732,-38.5027],[-69.4732,-38.5027],[-69.4732,-38.5027],[-69.4732,-38.5027],[-69.4732,-38.5027],[-69.4732,-38.5027],[-69.4732,-38.5027],[-69.4732,-38.5027],[-69.4732,-38.5027],[-69.4732,-38.5027],[-69.4732,-38.5027],[-69.4732,-38.5027],[-69.4732,-38.5027],[-69.4731,-38.5027],[-69.4731,-38.5027],[-69.4731,-38.5027],[-69.4731,-38.5027],[-69.4731,-38.5027],[-69.4731,-38.5026],[-69.4731,-38.5026],[-69.4731,-38.5026],[-69.4731,-38.5026],[-69.4731,-38.5026],[-69.4731,-38.5026],[-69.4731,-38.5026],[-69.473,-38.5026],[-69.473,-38.5026],[-69.473,-38.5026],[-69.473,-38.5026],[-69.473,-38.5026],[-69.473,-38.5026],[-69.473,-38.5026],[-69.473,-38.5026],[-69.473,-38.5026],[-69.473,-38.5026],[-69.473,-38.5026],[-69.473,-38.5026],[-69.473,-38.5026],[-69.4729,-38.5026],[-69.4729,-38.5026],[-69.4729,-38.5026],[-69.4729,-38.5026],[-69.4729,-38.5026],[-69.4729,-38.5025],[-69.4729,-38.5025],[-69.4729,-38.5025],[-69.4729,-38.5025],[-69.4729,-38.5025],[-69.4729,-38.5025],[-69.4729,-38.5025],[-69.4728,-38.5025],[-69.4728,-38.5025],[-69.4728,-38.5025],[-69.4728,-38.5025],[-69.4728,-38.5025],[-69.4728,-38.5025],[-69.4728,-38.5025],[-69.4728,-38.5025],[-69.4728,-38.5025],[-69.4728,-38.5025],[-69.4728,-38.5025],[-69.4728,-38.5025],[-69.4728,-38.5025],[-69.4727,-38.5025],[-69.4727,-38.5025],[-69.4727,-38.5025],[-69.4727,-38.5025],[-69.4727,-38.5025],[-69.4727,-38.5025],[-69.4727,-38.5024],[-69.4727,-38.5024],[-69.4727,-38.5024],[-69.4727,-38.5024],[-69.4727,-38.5024],[-69.4727,-38.5024],[-69.4727,-38.5024],[-69.4726,-38.5024],[-69.4726,-38.5024],[-69.4726,-38.5024],[-69.4726,-38.5024],[-69.4726,-38.5024],[-69.4726,-38.5024],[-69.4726,-38.5024],[-69.4726,-38.5024],[-69.4726,-38.5024],[-69.4726,-38.5023],[-69.4726,-38.5023],[-69.4726,-38.5023],[-69.4726,-38.5023],[-69.4726,-38.5023],[-69.4726,-38.5023],[-69.4726,-38.5023],[-69.4726,-38.5023],[-69.4725,-38.5023],[-69.4725,-38.5023],[-69.4725,-38.5023],[-69.4725,-38.5023],[-69.4725,-38.5023],[-69.4725,-38.5023],[-69.4725,-38.5023],[-69.4725,-38.5022],[-69.4725,-38.5022],[-69.4725,-38.5022],[-69.4725,-38.5022],[-69.4725,-38.5022],[-69.4725,-38.5022],[-69.4725,-38.5022],[-69.4725,-38.5022],[-69.4725,-38.5022],[-69.4725,-38.5022],[-69.4724,-38.5022],[-69.4724,-38.5022],[-69.4724,-38.5022],[-69.4724,-38.5022],[-69.4724,-38.5022],[-69.4724,-38.5021],[-69.4724,-38.5021],[-69.4724,-38.5021],[-69.4724,-38.5021],[-69.4724,-38.5021],[-69.4724,-38.5021],[-69.4724,-38.5021],[-69.4724,-38.5021],[-69.4724,-38.5021],[-69.4724,-38.5021],[-69.4724,-38.5021],[-69.4723,-38.5021],[-69.4723,-38.5021],[-69.4723,-38.5021],[-69.4723,-38.5021],[-69.4723,-38.502],[-69.4723,-38.502],[-69.4723,-38.502],[-69.4723,-38.502],[-69.4723,-38.502],[-69.4723,-38.502],[-69.4723,-38.502],[-69.4723,-38.502],[-69.4723,-38.502],[-69.4723,-38.502],[-69.4723,-38.502],[-69.4723,-38.502],[-69.4723,-38.502],[-69.4722,-38.502],[-69.4722,-38.502],[-69.4722,-38.5019],[-69.4722,-38.5019],[-69.4722,-38.5019],[-69.4722,-38.5019],[-69.4722,-38.5019],[-69.4722,-38.5019],[-69.4722,-38.5019],[-69.4722,-38.5019],[-69.4722,-38.5019],[-69.4722,-38.5019],[-69.4722,-38.5019],[-69.4722,-38.5019],[-69.4722,-38.5019],[-69.4722,-38.5019],[-69.4722,-38.5019],[-69.4721,-38.5018],[-69.4721,-38.5018],[-69.4721,-38.5018],[-69.4721,-38.5018],[-69.4721,-38.5018],[-69.4721,-38.5018],[-69.4721,-38.5018],[-69.4721,-38.5018],[-69.4721,-38.5018],[-69.4721,-38.5018],[-69.4721,-38.5018],[-69.4721,-38.5018],[-69.4721,-38.5018],[-69.4721,-38.5018],[-69.4721,-38.5018],[-69.4721,-38.5017],[-69.472,-38.5017],[-69.472,-38.5017],[-69.472,-38.5017],[-69.472,-38.5017],[-69.472,-38.5017],[-69.472,-38.5017],[-69.472,-38.5017],[-69.472,-38.5017],[-69.472,-38.5017],[-69.472,-38.5017],[-69.472,-38.5017],[-69.472,-38.5017],[-69.472,-38.5017],[-69.472,-38.5017],[-69.472,-38.5016],[-69.472,-38.5016],[-69.472,-38.5016],[-69.4719,-38.5016],[-69.4719,-38.5016],[-69.4719,-38.5016],[-69.4719,-38.5016],[-69.4719,-38.5016],[-69.4719,-38.5016],[-69.4719,-38.5016],[-69.4719,-38.5016],[-69.4719,-38.5016],[-69.4719,-38.5016],[-69.4719,-38.5016],[-69.4719,-38.5016],[-69.4719,-38.5015],[-69.4719,-38.5015],[-69.4719,-38.5015],[-69.4719,-38.5015],[-69.4718,-38.5015],[-69.4718,-38.5015],[-69.4718,-38.5015],[-69.4718,-38.5015],[-69.4718,-38.5015],[-69.4718,-38.5015],[-69.4718,-38.5015],[-69.4718,-38.5015],[-69.4718,-38.5015],[-69.4718,-38.5015],[-69.4718,-38.5015],[-69.4718,-38.5014],[-69.4718,-38.5014],[-69.4718,-38.5014],[-69.4718,-38.5014],[-69.4718,-38.5014],[-69.4718,-38.5014],[-69.4717,-38.5014],[-69.4717,-38.5014],[-69.4717,-38.5014],[-69.4717,-38.5014],[-69.4717,-38.5014],[-69.4717,-38.5014],[-69.4717,-38.5014],[-69.4717,-38.5014],[-69.4717,-38.5014],[-69.4717,-38.5013],[-69.4717,-38.5013],[-69.4717,-38.5013],[-69.4717,-38.5013],[-69.4717,-38.5013],[-69.4717,-38.5013],[-69.4717,-38.5013],[-69.4717,-38.5013],[-69.4717,-38.5013],[-69.4716,-38.5013],[-69.4716,-38.5013],[-69.4716,-38.5013],[-69.4716,-38.5013],[-69.4716,-38.5012],[-69.4716,-38.5012],[-69.4716,-38.5012],[-69.4716,-38.5012],[-69.4716,-38.5012],[-69.4716,-38.5012],[-69.4716,-38.5012],[-69.4716,-38.5012],[-69.4716,-38.5012],[-69.4716,-38.5012],[-69.4716,-38.5012],[-69.4716,-38.5012],[-69.4716,-38.5012],[-69.4716,-38.5012],[-69.4716,-38.5011],[-69.4715,-38.5011],[-69.4715,-38.5011],[-69.4715,-38.5011],[-69.4715,-38.5011],[-69.4715,-38.5011],[-69.4715,-38.5011],[-69.4715,-38.5011],[-69.4715,-38.5011],[-69.4715,-38.5011],[-69.4715,-38.5011],[-69.4715,-38.5011],[-69.4715,-38.5011],[-69.4715,-38.5011],[-69.4715,-38.501],[-69.4715,-38.501],[-69.4715,-38.501],[-69.4715,-38.501],[-69.4715,-38.501],[-69.4714,-38.501],[-69.4714,-38.501],[-69.4714,-38.501],[-69.4714,-38.501],[-69.4714,-38.501],[-69.4714,-38.501],[-69.4714,-38.501],[-69.4714,-38.501],[-69.4714,-38.501],[-69.4714,-38.5009],[-69.4714,-38.5009],[-69.4714,-38.5009],[-69.4714,-38.5009],[-69.4714,-38.5009],[-69.4714,-38.5009],[-69.4714,-38.5009],[-69.4714,-38.5009],[-69.4714,-38.5009],[-69.4714,-38.5009],[-69.4713,-38.5009],[-69.4713,-38.5009],[-69.4713,-38.5009],[-69.4713,-38.5009],[-69.4713,-38.5008],[-69.4713,-38.5008],[-69.4713,-38.5008],[-69.4713,-38.5008],[-69.4713,-38.5008],[-69.4713,-38.5008],[-69.4713,-38.5008],[-69.4713,-38.5008],[-69.4713,-38.5008],[-69.4713,-38.5008],[-69.4713,-38.5008],[-69.4713,-38.5008],[-69.4713,-38.5008],[-69.4713,-38.5007],[-69.4713,-38.5007],[-69.4712,-38.5007],[-69.4712,-38.5007],[-69.4712,-38.5007],[-69.4712,-38.5007],[-69.4712,-38.5007],[-69.4712,-38.5007],[-69.4712,-38.5007],[-69.4712,-38.5007],[-69.4712,-38.5007],[-69.4712,-38.5007],[-69.4712,-38.5007],[-69.4712,-38.5007],[-69.4712,-38.5006],[-69.4712,-38.5006],[-69.4712,-38.5006],[-69.4712,-38.5006],[-69.4712,-38.5006],[-69.4712,-38.5006],[-69.4712,-38.5006],[-69.4711,-38.5006],[-69.4711,-38.5006],[-69.4711,-38.5006],[-69.4711,-38.5006],[-69.4711,-38.5006],[-69.4711,-38.5006],[-69.4711,-38.5006],[-69.4711,-38.5005],[-69.4711,-38.5005],[-69.4711,-38.5005],[-69.4711,-38.5005],[-69.4711,-38.5005],[-69.4711,-38.5005],[-69.4711,-38.5005],[-69.4711,-38.5005],[-69.4711,-38.5005],[-69.4711,-38.5005],[-69.4711,-38.5005],[-69.4711,-38.5005],[-69.471,-38.5005],[-69.471,-38.5005],[-69.471,-38.5004],[-69.471,-38.5004],[-69.471,-38.5004],[-69.471,-38.5004],[-69.471,-38.5004],[-69.471,-38.5004],[-69.471,-38.5004],[-69.471,-38.5004],[-69.471,-38.5004],[-69.471,-38.5004],[-69.471,-38.5004],[-69.471,-38.5004],[-69.471,-38.5004],[-69.471,-38.5003],[-69.471,-38.5003],[-69.471,-38.5003],[-69.471,-38.5003],[-69.4709,-38.5003],[-69.4709,-38.5003],[-69.4709,-38.5003],[-69.4709,-38.5003],[-69.4709,-38.5003],[-69.4709,-38.5003],[-69.4709,-38.5003],[-69.4709,-38.5003],[-69.4709,-38.5003],[-69.4709,-38.5003],[-69.4709,-38.5002],[-69.4709,-38.5002],[-69.4709,-38.5002],[-69.4709,-38.5002],[-69.4709,-38.5002],[-69.4709,-38.5002],[-69.4709,-38.5002],[-69.4709,-38.5002],[-69.4708,-38.5002],[-69.4708,-38.5002],[-69.4708,-38.5002],[-69.4708,-38.5002],[-69.4708,-38.5002],[-69.4708,-38.5002],[-69.4708,-38.5001],[-69.4708,-38.5001],[-69.4708,-38.5001],[-69.4708,-38.5001],[-69.4708,-38.5001],[-69.4708,-38.5001],[-69.4708,-38.5001],[-69.4708,-38.5001],[-69.4708,-38.5001],[-69.4708,-38.5001],[-69.4708,-38.5001],[-69.4708,-38.5001],[-69.4708,-38.5001],[-69.4707,-38.5001],[-69.4707,-38.5],[-69.4707,-38.5],[-69.4707,-38.5],[-69.4707,-38.5],[-69.4707,-38.5],[-69.4707,-38.5],[-69.4707,-38.5],[-69.4707,-38.5],[-69.4707,-38.5],[-69.4707,-38.5],[-69.4707,-38.5],[-69.4707,-38.5],[-69.4707,-38.5],[-69.4707,-38.4999],[-69.4707,-38.4999],[-69.4707,-38.4999],[-69.4707,-38.4999],[-69.4707,-38.4999],[-69.4707,-38.4999],[-69.4707,-38.4999],[-69.4707,-38.4999],[-69.4706,-38.4999],[-69.4706,-38.4999],[-69.4706,-38.4999],[-69.4706,-38.4999],[-69.4706,-38.4999],[-69.4706,-38.4998],[-69.4706,-38.4998],[-69.4706,-38.4998],[-69.4706,-38.4998],[-69.4706,-38.4998],[-69.4706,-38.4998],[-69.4706,-38.4998],[-69.4706,-38.4998],[-69.4706,-38.4998],[-69.4706,-38.4998],[-69.4706,-38.4998],[-69.4706,-38.4998],[-69.4706,-38.4997],[-69.4706,-38.4997],[-69.4706,-38.4997],[-69.4706,-38.4997],[-69.4706,-38.4997],[-69.4706,-38.4997],[-69.4706,-38.4997],[-69.4706,-38.4997],[-69.4706,-38.4997],[-69.4706,-38.4997],[-69.4705,-38.4997],[-69.4705,-38.4997],[-69.4705,-38.4996],[-69.4705,-38.4996],[-69.4705,-38.4996],[-69.4705,-38.4996],[-69.4705,-38.4996],[-69.4705,-38.4996],[-69.4705,-38.4996],[-69.4705,-38.4996],[-69.4705,-38.4996],[-69.4705,-38.4996],[-69.4705,-38.4996],[-69.4705,-38.4996],[-69.4705,-38.4995],[-69.4705,-38.4995],[-69.4705,-38.4995],[-69.4705,-38.4995],[-69.4705,-38.4995],[-69.4705,-38.4995],[-69.4705,-38.4995],[-69.4705,-38.4995],[-69.4705,-38.4995],[-69.4705,-38.4995],[-69.4705,-38.4995],[-69.4705,-38.4995],[-69.4705,-38.4995],[-69.4704,-38.4994],[-69.4704,-38.4994],[-69.4704,-38.4994],[-69.4704,-38.4994],[-69.4704,-38.4994],[-69.4704,-38.4994],[-69.4704,-38.4994],[-69.4704,-38.4994],[-69.4704,-38.4994],[-69.4704,-38.4994],[-69.4704,-38.4994],[-69.4704,-38.4994],[-69.4704,-38.4993],[-69.4704,-38.4993],[-69.4704,-38.4993],[-69.4704,-38.4993],[-69.4704,-38.4993],[-69.4704,-38.4993],[-69.4704,-38.4993],[-69.4704,-38.4993],[-69.4704,-38.4993],[-69.4704,-38.4993],[-69.4704,-38.4993],[-69.4704,-38.4993],[-69.4704,-38.4992],[-69.4704,-38.4992],[-69.4704,-38.4992],[-69.4703,-38.4992],[-69.4703,-38.4992],[-69.4703,-38.4992],[-69.4703,-38.4992],[-69.4703,-38.4992],[-69.4703,-38.4992],[-69.4703,-38.4992],[-69.4703,-38.4992],[-69.4703,-38.4992],[-69.4703,-38.4992],[-69.4703,-38.4991],[-69.4703,-38.4991],[-69.4703,-38.4991],[-69.4703,-38.4991],[-69.4703,-38.4991],[-69.4703,-38.4991],[-69.4703,-38.4991],[-69.4703,-38.4991],[-69.4703,-38.4991],[-69.4703,-38.4991],[-69.4703,-38.4991],[-69.4703,-38.4991],[-69.4703,-38.499],[-69.4703,-38.499],[-69.4703,-38.499],[-69.4703,-38.499],[-69.4703,-38.499],[-69.4703,-38.499],[-69.4703,-38.499],[-69.4703,-38.499],[-69.4702,-38.499],[-69.4702,-38.499],[-69.4702,-38.499],[-69.4702,-38.4989],[-69.4702,-38.4989],[-69.4702,-38.4989],[-69.4702,-38.4989],[-69.4702,-38.4989],[-69.4702,-38.4989],[-69.4702,-38.4989],[-69.4702,-38.4989],[-69.4702,-38.4989],[-69.4702,-38.4989],[-69.4702,-38.4989],[-69.4702,-38.4989],[-69.4702,-38.4988],[-69.4702,-38.4988],[-69.4702,-38.4988],[-69.4702,-38.4988],[-69.4702,-38.4988],[-69.4702,-38.4988],[-69.4702,-38.4988],[-69.4702,-38.4988],[-69.4702,-38.4988],[-69.4702,-38.4988],[-69.4702,-38.4988],[-69.4702,-38.4987],[-69.4702,-38.4987],[-69.4702,-38.4987],[-69.4702,-38.4987],[-69.4702,-38.4987],[-69.4702,-38.4987],[-69.4702,-38.4987],[-69.4702,-38.4987],[-69.4702,-38.4987],[-69.4702,-38.4987],[-69.4702,-38.4987],[-69.4702,-38.4986],[-69.4702,-38.4986],[-69.4702,-38.4986],[-69.4702,-38.4986],[-69.4702,-38.4986],[-69.4702,-38.4986],[-69.4702,-38.4986],[-69.4702,-38.4986],[-69.4702,-38.4986],[-69.4702,-38.4986],[-69.4702,-38.4986],[-69.4702,-38.4986],[-69.4702,-38.4985],[-69.4702,-38.4985],[-69.4702,-38.4985],[-69.4702,-38.4985],[-69.4702,-38.4985],[-69.4702,-38.4985],[-69.4702,-38.4985],[-69.4702,-38.4985],[-69.4702,-38.4985],[-69.4702,-38.4985],[-69.4702,-38.4985],[-69.4702,-38.4984],[-69.4702,-38.4984],[-69.4702,-38.4984],[-69.4702,-38.4984],[-69.4702,-38.4984],[-69.4702,-38.4984],[-69.4702,-38.4984],[-69.4702,-38.4984],[-69.4702,-38.4984],[-69.4702,-38.4984],[-69.4702,-38.4984],[-69.4702,-38.4983],[-69.4702,-38.4983],[-69.4702,-38.4983],[-69.4702,-38.4983],[-69.4702,-38.4983],[-69.4702,-38.4983],[-69.4702,-38.4983],[-69.4702,-38.4983],[-69.4702,-38.4983],[-69.4702,-38.4983],[-69.4702,-38.4983],[-69.4702,-38.4982],[-69.4701,-38.4982],[-69.4701,-38.4982],[-69.4701,-38.4982],[-69.4701,-38.4982],[-69.4701,-38.4982],[-69.4701,-38.4982],[-69.4701,-38.4982],[-69.4701,-38.4982],[-69.4701,-38.4982],[-69.4701,-38.4982],[-69.4701,-38.4982],[-69.4701,-38.4981],[-69.4701,-38.4981],[-69.4701,-38.4981],[-69.4701,-38.4981],[-69.4701,-38.4981],[-69.4701,-38.4981],[-69.4701,-38.4981],[-69.4701,-38.4981],[-69.4701,-38.4981],[-69.4701,-38.4981],[-69.4701,-38.4981],[-69.4701,-38.498],[-69.4701,-38.498],[-69.4701,-38.498],[-69.4701,-38.498],[-69.4701,-38.498],[-69.4701,-38.498],[-69.4701,-38.498],[-69.4701,-38.498],[-69.4701,-38.498],[-69.4701,-38.498],[-69.4701,-38.498],[-69.4701,-38.4979],[-69.4702,-38.4979],[-69.4702,-38.4979],[-69.4702,-38.4979],[-69.4702,-38.4979],[-69.4702,-38.4979],[-69.4702,-38.4979],[-69.4702,-38.4979],[-69.4702,-38.4979],[-69.4702,-38.4979],[-69.4702,-38.4979],[-69.4702,-38.4979],[-69.4702,-38.4978],[-69.4702,-38.4978],[-69.4702,-38.4978],[-69.4702,-38.4978],[-69.4702,-38.4978],[-69.4702,-38.4978],[-69.4702,-38.4978],[-69.4702,-38.4978],[-69.4702,-38.4978],[-69.4702,-38.4978],[-69.4702,-38.4978],[-69.4702,-38.4977],[-69.4702,-38.4977],[-69.4702,-38.4977],[-69.4702,-38.4977],[-69.4702,-38.4977],[-69.4702,-38.4977],[-69.4702,-38.4977],[-69.4702,-38.4977],[-69.4702,-38.4977],[-69.4702,-38.4977],[-69.4702,-38.4977],[-69.4702,-38.4976],[-69.4702,-38.4976],[-69.4702,-38.4976],[-69.4702,-38.4976],[-69.4702,-38.4976],[-69.4702,-38.4976],[-69.4702,-38.4976],[-69.4702,-38.4976],[-69.4702,-38.4976],[-69.4702,-38.4976],[-69.4702,-38.4976],[-69.4702,-38.4976],[-69.4702,-38.4975],[-69.4702,-38.4975],[-69.4702,-38.4975],[-69.4702,-38.4975],[-69.4702,-38.4975],[-69.4702,-38.4975],[-69.4702,-38.4975],[-69.4702,-38.4975],[-69.4702,-38.4975],[-69.4702,-38.4975],[-69.4702,-38.4975],[-69.4703,-38.4974],[-69.4703,-38.4974],[-69.4703,-38.4974],[-69.4703,-38.4974],[-69.4703,-38.4974],[-69.4703,-38.4974],[-69.4703,-38.4974],[-69.4703,-38.4974],[-69.4703,-38.4974],[-69.4703,-38.4974],[-69.4703,-38.4974],[-69.4703,-38.4973],[-69.4703,-38.4973],[-69.4703,-38.4973],[-69.4703,-38.4973],[-69.4703,-38.4973],[-69.4703,-38.4973],[-69.4703,-38.4973],[-69.4703,-38.4973],[-69.4703,-38.4973],[-69.4703,-38.4973],[-69.4703,-38.4973],[-69.4703,-38.4973],[-69.4703,-38.4972],[-69.4703,-38.4972],[-69.4703,-38.4972],[-69.4703,-38.4972],[-69.4703,-38.4972],[-69.4703,-38.4972],[-69.4703,-38.4972],[-69.4703,-38.4972],[-69.4703,-38.4972],[-69.4703,-38.4972],[-69.4703,-38.4972],[-69.4703,-38.4971],[-69.4703,-38.4971],[-69.4703,-38.4971],[-69.4703,-38.4971],[-69.4703,-38.4971],[-69.4703,-38.4971],[-69.4703,-38.4971],[-69.4703,-38.4971],[-69.4703,-38.4971],[-69.4703,-38.4971],[-69.4703,-38.4971],[-69.4703,-38.4971],[-69.4703,-38.497],[-69.4703,-38.497],[-69.4703,-38.497],[-69.4703,-38.497],[-69.4703,-38.497],[-69.4703,-38.497],[-69.4703,-38.497],[-69.4703,-38.497],[-69.4703,-38.497],[-69.4704,-38.497],[-69.4704,-38.497],[-69.4704,-38.4969],[-69.4704,-38.4969],[-69.4704,-38.4969],[-69.4704,-38.4969],[-69.4704,-38.4969],[-69.4704,-38.4969],[-69.4704,-38.4969],[-69.4704,-38.4969],[-69.4704,-38.4969],[-69.4704,-38.4969],[-69.4704,-38.4969],[-69.4704,-38.4968],[-69.4704,-38.4968],[-69.4704,-38.4968],[-69.4704,-38.4968],[-69.4704,-38.4968],[-69.4704,-38.4968],[-69.4704,-38.4968],[-69.4704,-38.4968],[-69.4704,-38.4968],[-69.4704,-38.4968],[-69.4704,-38.4968],[-69.4704,-38.4968],[-69.4704,-38.4967],[-69.4704,-38.4967],[-69.4704,-38.4967],[-69.4704,-38.4967],[-69.4704,-38.4967],[-69.4704,-38.4967],[-69.4704,-38.4967],[-69.4704,-38.4967],[-69.4704,-38.4967],[-69.4704,-38.4967],[-69.4704,-38.4967],[-69.4704,-38.4966],[-69.4704,-38.4966],[-69.4704,-38.4966],[-69.4704,-38.4966],[-69.4704,-38.4966],[-69.4704,-38.4966],[-69.4704,-38.4966],[-69.4704,-38.4966],[-69.4704,-38.4966],[-69.4705,-38.4966],[-69.4705,-38.4966],[-69.4705,-38.4966],[-69.4705,-38.4966],[-69.4705,-38.4965],[-69.4705,-38.4965],[-69.4705,-38.4965],[-69.4705,-38.4965],[-69.4705,-38.4965],[-69.4705,-38.4965],[-69.4705,-38.4965],[-69.4705,-38.4965],[-69.4705,-38.4965],[-69.4705,-38.4965],[-69.4705,-38.4965],[-69.4705,-38.4965],[-69.4705,-38.4965],[-69.4705,-38.4964],[-69.4705,-38.4964],[-69.4705,-38.4964],[-69.4705,-38.4964],[-69.4705,-38.4964],[-69.4705,-38.4964],[-69.4706,-38.4964],[-69.4706,-38.4964],[-69.4706,-38.4964],[-69.4706,-38.4964],[-69.4706,-38.4964],[-69.4706,-38.4964],[-69.4706,-38.4963],[-69.4706,-38.4963],[-69.4706,-38.4963],[-69.4706,-38.4963],[-69.4706,-38.4963],[-69.4706,-38.4963],[-69.4706,-38.4963],[-69.4706,-38.4963],[-69.4706,-38.4963],[-69.4706,-38.4963],[-69.4706,-38.4963],[-69.4706,-38.4963],[-69.4706,-38.4963],[-69.4706,-38.4962],[-69.4706,-38.4962],[-69.4706,-38.4962],[-69.4707,-38.4962],[-69.4707,-38.4962],[-69.4707,-38.4962],[-69.4707,-38.4962],[-69.4707,-38.4962],[-69.4707,-38.4962],[-69.4707,-38.4962],[-69.4707,-38.4962],[-69.4707,-38.4962],[-69.4707,-38.4962],[-69.4707,-38.4961],[-69.4707,-38.4961],[-69.4707,-38.4961],[-69.4707,-38.4961],[-69.4707,-38.4961],[-69.4707,-38.4961],[-69.4707,-38.4961],[-69.4707,-38.4961],[-69.4707,-38.4961],[-69.4707,-38.4961],[-69.4707,-38.4961],[-69.4707,-38.4961],[-69.4707,-38.4961],[-69.4708,-38.496],[-69.4708,-38.496],[-69.4708,-38.496],[-69.4708,-38.496],[-69.4708,-38.496],[-69.4708,-38.496],[-69.4708,-38.496],[-69.4708,-38.496],[-69.4708,-38.496],[-69.4708,-38.496],[-69.4708,-38.496],[-69.4708,-38.496],[-69.4708,-38.496],[-69.4708,-38.4959],[-69.4708,-38.4959],[-69.4708,-38.4959],[-69.4708,-38.4959],[-69.4708,-38.4959],[-69.4708,-38.4959],[-69.4708,-38.4959],[-69.4708,-38.4959],[-69.4708,-38.4959],[-69.4709,-38.4959],[-69.4709,-38.4959],[-69.4709,-38.4959],[-69.4709,-38.4959],[-69.4709,-38.4958],[-69.4709,-38.4958],[-69.4709,-38.4958],[-69.4709,-38.4958],[-69.4709,-38.4958],[-69.4709,-38.4958],[-69.4709,-38.4958],[-69.4709,-38.4958],[-69.4709,-38.4958],[-69.4709,-38.4958],[-69.4709,-38.4958],[-69.4709,-38.4958],[-69.4709,-38.4958],[-69.4709,-38.4957],[-69.4709,-38.4957],[-69.4709,-38.4957],[-69.4709,-38.4957],[-69.4709,-38.4957],[-69.471,-38.4957],[-69.471,-38.4957],[-69.471,-38.4957],[-69.471,-38.4957],[-69.471,-38.4957],[-69.471,-38.4957],[-69.471,-38.4957],[-69.471,-38.4957],[-69.471,-38.4956],[-69.471,-38.4956],[-69.471,-38.4956],[-69.471,-38.4956],[-69.471,-38.4956],[-69.471,-38.4956],[-69.471,-38.4956],[-69.471,-38.4956],[-69.471,-38.4956],[-69.471,-38.4956],[-69.471,-38.4956],[-69.471,-38.4956],[-69.471,-38.4956],[-69.471,-38.4955],[-69.471,-38.4955],[-69.4711,-38.4955],[-69.4711,-38.4955],[-69.4711,-38.4955],[-69.4711,-38.4955],[-69.4711,-38.4955],[-69.4711,-38.4955],[-69.4711,-38.4955],[-69.4711,-38.4955],[-69.4711,-38.4955],[-69.4711,-38.4955],[-69.4711,-38.4955],[-69.4711,-38.4954],[-69.4711,-38.4954],[-69.4711,-38.4954],[-69.4711,-38.4954],[-69.4711,-38.4954],[-69.4711,-38.4954],[-69.4711,-38.4954],[-69.4711,-38.4954],[-69.4711,-38.4954],[-69.4711,-38.4954],[-69.4712,-38.4954],[-69.4712,-38.4954],[-69.4712,-38.4954],[-69.4712,-38.4953],[-69.4712,-38.4953],[-69.4712,-38.4953],[-69.4712,-38.4953],[-69.4712,-38.4953],[-69.4712,-38.4953],[-69.4712,-38.4953],[-69.4712,-38.4953],[-69.4712,-38.4953],[-69.4712,-38.4953],[-69.4712,-38.4953],[-69.4712,-38.4953],[-69.4712,-38.4953],[-69.4712,-38.4953],[-69.4712,-38.4952],[-69.4712,-38.4952],[-69.4712,-38.4952],[-69.4713,-38.4952],[-69.4713,-38.4952],[-69.4713,-38.4952],[-69.4713,-38.4952],[-69.4713,-38.4952],[-69.4713,-38.4952],[-69.4713,-38.4952],[-69.4713,-38.4952],[-69.4713,-38.4952],[-69.4713,-38.4952],[-69.4713,-38.4951],[-69.4713,-38.4951],[-69.4713,-38.4951],[-69.4713,-38.4951],[-69.4713,-38.4951],[-69.4713,-38.4951],[-69.4713,-38.4951],[-69.4713,-38.4951],[-69.4713,-38.4951],[-69.4713,-38.4951],[-69.4714,-38.4951],[-69.4714,-38.4951],[-69.4714,-38.4951],[-69.4714,-38.4951],[-69.4714,-38.495],[-69.4714,-38.495],[-69.4714,-38.495],[-69.4714,-38.495],[-69.4714,-38.495],[-69.4714,-38.495],[-69.4714,-38.495],[-69.4714,-38.495],[-69.4714,-38.495],[-69.4714,-38.495],[-69.4714,-38.495],[-69.4714,-38.495],[-69.4714,-38.495],[-69.4714,-38.4949],[-69.4714,-38.4949],[-69.4714,-38.4949],[-69.4715,-38.4949],[-69.4715,-38.4949],[-69.4715,-38.4949],[-69.4715,-38.4949],[-69.4715,-38.4949],[-69.4715,-38.4949],[-69.4715,-38.4949],[-69.4715,-38.4949],[-69.4715,-38.4949],[-69.4715,-38.4949],[-69.4715,-38.4949],[-69.4715,-38.4948],[-69.4715,-38.4948],[-69.4715,-38.4948],[-69.4715,-38.4948],[-69.4715,-38.4948],[-69.4715,-38.4948],[-69.4715,-38.4948],[-69.4715,-38.4948],[-69.4715,-38.4948],[-69.4715,-38.4948],[-69.4716,-38.4948],[-69.4716,-38.4948],[-69.4716,-38.4948],[-69.4716,-38.4948],[-69.4716,-38.4948],[-69.4716,-38.4948],[-69.4716,-38.4947],[-69.4716,-38.4947],[-69.4716,-38.4947],[-69.4716,-38.4947],[-69.4716,-38.4947],[-69.4716,-38.4947],[-69.4716,-38.4947],[-69.4717,-38.4947],[-69.4717,-38.4947],[-69.4717,-38.4947],[-69.4717,-38.4947],[-69.4717,-38.4947],[-69.4717,-38.4947],[-69.4717,-38.4947],[-69.4717,-38.4947],[-69.4717,-38.4947],[-69.4717,-38.4947],[-69.4717,-38.4947],[-69.4717,-38.4947],[-69.4718,-38.4947],[-69.4718,-38.4947],[-69.4718,-38.4947],[-69.4718,-38.4947],[-69.4718,-38.4947],[-69.4718,-38.4947],[-69.4718,-38.4947],[-69.4718,-38.4947],[-69.4718,-38.4947],[-69.4718,-38.4947],[-69.4718,-38.4947],[-69.4718,-38.4947],[-69.4719,-38.4946],[-69.4719,-38.4946],[-69.4719,-38.4946],[-69.4719,-38.4946],[-69.4719,-38.4946],[-69.4719,-38.4946],[-69.4719,-38.4946],[-69.4719,-38.4946],[-69.4719,-38.4946],[-69.4719,-38.4946],[-69.4719,-38.4946],[-69.4719,-38.4946],[-69.472,-38.4946],[-69.472,-38.4946],[-69.472,-38.4946],[-69.472,-38.4946],[-69.472,-38.4946],[-69.472,-38.4946],[-69.472,-38.4946],[-69.472,-38.4946],[-69.472,-38.4946],[-69.472,-38.4946],[-69.472,-38.4946],[-69.472,-38.4946],[-69.472,-38.4946],[-69.4721,-38.4946],[-69.4721,-38.4945],[-69.4721,-38.4945],[-69.4721,-38.4945],[-69.4721,-38.4945],[-69.4721,-38.4945],[-69.4721,-38.4945],[-69.4721,-38.4945],[-69.4721,-38.4945],[-69.4721,-38.4945],[-69.4721,-38.4945],[-69.4721,-38.4945],[-69.4721,-38.4945],[-69.4721,-38.4945],[-69.4721,-38.4945],[-69.4721,-38.4944],[-69.4721,-38.4944],[-69.4721,-38.4944],[-69.4721,-38.4944],[-69.4721,-38.4944],[-69.4721,-38.4944],[-69.4722,-38.4944],[-69.4722,-38.4944],[-69.4722,-38.4944],[-69.4722,-38.4944],[-69.4722,-38.4944],[-69.4722,-38.4944],[-69.4722,-38.4944],[-69.4722,-38.4943],[-69.4722,-38.4943],[-69.4722,-38.4943],[-69.4722,-38.4943],[-69.4722,-38.4943],[-69.4722,-38.4943],[-69.4722,-38.4943],[-69.4722,-38.4943],[-69.4722,-38.4943],[-69.4722,-38.4943],[-69.4722,-38.4943],[-69.4722,-38.4943],[-69.4722,-38.4943],[-69.4722,-38.4942],[-69.4723,-38.4942],[-69.4723,-38.4942],[-69.4723,-38.4942],[-69.4723,-38.4942],[-69.4723,-38.4942],[-69.4723,-38.4942],[-69.4723,-38.4942],[-69.4723,-38.4942],[-69.4723,-38.4942],[-69.4723,-38.4942],[-69.4723,-38.4942],[-69.4723,-38.4942],[-69.4723,-38.4941],[-69.4723,-38.4941],[-69.4723,-38.4941],[-69.4723,-38.4941],[-69.4723,-38.4941],[-69.4723,-38.4941],[-69.4723,-38.4941],[-69.4723,-38.4941],[-69.4723,-38.4941],[-69.4724,-38.4941],[-69.4724,-38.4941],[-69.4724,-38.4941],[-69.4724,-38.4941],[-69.4724,-38.4941],[-69.4724,-38.494],[-69.4724,-38.494],[-69.4724,-38.494],[-69.4724,-38.494],[-69.4724,-38.494],[-69.4724,-38.494],[-69.4724,-38.494],[-69.4724,-38.494],[-69.4724,-38.494],[-69.4724,-38.494],[-69.4724,-38.494],[-69.4724,-38.494],[-69.4724,-38.4939],[-69.4724,-38.4939],[-69.4724,-38.4939],[-69.4724,-38.4939],[-69.4724,-38.4939],[-69.4724,-38.4939],[-69.4724,-38.4939],[-69.4724,-38.4939],[-69.4724,-38.4939],[-69.4724,-38.4939],[-69.4724,-38.4939],[-69.4724,-38.4938],[-69.4724,-38.4938],[-69.4724,-38.4938],[-69.4724,-38.4938],[-69.4724,-38.4938],[-69.4724,-38.4938],[-69.4724,-38.4938],[-69.4724,-38.4938],[-69.4724,-38.4938],[-69.4724,-38.4938],[-69.4724,-38.4938],[-69.4724,-38.4937],[-69.4724,-38.4937],[-69.4724,-38.4937],[-69.4724,-38.4937],[-69.4724,-38.4937],[-69.4724,-38.4937],[-69.4724,-38.4937],[-69.4724,-38.4937],[-69.4724,-38.4937],[-69.4724,-38.4937],[-69.4724,-38.4937],[-69.4724,-38.4936],[-69.4724,-38.4936],[-69.4724,-38.4936],[-69.4724,-38.4936],[-69.4724,-38.4936],[-69.4724,-38.4936],[-69.4724,-38.4936],[-69.4724,-38.4936],[-69.4724,-38.4936],[-69.4724,-38.4936],[-69.4724,-38.4936],[-69.4724,-38.4936],[-69.4724,-38.4935],[-69.4724,-38.4935],[-69.4724,-38.4935],[-69.4724,-38.4935],[-69.4724,-38.4935],[-69.4724,-38.4935],[-69.4724,-38.4935],[-69.4724,-38.4935],[-69.4724,-38.4935],[-69.4724,-38.4935],[-69.4724,-38.4935],[-69.4724,-38.4934],[-69.4724,-38.4934],[-69.4724,-38.4934],[-69.4724,-38.4934],[-69.4724,-38.4934],[-69.4724,-38.4934],[-69.4724,-38.4934],[-69.4724,-38.4934],[-69.4724,-38.4934],[-69.4724,-38.4934],[-69.4724,-38.4934],[-69.4724,-38.4933],[-69.4724,-38.4933],[-69.4724,-38.4933],[-69.4724,-38.4933],[-69.4724,-38.4933],[-69.4724,-38.4933],[-69.4725,-38.4933],[-69.4725,-38.4933],[-69.4725,-38.4933],[-69.4725,-38.4933],[-69.4725,-38.4933],[-69.4725,-38.4932],[-69.4725,-38.4932],[-69.4725,-38.4932],[-69.4725,-38.4932],[-69.4725,-38.4932],[-69.4725,-38.4932],[-69.4725,-38.4932],[-69.4725,-38.4932],[-69.4725,-38.4932],[-69.4725,-38.4932],[-69.4725,-38.4932],[-69.4725,-38.4931],[-69.4725,-38.4931],[-69.4725,-38.4931],[-69.4725,-38.4931],[-69.4725,-38.4931],[-69.4725,-38.4931],[-69.4725,-38.4931],[-69.4725,-38.4931],[-69.4725,-38.4931],[-69.4725,-38.4931],[-69.4725,-38.4931],[-69.4725,-38.4931],[-69.4725,-38.4931],[-69.4726,-38.4931],[-69.4726,-38.4931],[-69.4726,-38.4931],[-69.4726,-38.4931],[-69.4726,-38.4931],[-69.4726,-38.4931],[-69.4726,-38.4931],[-69.4726,-38.4931],[-69.4726,-38.4931],[-69.4726,-38.4931],[-69.4726,-38.493],[-69.4726,-38.493],[-69.4726,-38.493],[-69.4727,-38.493],[-69.4727,-38.493],[-69.4727,-38.493],[-69.4727,-38.493],[-69.4727,-38.493],[-69.4727,-38.493],[-69.4727,-38.493],[-69.4727,-38.493],[-69.4727,-38.493],[-69.4727,-38.493],[-69.4727,-38.493],[-69.4727,-38.493],[-69.4728,-38.493],[-69.4728,-38.493],[-69.4728,-38.493],[-69.4728,-38.493],[-69.4728,-38.493],[-69.4728,-38.493],[-69.4728,-38.493],[-69.4728,-38.493],[-69.4728,-38.493],[-69.4728,-38.4929],[-69.4728,-38.4929],[-69.4728,-38.4929],[-69.4728,-38.4929],[-69.4729,-38.4929],[-69.4729,-38.4929],[-69.4729,-38.4929],[-69.4729,-38.4929],[-69.4729,-38.4929],[-69.4729,-38.4929],[-69.4729,-38.4929],[-69.4729,-38.4929],[-69.4729,-38.4929],[-69.4729,-38.4929],[-69.4729,-38.4929],[-69.4729,-38.4929],[-69.4729,-38.4929],[-69.473,-38.4929],[-69.473,-38.4929],[-69.473,-38.4929],[-69.473,-38.4929],[-69.473,-38.4929],[-69.473,-38.4929],[-69.473,-38.4929],[-69.473,-38.4928],[-69.473,-38.4928],[-69.473,-38.4928],[-69.473,-38.4928],[-69.473,-38.4928],[-69.4731,-38.4928],[-69.4731,-38.4928],[-69.4731,-38.4928],[-69.4731,-38.4928],[-69.4731,-38.4928],[-69.4731,-38.4928],[-69.4731,-38.4928],[-69.4731,-38.4928],[-69.4731,-38.4928],[-69.4731,-38.4928],[-69.4731,-38.4928],[-69.4731,-38.4928],[-69.4731,-38.4928],[-69.4732,-38.4928],[-69.4732,-38.4928],[-69.4732,-38.4928],[-69.4732,-38.4928],[-69.4732,-38.4928],[-69.4732,-38.4928],[-69.4732,-38.4927],[-69.4732,-38.4927],[-69.4732,-38.4927],[-69.4732,-38.4927],[-69.4732,-38.4927],[-69.4732,-38.4927],[-69.4732,-38.4927],[-69.4733,-38.4927],[-69.4733,-38.4927],[-69.4733,-38.4927],[-69.4733,-38.4927],[-69.4733,-38.4927],[-69.4733,-38.4927],[-69.4733,-38.4927],[-69.4733,-38.4927],[-69.4733,-38.4927],[-69.4733,-38.4927],[-69.4733,-38.4927],[-69.4733,-38.4927],[-69.4733,-38.4927],[-69.4733,-38.4926],[-69.4734,-38.4926],[-69.4734,-38.4926],[-69.4734,-38.4926],[-69.4734,-38.4926],[-69.4734,-38.4926],[-69.4734,-38.4926],[-69.4734,-38.4926],[-69.4734,-38.4926],[-69.4734,-38.4926],[-69.4734,-38.4926],[-69.4734,-38.4926],[-69.4734,-38.4926],[-69.4734,-38.4926],[-69.4735,-38.4926],[-69.4735,-38.4926],[-69.4735,-38.4926],[-69.4735,-38.4926],[-69.4735,-38.4926],[-69.4735,-38.4925],[-69.4735,-38.4925],[-69.4735,-38.4925],[-69.4735,-38.4925],[-69.4735,-38.4925],[-69.4735,-38.4925],[-69.4735,-38.4925],[-69.4735,-38.4925],[-69.4735,-38.4925],[-69.4736,-38.4925],[-69.4736,-38.4925],[-69.4736,-38.4925],[-69.4736,-38.4925],[-69.4736,-38.4925],[-69.4736,-38.4925],[-69.4736,-38.4925],[-69.4736,-38.4925],[-69.4736,-38.4925],[-69.4736,-38.4924],[-69.4736,-38.4924],[-69.4736,-38.4924],[-69.4736,-38.4924],[-69.4736,-38.4924],[-69.4736,-38.4924],[-69.4736,-38.4924],[-69.4736,-38.4924],[-69.4736,-38.4924],[-69.4736,-38.4924],[-69.4736,-38.4924],[-69.4736,-38.4924],[-69.4736,-38.4923],[-69.4736,-38.4923],[-69.4736,-38.4923],[-69.4736,-38.4923],[-69.4736,-38.4923],[-69.4736,-38.4923],[-69.4736,-38.4923],[-69.4736,-38.4923],[-69.4736,-38.4923],[-69.4736,-38.4923],[-69.4736,-38.4923],[-69.4736,-38.4922],[-69.4736,-38.4922],[-69.4736,-38.4922],[-69.4736,-38.4922],[-69.4736,-38.4922],[-69.4736,-38.4922],[-69.4736,-38.4922],[-69.4736,-38.4922],[-69.4736,-38.4922],[-69.4736,-38.4922],[-69.4736,-38.4922],[-69.4736,-38.4921],[-69.4736,-38.4921],[-69.4736,-38.4921],[-69.4736,-38.4921],[-69.4737,-38.4921],[-69.4737,-38.4921],[-69.4737,-38.4921],[-69.4737,-38.4921],[-69.4737,-38.4921],[-69.4737,-38.4921],[-69.4737,-38.4921],[-69.4737,-38.492],[-69.4737,-38.492],[-69.4737,-38.492],[-69.4737,-38.492],[-69.4737,-38.492],[-69.4737,-38.492],[-69.4737,-38.492],[-69.4737,-38.492],[-69.4737,-38.492],[-69.4737,-38.492],[-69.4737,-38.492],[-69.4737,-38.492],[-69.4737,-38.4919],[-69.4737,-38.4919],[-69.4737,-38.4919],[-69.4737,-38.4919],[-69.4737,-38.4919],[-69.4737,-38.4919],[-69.4737,-38.4919],[-69.4737,-38.4919],[-69.4737,-38.4919],[-69.4737,-38.4919],[-69.4737,-38.4919],[-69.4737,-38.4918],[-69.4737,-38.4918],[-69.4737,-38.4918],[-69.4737,-38.4918],[-69.4737,-38.4918],[-69.4737,-38.4918],[-69.4737,-38.4918],[-69.4737,-38.4918],[-69.4737,-38.4918],[-69.4737,-38.4918],[-69.4737,-38.4918],[-69.4737,-38.4917],[-69.4737,-38.4917],[-69.4737,-38.4917],[-69.4737,-38.4917],[-69.4737,-38.4917],[-69.4737,-38.4917],[-69.4737,-38.4917],[-69.4737,-38.4917],[-69.4737,-38.4917],[-69.4737,-38.4917],[-69.4737,-38.4917],[-69.4737,-38.4916],[-69.4737,-38.4916],[-69.4737,-38.4916],[-69.4737,-38.4916],[-69.4737,-38.4916],[-69.4737,-38.4916],[-69.4737,-38.4916],[-69.4737,-38.4916],[-69.4737,-38.4916],[-69.4737,-38.4916],[-69.4737,-38.4916],[-69.4737,-38.4916],[-69.4737,-38.4915],[-69.4737,-38.4915],[-69.4737,-38.4915],[-69.4737,-38.4915],[-69.4737,-38.4915],[-69.4737,-38.4915],[-69.4737,-38.4915],[-69.4737,-38.4915],[-69.4737,-38.4915],[-69.4737,-38.4915],[-69.4737,-38.4915],[-69.4737,-38.4915],[-69.4737,-38.4914],[-69.4737,-38.4914],[-69.4737,-38.4914],[-69.4737,-38.4914],[-69.4737,-38.4914],[-69.4737,-38.4914],[-69.4737,-38.4914],[-69.4737,-38.4914],[-69.4737,-38.4914],[-69.4737,-38.4914],[-69.4736,-38.4914],[-69.4736,-38.4914],[-69.4736,-38.4913],[-69.4736,-38.4913],[-69.4736,-38.4913],[-69.4736,-38.4913],[-69.4736,-38.4913],[-69.4736,-38.4913],[-69.4736,-38.4913],[-69.4736,-38.4913],[-69.4736,-38.4913],[-69.4736,-38.4913],[-69.4736,-38.4913],[-69.4736,-38.4913],[-69.4736,-38.4913],[-69.4736,-38.4912],[-69.4736,-38.4912],[-69.4736,-38.4912],[-69.4736,-38.4912],[-69.4736,-38.4912],[-69.4736,-38.4912],[-69.4736,-38.4912],[-69.4736,-38.4912],[-69.4736,-38.4912],[-69.4736,-38.4912],[-69.4736,-38.4912],[-69.4736,-38.4912],[-69.4735,-38.4912],[-69.4735,-38.4911],[-69.4735,-38.4911],[-69.4735,-38.4911],[-69.4735,-38.4911],[-69.4735,-38.4911],[-69.4735,-38.4911],[-69.4735,-38.4911],[-69.4735,-38.4911],[-69.4735,-38.4911],[-69.4735,-38.4911],[-69.4735,-38.4911],[-69.4735,-38.4911],[-69.4735,-38.4911],[-69.4734,-38.4911],[-69.4734,-38.4911],[-69.4734,-38.4911],[-69.4734,-38.4911],[-69.4734,-38.4911],[-69.4734,-38.4911],[-69.4734,-38.4911],[-69.4734,-38.491],[-69.4734,-38.491],[-69.4734,-38.491],[-69.4734,-38.491],[-69.4734,-38.491],[-69.4734,-38.491],[-69.4733,-38.491],[-69.4733,-38.491],[-69.4733,-38.491],[-69.4733,-38.491],[-69.4733,-38.491],[-69.4733,-38.491],[-69.4733,-38.491],[-69.4733,-38.491],[-69.4733,-38.491],[-69.4733,-38.491],[-69.4733,-38.491],[-69.4733,-38.491],[-69.4733,-38.491],[-69.4732,-38.491],[-69.4732,-38.491],[-69.4732,-38.491],[-69.4732,-38.4909],[-69.4732,-38.4909],[-69.4732,-38.4909],[-69.4732,-38.4909],[-69.4732,-38.4909],[-69.4732,-38.4909],[-69.4732,-38.4909],[-69.4732,-38.4909],[-69.4732,-38.4909],[-69.4732,-38.4909],[-69.4731,-38.4909],[-69.4731,-38.4909],[-69.4731,-38.4909],[-69.4731,-38.4909],[-69.4731,-38.4909],[-69.4731,-38.4909],[-69.4731,-38.4909],[-69.4731,-38.4909],[-69.4731,-38.4909],[-69.4731,-38.4909],[-69.4731,-38.4909],[-69.4731,-38.4909],[-69.4731,-38.4908],[-69.473,-38.4908],[-69.473,-38.4908],[-69.473,-38.4908],[-69.473,-38.4908],[-69.473,-38.4908],[-69.473,-38.4908],[-69.473,-38.4908],[-69.473,-38.4908],[-69.473,-38.4908],[-69.473,-38.4908],[-69.473,-38.4908],[-69.473,-38.4908],[-69.4729,-38.4908],[-69.4729,-38.4908],[-69.4729,-38.4908],[-69.4729,-38.4908],[-69.4729,-38.4908],[-69.4729,-38.4908],[-69.4729,-38.4908],[-69.4729,-38.4908],[-69.4729,-38.4908],[-69.4729,-38.4908],[-69.4729,-38.4908],[-69.4729,-38.4908],[-69.4728,-38.4908],[-69.4728,-38.4908],[-69.4728,-38.4907],[-69.4728,-38.4907],[-69.4728,-38.4907],[-69.4728,-38.4907],[-69.4728,-38.4907],[-69.4728,-38.4907],[-69.4728,-38.4907],[-69.4728,-38.4907],[-69.4728,-38.4907],[-69.4728,-38.4907],[-69.4728,-38.4907],[-69.4727,-38.4907],[-69.4727,-38.4907],[-69.4727,-38.4907],[-69.4727,-38.4907],[-69.4727,-38.4907],[-69.4727,-38.4907],[-69.4727,-38.4907],[-69.4727,-38.4907],[-69.4727,-38.4907],[-69.4727,-38.4907],[-69.4727,-38.4907],[-69.4727,-38.4907],[-69.4726,-38.4907],[-69.4726,-38.4907],[-69.4726,-38.4907],[-69.4726,-38.4906],[-69.4726,-38.4906],[-69.4726,-38.4906],[-69.4726,-38.4906],[-69.4726,-38.4906],[-69.4726,-38.4906],[-69.4726,-38.4906],[-69.4726,-38.4906],[-69.4726,-38.4906],[-69.4725,-38.4906],[-69.4725,-38.4906],[-69.4725,-38.4906],[-69.4725,-38.4906],[-69.4725,-38.4906],[-69.4725,-38.4906],[-69.4725,-38.4906],[-69.4725,-38.4906],[-69.4725,-38.4906],[-69.4725,-38.4906],[-69.4725,-38.4906],[-69.4725,-38.4906],[-69.4725,-38.4906],[-69.4724,-38.4906],[-69.4724,-38.4906],[-69.4724,-38.4906],[-69.4724,-38.4906],[-69.4724,-38.4906],[-69.4724,-38.4906],[-69.4724,-38.4906],[-69.4724,-38.4906],[-69.4724,-38.4906],[-69.4724,-38.4906],[-69.4724,-38.4907],[-69.4724,-38.4907],[-69.4724,-38.4907],[-69.4724,-38.4907],[-69.4724,-38.4907],[-69.4724,-38.4907],[-69.4724,-38.4907],[-69.4724,-38.4907],[-69.4724,-38.4907],[-69.4724,-38.4907],[-69.4724,-38.4907],[-69.4724,-38.4908],[-69.4724,-38.4908],[-69.4724,-38.4908],[-69.4724,-38.4908],[-69.4724,-38.4908],[-69.4724,-38.4908],[-69.4724,-38.4908],[-69.4724,-38.4908],[-69.4724,-38.4908],[-69.4724,-38.4908],[-69.4724,-38.4908],[-69.4724,-38.4908],[-69.4724,-38.4909],[-69.4724,-38.4909],[-69.4724,-38.4909],[-69.4724,-38.4909],[-69.4724,-38.4909],[-69.4724,-38.4909],[-69.4724,-38.4909],[-69.4724,-38.4909],[-69.4724,-38.4909],[-69.4724,-38.4909],[-69.4724,-38.4909],[-69.4724,-38.491],[-69.4724,-38.491],[-69.4724,-38.491],[-69.4724,-38.491],[-69.4724,-38.491],[-69.4724,-38.491],[-69.4724,-38.491],[-69.4724,-38.491],[-69.4724,-38.491],[-69.4724,-38.491],[-69.4724,-38.491],[-69.4724,-38.491],[-69.4724,-38.4911],[-69.4724,-38.4911],[-69.4724,-38.4911],[-69.4724,-38.4911],[-69.4724,-38.4911],[-69.4724,-38.4911],[-69.4724,-38.4911],[-69.4724,-38.4911],[-69.4724,-38.4911],[-69.4724,-38.4911],[-69.4724,-38.4911],[-69.4724,-38.4912],[-69.4724,-38.4912],[-69.4724,-38.4912],[-69.4724,-38.4912],[-69.4724,-38.4912],[-69.4724,-38.4912],[-69.4724,-38.4912],[-69.4724,-38.4912],[-69.4724,-38.4912],[-69.4724,-38.4912],[-69.4724,-38.4912],[-69.4724,-38.4913],[-69.4724,-38.4913],[-69.4724,-38.4913],[-69.4724,-38.4913],[-69.4724,-38.4913],[-69.4724,-38.4913],[-69.4724,-38.4913],[-69.4724,-38.4913],[-69.4724,-38.4913],[-69.4724,-38.4913],[-69.4724,-38.4913],[-69.4724,-38.4914],[-69.4724,-38.4914],[-69.4724,-38.4914],[-69.4724,-38.4914],[-69.4724,-38.4914],[-69.4724,-38.4914],[-69.4724,-38.4914],[-69.4724,-38.4914],[-69.4724,-38.4914],[-69.4724,-38.4914],[-69.4724,-38.4914],[-69.4724,-38.4914],[-69.4724,-38.4915],[-69.4724,-38.4915],[-69.4724,-38.4915],[-69.4724,-38.4915],[-69.4724,-38.4915],[-69.4724,-38.4915],[-69.4724,-38.4915],[-69.4724,-38.4915],[-69.4724,-38.4915],[-69.4724,-38.4915],[-69.4724,-38.4915],[-69.4724,-38.4916],[-69.4724,-38.4916],[-69.4724,-38.4916],[-69.4724,-38.4916],[-69.4724,-38.4916],[-69.4724,-38.4916],[-69.4724,-38.4916],[-69.4724,-38.4916],[-69.4723,-38.4916],[-69.4723,-38.4916],[-69.4723,-38.4916],[-69.4723,-38.4917],[-69.4723,-38.4917],[-69.4723,-38.4917],[-69.4723,-38.4917],[-69.4723,-38.4917],[-69.4723,-38.4917],[-69.4723,-38.4917],[-69.4723,-38.4917],[-69.4723,-38.4917],[-69.4723,-38.4917],[-69.4723,-38.4917],[-69.4723,-38.4918],[-69.4723,-38.4918],[-69.4723,-38.4918],[-69.4723,-38.4918],[-69.4723,-38.4918],[-69.4723,-38.4918],[-69.4723,-38.4918],[-69.4723,-38.4918],[-69.4723,-38.4918],[-69.4723,-38.4918],[-69.4723,-38.4918],[-69.4723,-38.4919],[-69.4723,-38.4919],[-69.4723,-38.4919],[-69.4723,-38.4919],[-69.4723,-38.4919],[-69.4723,-38.4919],[-69.4723,-38.4919],[-69.4723,-38.4919],[-69.4723,-38.4919],[-69.4723,-38.4919],[-69.4723,-38.4919],[-69.4723,-38.4919],[-69.4723,-38.492],[-69.4723,-38.492],[-69.4723,-38.492],[-69.4723,-38.492],[-69.4723,-38.492],[-69.4723,-38.492],[-69.4723,-38.492],[-69.4723,-38.492],[-69.4723,-38.492],[-69.4723,-38.492],[-69.4723,-38.492],[-69.4723,-38.492],[-69.4723,-38.4921],[-69.4723,-38.4921],[-69.4723,-38.4921],[-69.4723,-38.4921],[-69.4723,-38.4921],[-69.4723,-38.4921],[-69.4723,-38.4921],[-69.4722,-38.4921],[-69.4722,-38.4921],[-69.4722,-38.4921],[-69.4722,-38.4921],[-69.4722,-38.4921],[-69.4722,-38.4921],[-69.4722,-38.4922],[-69.4722,-38.4922],[-69.4722,-38.4922],[-69.4722,-38.4922],[-69.4722,-38.4922],[-69.4722,-38.4922],[-69.4722,-38.4922],[-69.4722,-38.4922],[-69.4722,-38.4922],[-69.4722,-38.4922],[-69.4722,-38.4922],[-69.4722,-38.4922],[-69.4722,-38.4923],[-69.4722,-38.4923],[-69.4722,-38.4923],[-69.4722,-38.4923],[-69.4722,-38.4923],[-69.4722,-38.4923],[-69.4721,-38.4923],[-69.4721,-38.4923],[-69.4721,-38.4923],[-69.4721,-38.4923],[-69.4721,-38.4923],[-69.4721,-38.4923],[-69.4721,-38.4923],[-69.4721,-38.4924],[-69.4721,-38.4924],[-69.4721,-38.4924],[-69.4721,-38.4924],[-69.4721,-38.4924],[-69.4721,-38.4924],[-69.4721,-38.4924],[-69.4721,-38.4924],[-69.4721,-38.4924],[-69.4721,-38.4924],[-69.4721,-38.4924],[-69.4721,-38.4924],[-69.4721,-38.4925],[-69.4721,-38.4925],[-69.4721,-38.4925],[-69.4721,-38.4925],[-69.4721,-38.4925],[-69.4721,-38.4925],[-69.472,-38.4925],[-69.472,-38.4925],[-69.472,-38.4925],[-69.472,-38.4925],[-69.472,-38.4925],[-69.472,-38.4925],[-69.472,-38.4925],[-69.472,-38.4926],[-69.472,-38.4926],[-69.472,-38.4926],[-69.472,-38.4926],[-69.472,-38.4926],[-69.472,-38.4926],[-69.472,-38.4926],[-69.472,-38.4926],[-69.472,-38.4926],[-69.472,-38.4926],[-69.472,-38.4926],[-69.472,-38.4926],[-69.472,-38.4927],[-69.472,-38.4927],[-69.472,-38.4927],[-69.472,-38.4927],[-69.472,-38.4927],[-69.4719,-38.4927],[-69.4719,-38.4927],[-69.4719,-38.4927],[-69.4719,-38.4927],[-69.4719,-38.4927],[-69.4719,-38.4927],[-69.4719,-38.4927],[-69.4719,-38.4927],[-69.4719,-38.4928],[-69.4719,-38.4928],[-69.4719,-38.4928],[-69.4719,-38.4928],[-69.4719,-38.4928],[-69.4719,-38.4928],[-69.4719,-38.4928],[-69.4719,-38.4928],[-69.4719,-38.4928],[-69.4719,-38.4928],[-69.4718,-38.4928],[-69.4718,-38.4928],[-69.4718,-38.4928],[-69.4718,-38.4928],[-69.4718,-38.4928],[-69.4718,-38.4928],[-69.4718,-38.4928],[-69.4718,-38.4929],[-69.4718,-38.4929],[-69.4718,-38.4929],[-69.4718,-38.4929],[-69.4718,-38.4929],[-69.4718,-38.4929],[-69.4718,-38.4929],[-69.4717,-38.4929],[-69.4717,-38.4929],[-69.4717,-38.4929],[-69.4717,-38.4929],[-69.4717,-38.4929],[-69.4717,-38.4929],[-69.4717,-38.4929],[-69.4717,-38.4929],[-69.4717,-38.4929],[-69.4717,-38.4929],[-69.4717,-38.4929],[-69.4717,-38.493],[-69.4717,-38.493],[-69.4717,-38.493],[-69.4716,-38.493],[-69.4716,-38.493],[-69.4716,-38.493],[-69.4716,-38.493],[-69.4716,-38.493],[-69.4716,-38.493],[-69.4716,-38.493],[-69.4716,-38.493],[-69.4716,-38.493],[-69.4716,-38.493],[-69.4716,-38.493],[-69.4716,-38.493],[-69.4716,-38.493],[-69.4716,-38.493],[-69.4716,-38.493],[-69.4715,-38.4931],[-69.4715,-38.4931],[-69.4715,-38.4931],[-69.4715,-38.4931],[-69.4715,-38.4931],[-69.4715,-38.4931],[-69.4715,-38.4931],[-69.4715,-38.4931],[-69.4715,-38.4931],[-69.4715,-38.4931],[-69.4715,-38.4931],[-69.4715,-38.4931],[-69.4715,-38.4931],[-69.4715,-38.4931],[-69.4715,-38.493],[-69.4715,-38.493],[-69.4715,-38.493],[-69.4715,-38.493],[-69.4715,-38.493],[-69.4715,-38.493],[-69.4715,-38.493],[-69.4715,-38.493],[-69.4715,-38.493],[-69.4715,-38.493],[-69.4715,-38.493],[-69.4715,-38.493],[-69.4715,-38.4929],[-69.4715,-38.4929],[-69.4715,-38.4929],[-69.4716,-38.4929],[-69.4716,-38.4929],[-69.4716,-38.4929],[-69.4716,-38.4929],[-69.4716,-38.4929],[-69.4716,-38.4929],[-69.4716,-38.4929],[-69.4716,-38.4929],[-69.4716,-38.4929],[-69.4716,-38.4928],[-69.4716,-38.4928],[-69.4716,-38.4928],[-69.4716,-38.4928],[-69.4716,-38.4928],[-69.4716,-38.4928],[-69.4716,-38.4928],[-69.4716,-38.4928],[-69.4716,-38.4928],[-69.4716,-38.4928],[-69.4716,-38.4928],[-69.4716,-38.4928],[-69.4716,-38.4927],[-69.4716,-38.4927],[-69.4716,-38.4927],[-69.4716,-38.4927],[-69.4716,-38.4927],[-69.4716,-38.4927],[-69.4716,-38.4927],[-69.4716,-38.4927],[-69.4716,-38.4927],[-69.4716,-38.4927],[-69.4716,-38.4927],[-69.4717,-38.4927],[-69.4717,-38.4926],[-69.4717,-38.4926],[-69.4717,-38.4926],[-69.4717,-38.4926],[-69.4717,-38.4926],[-69.4717,-38.4926],[-69.4717,-38.4926],[-69.4717,-38.4926],[-69.4717,-38.4926],[-69.4717,-38.4926],[-69.4717,-38.4926],[-69.4717,-38.4925],[-69.4717,-38.4925],[-69.4717,-38.4925],[-69.4717,-38.4925],[-69.4717,-38.4925],[-69.4717,-38.4925],[-69.4717,-38.4925],[-69.4717,-38.4925],[-69.4717,-38.4925],[-69.4717,-38.4925],[-69.4717,-38.4925],[-69.4717,-38.4925],[-69.4717,-38.4924],[-69.4717,-38.4924],[-69.4717,-38.4924],[-69.4717,-38.4924],[-69.4717,-38.4924],[-69.4717,-38.4924],[-69.4717,-38.4924],[-69.4717,-38.4924],[-69.4717,-38.4924],[-69.4718,-38.4924],[-69.4718,-38.4924],[-69.4718,-38.4924],[-69.4718,-38.4923],[-69.4718,-38.4923],[-69.4718,-38.4923],[-69.4718,-38.4923],[-69.4718,-38.4923],[-69.4718,-38.4923],[-69.4718,-38.4923],[-69.4718,-38.4923],[-69.4718,-38.4923],[-69.4718,-38.4923],[-69.4718,-38.4923],[-69.4718,-38.4923],[-69.4718,-38.4922],[-69.4718,-38.4922],[-69.4718,-38.4922],[-69.4718,-38.4922],[-69.4718,-38.4922],[-69.4718,-38.4922],[-69.4718,-38.4922],[-69.4718,-38.4922],[-69.4718,-38.4922],[-69.4718,-38.4922],[-69.4718,-38.4922],[-69.4718,-38.4922],[-69.4718,-38.4921],[-69.4718,-38.4921],[-69.4718,-38.4921],[-69.4718,-38.4921],[-69.4718,-38.4921],[-69.4718,-38.4921],[-69.4719,-38.4921],[-69.4719,-38.4921],[-69.4719,-38.4921],[-69.4719,-38.4921],[-69.4719,-38.4921],[-69.4719,-38.4921],[-69.4719,-38.492],[-69.4719,-38.492],[-69.4719,-38.492],[-69.4719,-38.492],[-69.4719,-38.492],[-69.4719,-38.492],[-69.4719,-38.492],[-69.4719,-38.492],[-69.4719,-38.492],[-69.4719,-38.492],[-69.4719,-38.492],[-69.4719,-38.492],[-69.4719,-38.4919],[-69.4719,-38.4919],[-69.4719,-38.4919],[-69.4719,-38.4919],[-69.4719,-38.4919],[-69.4719,-38.4919],[-69.4719,-38.4919],[-69.4719,-38.4919],[-69.4719,-38.4919],[-69.4719,-38.4919],[-69.4719,-38.4919],[-69.4719,-38.4918],[-69.4719,-38.4918],[-69.4719,-38.4918],[-69.4719,-38.4918],[-69.4719,-38.4918],[-69.4719,-38.4918],[-69.4719,-38.4918],[-69.4719,-38.4918],[-69.4719,-38.4918],[-69.4719,-38.4918],[-69.4719,-38.4918],[-69.4719,-38.4917],[-69.4719,-38.4917],[-69.4719,-38.4917],[-69.4719,-38.4917],[-69.4719,-38.4917],[-69.4719,-38.4917],[-69.4719,-38.4917],[-69.4719,-38.4917],[-69.4719,-38.4917],[-69.4719,-38.4917],[-69.4719,-38.4917],[-69.4719,-38.4916],[-69.4719,-38.4916],[-69.4719,-38.4916],[-69.4719,-38.4916],[-69.4719,-38.4916],[-69.4719,-38.4916],[-69.4719,-38.4916],[-69.4719,-38.4916],[-69.4719,-38.4916],[-69.4719,-38.4916],[-69.4719,-38.4916],[-69.4719,-38.4915],[-69.4719,-38.4915],[-69.4719,-38.4915],[-69.4719,-38.4915],[-69.4719,-38.4915],[-69.4719,-38.4915],[-69.4719,-38.4915],[-69.4719,-38.4915],[-69.4719,-38.4915],[-69.4719,-38.4915],[-69.4719,-38.4915],[-69.4719,-38.4915],[-69.4719,-38.4914],[-69.4719,-38.4914],[-69.4719,-38.4914],[-69.4719,-38.4914],[-69.4719,-38.4914],[-69.4719,-38.4914],[-69.4719,-38.4914],[-69.4719,-38.4914],[-69.4719,-38.4914],[-69.4719,-38.4914],[-69.4719,-38.4914],[-69.4719,-38.4913],[-69.4719,-38.4913],[-69.4719,-38.4913],[-69.4719,-38.4913],[-69.4719,-38.4913],[-69.4719,-38.4913],[-69.4719,-38.4913],[-69.4719,-38.4913],[-69.4719,-38.4913],[-69.4719,-38.4913],[-69.4719,-38.4913],[-69.4719,-38.4912],[-69.4719,-38.4912],[-69.4719,-38.4912],[-69.4719,-38.4912],[-69.4719,-38.4912],[-69.4719,-38.4912],[-69.4719,-38.4912],[-69.4719,-38.4912],[-69.4719,-38.4912],[-69.4719,-38.4912],[-69.4719,-38.4912],[-69.4719,-38.4911],[-69.4719,-38.4911],[-69.4719,-38.4911],[-69.4719,-38.4911],[-69.4719,-38.4911],[-69.4719,-38.4911],[-69.4719,-38.4911],[-69.4719,-38.4911],[-69.4719,-38.4911],[-69.4719,-38.4911],[-69.4719,-38.4911],[-69.4719,-38.4911],[-69.4719,-38.491],[-69.4719,-38.491],[-69.4719,-38.491],[-69.4719,-38.491],[-69.4719,-38.491],[-69.4719,-38.491],[-69.4719,-38.491],[-69.4718,-38.491],[-69.4718,-38.491],[-69.4718,-38.491],[-69.4718,-38.491],[-69.4718,-38.4909],[-69.4718,-38.4909],[-69.4718,-38.4909],[-69.4718,-38.4909],[-69.4718,-38.4909],[-69.4718,-38.4909],[-69.4718,-38.4909],[-69.4718,-38.4909],[-69.4718,-38.4909],[-69.4718,-38.4909],[-69.4718,-38.4909],[-69.4718,-38.4909],[-69.4718,-38.4908],[-69.4718,-38.4908],[-69.4718,-38.4908],[-69.4718,-38.4908],[-69.4718,-38.4908],[-69.4718,-38.4908],[-69.4718,-38.4908],[-69.4718,-38.4908],[-69.4718,-38.4908],[-69.4718,-38.4908],[-69.4718,-38.4908],[-69.4718,-38.4907],[-69.4718,-38.4907],[-69.4718,-38.4907],[-69.4718,-38.4907],[-69.4718,-38.4907],[-69.4718,-38.4907],[-69.4718,-38.4907],[-69.4718,-38.4907],[-69.4718,-38.4907],[-69.4718,-38.4907],[-69.4718,-38.4907],[-69.4718,-38.4907],[-69.4718,-38.4906],[-69.4718,-38.4906],[-69.4718,-38.4906],[-69.4718,-38.4906],[-69.4718,-38.4906],[-69.4718,-38.4906],[-69.4718,-38.4906],[-69.4718,-38.4906],[-69.4718,-38.4906],[-69.4717,-38.4906],[-69.4717,-38.4906],[-69.4717,-38.4905],[-69.4717,-38.4905],[-69.4717,-38.4905],[-69.4717,-38.4905],[-69.4717,-38.4905],[-69.4717,-38.4905],[-69.4717,-38.4905],[-69.4717,-38.4905],[-69.4717,-38.4905],[-69.4717,-38.4905],[-69.4717,-38.4905],[-69.4717,-38.4905],[-69.4717,-38.4904],[-69.4717,-38.4904],[-69.4717,-38.4904],[-69.4717,-38.4904],[-69.4717,-38.4904],[-69.4717,-38.4904],[-69.4717,-38.4904],[-69.4717,-38.4904],[-69.4717,-38.4904],[-69.4717,-38.4904],[-69.4717,-38.4904],[-69.4717,-38.4904],[-69.4717,-38.4903],[-69.4717,-38.4903],[-69.4717,-38.4903],[-69.4717,-38.4903],[-69.4717,-38.4903],[-69.4717,-38.4903],[-69.4716,-38.4903],[-69.4716,-38.4903],[-69.4716,-38.4903],[-69.4716,-38.4903],[-69.4716,-38.4903],[-69.4716,-38.4903],[-69.4716,-38.4903],[-69.4716,-38.4902],[-69.4716,-38.4902],[-69.4716,-38.4902],[-69.4716,-38.4902],[-69.4716,-38.4902],[-69.4716,-38.4902],[-69.4716,-38.4902],[-69.4716,-38.4902],[-69.4716,-38.4902],[-69.4716,-38.4902],[-69.4716,-38.4902],[-69.4716,-38.4902],[-69.4716,-38.4901],[-69.4716,-38.4901],[-69.4716,-38.4901],[-69.4716,-38.4901],[-69.4716,-38.4901],[-69.4716,-38.4901],[-69.4715,-38.4901],[-69.4715,-38.4901],[-69.4715,-38.4901],[-69.4715,-38.4901],[-69.4715,-38.4901],[-69.4715,-38.4901],[-69.4715,-38.4901],[-69.4715,-38.49],[-69.4715,-38.49],[-69.4715,-38.49],[-69.4715,-38.49],[-69.4715,-38.49],[-69.4715,-38.49],[-69.4715,-38.49],[-69.4715,-38.49],[-69.4715,-38.49],[-69.4715,-38.49],[-69.4715,-38.49],[-69.4715,-38.49],[-69.4715,-38.4899],[-69.4715,-38.4899],[-69.4715,-38.4899],[-69.4715,-38.4899],[-69.4715,-38.4899],[-69.4714,-38.4899],[-69.4714,-38.4899],[-69.4714,-38.4899],[-69.4714,-38.4899],[-69.4714,-38.4899],[-69.4714,-38.4899],[-69.4714,-38.4899],[-69.4714,-38.4899],[-69.4714,-38.4898],[-69.4714,-38.4898],[-69.4714,-38.4898],[-69.4714,-38.4898],[-69.4714,-38.4898],[-69.4714,-38.4898],[-69.4714,-38.4898],[-69.4714,-38.4898],[-69.4714,-38.4898],[-69.4714,-38.4898],[-69.4714,-38.4898],[-69.4714,-38.4898],[-69.4714,-38.4898],[-69.4714,-38.4897],[-69.4714,-38.4897],[-69.4714,-38.4897],[-69.4713,-38.4897],[-69.4713,-38.4897],[-69.4713,-38.4897],[-69.4713,-38.4897],[-69.4713,-38.4897],[-69.4713,-38.4897],[-69.4713,-38.4897],[-69.4713,-38.4897],[-69.4713,-38.4897],[-69.4713,-38.4896],[-69.4713,-38.4896],[-69.4713,-38.4896],[-69.4713,-38.4896],[-69.4713,-38.4896],[-69.4713,-38.4896],[-69.4713,-38.4896],[-69.4713,-38.4896],[-69.4713,-38.4896],[-69.4713,-38.4896],[-69.4713,-38.4896],[-69.4713,-38.4896],[-69.4713,-38.4895],[-69.4713,-38.4895],[-69.4713,-38.4895],[-69.4713,-38.4895],[-69.4713,-38.4895],[-69.4713,-38.4895],[-69.4713,-38.4895],[-69.4713,-38.4895],[-69.4713,-38.4895],[-69.4713,-38.4895],[-69.4713,-38.4895],[-69.4713,-38.4894],[-69.4713,-38.4894],[-69.4712,-38.4894],[-69.4712,-38.4894],[-69.4712,-38.4894],[-69.4712,-38.4894],[-69.4712,-38.4894],[-69.4712,-38.4894],[-69.4712,-38.4894],[-69.4712,-38.4894],[-69.4712,-38.4894],[-69.4712,-38.4894],[-69.4712,-38.4893],[-69.4712,-38.4893],[-69.4712,-38.4893],[-69.4712,-38.4893],[-69.4712,-38.4893],[-69.4712,-38.4893],[-69.4712,-38.4893],[-69.4712,-38.4893],[-69.4712,-38.4893],[-69.4712,-38.4893],[-69.4712,-38.4893],[-69.4712,-38.4893],[-69.4712,-38.4892],[-69.4712,-38.4892],[-69.4712,-38.4892],[-69.4712,-38.4892],[-69.4712,-38.4892],[-69.4712,-38.4892],[-69.4712,-38.4892],[-69.4712,-38.4892],[-69.4712,-38.4892],[-69.4712,-38.4892],[-69.4712,-38.4892],[-69.4711,-38.4892],[-69.4711,-38.4891],[-69.4711,-38.4891],[-69.4711,-38.4891],[-69.4711,-38.4891],[-69.4711,-38.4891],[-69.4711,-38.4891],[-69.4711,-38.4891],[-69.4711,-38.4891],[-69.4711,-38.4891],[-69.4711,-38.4891],[-69.4711,-38.4891],[-69.4711,-38.4891],[-69.4711,-38.489],[-69.4711,-38.489],[-69.4711,-38.489],[-69.4711,-38.489],[-69.4711,-38.489],[-69.4711,-38.489],[-69.4711,-38.489],[-69.4711,-38.489],[-69.4711,-38.489],[-69.4711,-38.489],[-69.4711,-38.489],[-69.4711,-38.489],[-69.4711,-38.4889],[-69.4711,-38.4889],[-69.4711,-38.4889],[-69.4711,-38.4889],[-69.4711,-38.4889],[-69.4711,-38.4889],[-69.4711,-38.4889],[-69.4711,-38.4889],[-69.471,-38.4889],[-69.471,-38.4889],[-69.471,-38.4889],[-69.471,-38.4889],[-69.471,-38.4888],[-69.471,-38.4888],[-69.471,-38.4888],[-69.471,-38.4888],[-69.471,-38.4888],[-69.471,-38.4888],[-69.471,-38.4888],[-69.471,-38.4888],[-69.471,-38.4888],[-69.471,-38.4888],[-69.471,-38.4888],[-69.471,-38.4888],[-69.471,-38.4887],[-69.471,-38.4887],[-69.471,-38.4887],[-69.471,-38.4887],[-69.471,-38.4887],[-69.471,-38.4887],[-69.471,-38.4887],[-69.471,-38.4887],[-69.471,-38.4887],[-69.471,-38.4887],[-69.471,-38.4887],[-69.471,-38.4887],[-69.471,-38.4886],[-69.471,-38.4886],[-69.471,-38.4886],[-69.471,-38.4886],[-69.471,-38.4886],[-69.471,-38.4886],[-69.4709,-38.4886],[-69.4709,-38.4886],[-69.4709,-38.4886],[-69.4709,-38.4886],[-69.4709,-38.4886],[-69.4709,-38.4886],[-69.4709,-38.4885],[-69.4709,-38.4885],[-69.4709,-38.4885],[-69.4709,-38.4885],[-69.4709,-38.4885],[-69.4709,-38.4885],[-69.4709,-38.4885],[-69.4709,-38.4885],[-69.4709,-38.4885],[-69.4709,-38.4885],[-69.4709,-38.4885],[-69.4709,-38.4885],[-69.4709,-38.4884],[-69.4709,-38.4884],[-69.4709,-38.4884],[-69.4709,-38.4884],[-69.4709,-38.4884],[-69.4709,-38.4884],[-69.4709,-38.4884],[-69.4709,-38.4884],[-69.4709,-38.4884],[-69.4709,-38.4884],[-69.4709,-38.4884],[-69.4709,-38.4883],[-69.4709,-38.4883],[-69.4709,-38.4883],[-69.4709,-38.4883],[-69.4709,-38.4883],[-69.4708,-38.4883],[-69.4708,-38.4883],[-69.4708,-38.4883],[-69.4708,-38.4883],[-69.4708,-38.4883],[-69.4708,-38.4883],[-69.4708,-38.4883],[-69.4708,-38.4882],[-69.4708,-38.4882],[-69.4708,-38.4882],[-69.4708,-38.4882],[-69.4708,-38.4882],[-69.4708,-38.4882],[-69.4708,-38.4882],[-69.4708,-38.4882],[-69.4708,-38.4882],[-69.4708,-38.4882],[-69.4708,-38.4882],[-69.4708,-38.4882],[-69.4708,-38.4881],[-69.4708,-38.4881],[-69.4708,-38.4881],[-69.4708,-38.4881],[-69.4708,-38.4881],[-69.4708,-38.4881],[-69.4708,-38.4881],[-69.4708,-38.4881],[-69.4708,-38.4881],[-69.4708,-38.4881],[-69.4707,-38.4881],[-69.4707,-38.4881],[-69.4707,-38.4881],[-69.4707,-38.488],[-69.4707,-38.488],[-69.4707,-38.488],[-69.4707,-38.488],[-69.4707,-38.488],[-69.4707,-38.488],[-69.4707,-38.488],[-69.4707,-38.488],[-69.4707,-38.488],[-69.4707,-38.488],[-69.4707,-38.488],[-69.4707,-38.488],[-69.4707,-38.488],[-69.4707,-38.4879],[-69.4707,-38.4879],[-69.4707,-38.4879],[-69.4707,-38.4879],[-69.4707,-38.4879],[-69.4707,-38.4879],[-69.4707,-38.4879],[-69.4706,-38.4879],[-69.4706,-38.4879],[-69.4706,-38.4879],[-69.4706,-38.4879],[-69.4706,-38.4879],[-69.4706,-38.4879],[-69.4706,-38.4878],[-69.4706,-38.4878],[-69.4706,-38.4878],[-69.4706,-38.4878],[-69.4706,-38.4878],[-69.4706,-38.4878],[-69.4706,-38.4878],[-69.4706,-38.4878],[-69.4706,-38.4878],[-69.4706,-38.4878],[-69.4706,-38.4878],[-69.4706,-38.4878],[-69.4706,-38.4877],[-69.4706,-38.4877],[-69.4706,-38.4877],[-69.4706,-38.4877],[-69.4705,-38.4877],[-69.4705,-38.4877],[-69.4705,-38.4877],[-69.4705,-38.4877],[-69.4705,-38.4877],[-69.4705,-38.4877],[-69.4705,-38.4877],[-69.4705,-38.4877],[-69.4705,-38.4877],[-69.4705,-38.4876],[-69.4705,-38.4876],[-69.4705,-38.4876],[-69.4705,-38.4876],[-69.4705,-38.4876],[-69.4705,-38.4876],[-69.4705,-38.4876],[-69.4705,-38.4876],[-69.4705,-38.4876],[-69.4705,-38.4876],[-69.4705,-38.4876],[-69.4705,-38.4876],[-69.4705,-38.4876],[-69.4705,-38.4875],[-69.4704,-38.4875],[-69.4704,-38.4875],[-69.4704,-38.4875],[-69.4704,-38.4875],[-69.4704,-38.4875],[-69.4704,-38.4875],[-69.4704,-38.4875],[-69.4704,-38.4875],[-69.4704,-38.4875],[-69.4704,-38.4875],[-69.4704,-38.4875],[-69.4704,-38.4875],[-69.4704,-38.4874],[-69.4704,-38.4874],[-69.4704,-38.4874],[-69.4704,-38.4874],[-69.4704,-38.4874],[-69.4704,-38.4874],[-69.4704,-38.4874],[-69.4704,-38.4874],[-69.4704,-38.4874],[-69.4704,-38.4874],[-69.4703,-38.4874],[-69.4703,-38.4874],[-69.4703,-38.4874],[-69.4703,-38.4873],[-69.4703,-38.4873],[-69.4703,-38.4873],[-69.4703,-38.4873],[-69.4703,-38.4873],[-69.4703,-38.4873],[-69.4703,-38.4873],[-69.4703,-38.4873],[-69.4703,-38.4873],[-69.4703,-38.4873],[-69.4703,-38.4873],[-69.4703,-38.4873],[-69.4703,-38.4873],[-69.4703,-38.4873],[-69.4703,-38.4872],[-69.4702,-38.4872],[-69.4702,-38.4872],[-69.4702,-38.4872],[-69.4702,-38.4872],[-69.4702,-38.4872],[-69.4702,-38.4872],[-69.4702,-38.4872],[-69.4702,-38.4872],[-69.4702,-38.4872],[-69.4702,-38.4872],[-69.4702,-38.4872],[-69.4702,-38.4872],[-69.4702,-38.4872],[-69.4702,-38.4872],[-69.4702,-38.4871],[-69.4702,-38.4871],[-69.4702,-38.4871],[-69.4702,-38.4871],[-69.4701,-38.4871],[-69.4701,-38.4871],[-69.4701,-38.4871],[-69.4701,-38.4871],[-69.4701,-38.4871],[-69.4701,-38.4871],[-69.4701,-38.4871],[-69.4701,-38.4871],[-69.4701,-38.4871],[-69.4701,-38.4871],[-69.4701,-38.487],[-69.4701,-38.487],[-69.4701,-38.487],[-69.4701,-38.487],[-69.4701,-38.487],[-69.4701,-38.487],[-69.4701,-38.487],[-69.4701,-38.487],[-69.47,-38.487],[-69.47,-38.487],[-69.47,-38.487],[-69.47,-38.487],[-69.47,-38.487],[-69.47,-38.487],[-69.47,-38.487],[-69.47,-38.487],[-69.47,-38.487],[-69.47,-38.487],[-69.47,-38.487],[-69.47,-38.4869],[-69.47,-38.4869],[-69.4699,-38.4869],[-69.4699,-38.4869],[-69.4699,-38.4869],[-69.4699,-38.4869],[-69.4699,-38.4869],[-69.4699,-38.4869],[-69.4699,-38.4869],[-69.4699,-38.4869],[-69.4699,-38.4869],[-69.4699,-38.4869],[-69.4699,-38.4869],[-69.4699,-38.4869],[-69.4698,-38.4869],[-69.4698,-38.4869],[-69.4698,-38.4869],[-69.4698,-38.4869],[-69.4698,-38.4869],[-69.4698,-38.4869],[-69.4698,-38.4869],[-69.4698,-38.4869],[-69.4698,-38.4869],[-69.4698,-38.4869],[-69.4698,-38.4868],[-69.4698,-38.4868],[-69.4698,-38.4868],[-69.4697,-38.4868],[-69.4697,-38.4868],[-69.4697,-38.4868],[-69.4697,-38.4868],[-69.4697,-38.4868],[-69.4697,-38.4868],[-69.4697,-38.4868],[-69.4697,-38.4868],[-69.4697,-38.4868],[-69.4697,-38.4868],[-69.4697,-38.4868],[-69.4697,-38.4868],[-69.4696,-38.4868],[-69.4696,-38.4868],[-69.4696,-38.4868],[-69.4696,-38.4868],[-69.4696,-38.4868],[-69.4696,-38.4868],[-69.4696,-38.4868],[-69.4696,-38.4868],[-69.4696,-38.4867],[-69.4696,-38.4867],[-69.4696,-38.4867],[-69.4696,-38.4867],[-69.4696,-38.4867],[-69.4695,-38.4867],[-69.4695,-38.4867],[-69.4695,-38.4867],[-69.4695,-38.4867],[-69.4695,-38.4867],[-69.4695,-38.4867],[-69.4695,-38.4867],[-69.4695,-38.4867],[-69.4695,-38.4867],[-69.4695,-38.4867],[-69.4695,-38.4867],[-69.4695,-38.4867],[-69.4695,-38.4867],[-69.4694,-38.4867],[-69.4694,-38.4867],[-69.4694,-38.4867],[-69.4694,-38.4867],[-69.4694,-38.4867],[-69.4694,-38.4867],[-69.4694,-38.4866],[-69.4694,-38.4866],[-69.4694,-38.4866],[-69.4694,-38.4866],[-69.4694,-38.4866],[-69.4694,-38.4866],[-69.4693,-38.4866],[-69.4693,-38.4866],[-69.4693,-38.4866],[-69.4693,-38.4866],[-69.4693,-38.4866],[-69.4693,-38.4866],[-69.4693,-38.4866],[-69.4693,-38.4866],[-69.4693,-38.4866],[-69.4693,-38.4866],[-69.4693,-38.4866],[-69.4693,-38.4866],[-69.4693,-38.4866],[-69.4692,-38.4866],[-69.4692,-38.4866],[-69.4692,-38.4866],[-69.4692,-38.4866],[-69.4692,-38.4866],[-69.4692,-38.4866],[-69.4692,-38.4866],[-69.4692,-38.4866],[-69.4692,-38.4866],[-69.4692,-38.4866],[-69.4692,-38.4865],[-69.4691,-38.4865],[-69.4691,-38.4865],[-69.4691,-38.4865],[-69.4691,-38.4865],[-69.4691,-38.4865],[-69.4691,-38.4865],[-69.4691,-38.4865],[-69.4691,-38.4865],[-69.4691,-38.4865],[-69.4691,-38.4865],[-69.4691,-38.4865],[-69.4691,-38.4865],[-69.469,-38.4865],[-69.469,-38.4865],[-69.469,-38.4865],[-69.469,-38.4865],[-69.469,-38.4865],[-69.469,-38.4865],[-69.469,-38.4865],[-69.469,-38.4865],[-69.469,-38.4865],[-69.469,-38.4865],[-69.469,-38.4865],[-69.4689,-38.4865],[-69.4689,-38.4865],[-69.4689,-38.4865],[-69.4689,-38.4865],[-69.4689,-38.4865],[-69.4689,-38.4865],[-69.4689,-38.4865],[-69.4689,-38.4865],[-69.4689,-38.4865],[-69.4689,-38.4865],[-69.4689,-38.4865],[-69.4689,-38.4865],[-69.4688,-38.4865],[-69.4688,-38.4865],[-69.4688,-38.4865],[-69.4688,-38.4865],[-69.4688,-38.4865],[-69.4688,-38.4865],[-69.4688,-38.4865],[-69.4688,-38.4865],[-69.4688,-38.4864],[-69.4688,-38.4864],[-69.4688,-38.4864],[-69.4688,-38.4864],[-69.4687,-38.4864],[-69.4687,-38.4864],[-69.4687,-38.4864],[-69.4687,-38.4864],[-69.4687,-38.4864],[-69.4687,-38.4864],[-69.4687,-38.4864],[-69.4687,-38.4864],[-69.4687,-38.4864],[-69.4687,-38.4864],[-69.4687,-38.4864],[-69.4686,-38.4864],[-69.4686,-38.4864],[-69.4686,-38.4864],[-69.4686,-38.4864],[-69.4686,-38.4864],[-69.4686,-38.4864],[-69.4686,-38.4864],[-69.4686,-38.4864],[-69.4686,-38.4864],[-69.4686,-38.4864],[-69.4686,-38.4864],[-69.4686,-38.4864],[-69.4685,-38.4864],[-69.4685,-38.4864],[-69.4685,-38.4864],[-69.4685,-38.4864],[-69.4685,-38.4864],[-69.4685,-38.4864],[-69.4685,-38.4864],[-69.4685,-38.4864],[-69.4685,-38.4864],[-69.4685,-38.4864],[-69.4685,-38.4864],[-69.4684,-38.4864],[-69.4684,-38.4864],[-69.4684,-38.4864],[-69.4684,-38.4864],[-69.4684,-38.4864],[-69.4684,-38.4864],[-69.4684,-38.4863],[-69.4684,-38.4863],[-69.4684,-38.4863],[-69.4684,-38.4863],[-69.4684,-38.4863],[-69.4684,-38.4863],[-69.4683,-38.4863],[-69.4683,-38.4863],[-69.4683,-38.4863],[-69.4683,-38.4863],[-69.4683,-38.4863],[-69.4683,-38.4863],[-69.4683,-38.4863],[-69.4683,-38.4863],[-69.4683,-38.4863],[-69.4683,-38.4863],[-69.4683,-38.4863],[-69.4682,-38.4863],[-69.4682,-38.4863],[-69.4682,-38.4863],[-69.4682,-38.4863],[-69.4682,-38.4863],[-69.4682,-38.4863],[-69.4682,-38.4863],[-69.4682,-38.4863],[-69.4682,-38.4863],[-69.4682,-38.4863],[-69.4682,-38.4863],[-69.4682,-38.4863],[-69.4681,-38.4863],[-69.4681,-38.4863],[-69.4681,-38.4863],[-69.4681,-38.4863],[-69.4681,-38.4863],[-69.4681,-38.4863],[-69.4681,-38.4863],[-69.4681,-38.4863],[-69.4681,-38.4863],[-69.4681,-38.4863],[-69.4681,-38.4863],[-69.468,-38.4863],[-69.468,-38.4863],[-69.468,-38.4863],[-69.468,-38.4863],[-69.468,-38.4863],[-69.468,-38.4863],[-69.468,-38.4863],[-69.468,-38.4863],[-69.468,-38.4863],[-69.468,-38.4863],[-69.468,-38.4863],[-69.4679,-38.4863],[-69.4679,-38.4863],[-69.4679,-38.4863],[-69.4679,-38.4863],[-69.4679,-38.4863],[-69.4679,-38.4863],[-69.4679,-38.4863],[-69.4679,-38.4863],[-69.4679,-38.4863],[-69.4679,-38.4863],[-69.4679,-38.4863],[-69.4678,-38.4863],[-69.4678,-38.4863],[-69.4678,-38.4863],[-69.4678,-38.4863],[-69.4678,-38.4863],[-69.4678,-38.4863],[-69.4678,-38.4863],[-69.4678,-38.4863],[-69.4678,-38.4863],[-69.4678,-38.4863],[-69.4678,-38.4863],[-69.4677,-38.4863],[-69.4677,-38.4863],[-69.4677,-38.4863],[-69.4677,-38.4863],[-69.4677,-38.4863],[-69.4677,-38.4863],[-69.4677,-38.4863],[-69.4677,-38.4863],[-69.4677,-38.4863],[-69.4677,-38.4863],[-69.4677,-38.4863],[-69.4677,-38.4863],[-69.4676,-38.4863],[-69.4676,-38.4863],[-69.4676,-38.4863],[-69.4676,-38.4863],[-69.4676,-38.4863],[-69.4676,-38.4863],[-69.4676,-38.4863],[-69.4676,-38.4863],[-69.4676,-38.4863],[-69.4676,-38.4863],[-69.4676,-38.4863],[-69.4675,-38.4863],[-69.4675,-38.4863],[-69.4675,-38.4863],[-69.4675,-38.4863],[-69.4675,-38.4863],[-69.4675,-38.4863],[-69.4675,-38.4863],[-69.4675,-38.4863],[-69.4675,-38.4863],[-69.4675,-38.4863],[-69.4675,-38.4863],[-69.4674,-38.4863],[-69.4674,-38.4863],[-69.4674,-38.4863],[-69.4674,-38.4863],[-69.4674,-38.4863],[-69.4674,-38.4863],[-69.4674,-38.4863],[-69.4674,-38.4863],[-69.4674,-38.4863],[-69.4674,-38.4863],[-69.4674,-38.4863],[-69.4673,-38.4863],[-69.4673,-38.4863],[-69.4673,-38.4863],[-69.4673,-38.4863],[-69.4673,-38.4863],[-69.4673,-38.4863],[-69.4673,-38.4863],[-69.4673,-38.4863],[-69.4673,-38.4863],[-69.4673,-38.4863],[-69.4673,-38.4863],[-69.4673,-38.4863],[-69.4672,-38.4863],[-69.4672,-38.4863],[-69.4672,-38.4863],[-69.4672,-38.4863],[-69.4672,-38.4863],[-69.4672,-38.4863],[-69.4672,-38.4863],[-69.4672,-38.4863],[-69.4672,-38.4863],[-69.4672,-38.4863],[-69.4672,-38.4863],[-69.4671,-38.4863],[-69.4671,-38.4863],[-69.4671,-38.4863],[-69.4671,-38.4863],[-69.4671,-38.4863],[-69.4671,-38.4863],[-69.4671,-38.4863],[-69.4671,-38.4863],[-69.4671,-38.4863],[-69.4671,-38.4863],[-69.4671,-38.4863],[-69.467,-38.4863],[-69.467,-38.4863],[-69.467,-38.4863],[-69.467,-38.4863],[-69.467,-38.4863],[-69.467,-38.4863],[-69.467,-38.4863],[-69.467,-38.4863],[-69.467,-38.4863],[-69.467,-38.4863],[-69.467,-38.4863],[-69.467,-38.4864],[-69.4669,-38.4864],[-69.4669,-38.4864],[-69.4669,-38.4864],[-69.4669,-38.4864],[-69.4669,-38.4864],[-69.4669,-38.4864],[-69.4669,-38.4864],[-69.4669,-38.4864],[-69.4669,-38.4864],[-69.4669,-38.4864],[-69.4669,-38.4864],[-69.4668,-38.4864],[-69.4668,-38.4864],[-69.4668,-38.4864],[-69.4668,-38.4864],[-69.4668,-38.4864],[-69.4668,-38.4864],[-69.4668,-38.4864],[-69.4668,-38.4864],[-69.4668,-38.4864],[-69.4668,-38.4864],[-69.4668,-38.4864],[-69.4667,-38.4864],[-69.4667,-38.4864],[-69.4667,-38.4864],[-69.4667,-38.4864],[-69.4667,-38.4864],[-69.4667,-38.4864],[-69.4667,-38.4864],[-69.4667,-38.4864],[-69.4667,-38.4864],[-69.4667,-38.4864],[-69.4667,-38.4864],[-69.4667,-38.4864],[-69.4666,-38.4864],[-69.4666,-38.4864],[-69.4666,-38.4864],[-69.4666,-38.4864],[-69.4666,-38.4864],[-69.4666,-38.4864],[-69.4666,-38.4864],[-69.4666,-38.4864],[-69.4666,-38.4864],[-69.4666,-38.4864],[-69.4666,-38.4864],[-69.4665,-38.4864],[-69.4665,-38.4864],[-69.4665,-38.4864],[-69.4665,-38.4864],[-69.4665,-38.4864],[-69.4665,-38.4864],[-69.4665,-38.4864],[-69.4665,-38.4864],[-69.4665,-38.4864],[-69.4665,-38.4864],[-69.4665,-38.4864],[-69.4664,-38.4864],[-69.4664,-38.4864],[-69.4664,-38.4864],[-69.4664,-38.4864],[-69.4664,-38.4864],[-69.4664,-38.4864],[-69.4664,-38.4864],[-69.4664,-38.4864],[-69.4664,-38.4864],[-69.4664,-38.4864],[-69.4664,-38.4864],[-69.4664,-38.4864],[-69.4663,-38.4864],[-69.4663,-38.4864],[-69.4663,-38.4864],[-69.4663,-38.4864],[-69.4663,-38.4864],[-69.4663,-38.4864],[-69.4663,-38.4864],[-69.4663,-38.4864],[-69.4663,-38.4864],[-69.4663,-38.4864],[-69.4663,-38.4864],[-69.4662,-38.4864],[-69.4662,-38.4864],[-69.4662,-38.4864],[-69.4662,-38.4865],[-69.4662,-38.4865],[-69.4662,-38.4865],[-69.4662,-38.4865],[-69.4662,-38.4865],[-69.4662,-38.4865],[-69.4662,-38.4865],[-69.4662,-38.4865],[-69.4661,-38.4865],[-69.4661,-38.4865],[-69.4661,-38.4865],[-69.4661,-38.4865],[-69.4661,-38.4865],[-69.4661,-38.4865],[-69.4661,-38.4865],[-69.4661,-38.4865],[-69.4661,-38.4865],[-69.4661,-38.4865],[-69.4661,-38.4865],[-69.466,-38.4865],[-69.466,-38.4865],[-69.466,-38.4865],[-69.466,-38.4865],[-69.466,-38.4865],[-69.466,-38.4865],[-69.466,-38.4865],[-69.466,-38.4865],[-69.466,-38.4865],[-69.466,-38.4865],[-69.466,-38.4865],[-69.4659,-38.4865],[-69.4659,-38.4865],[-69.4659,-38.4865],[-69.4659,-38.4865],[-69.4659,-38.4865],[-69.4659,-38.4865],[-69.4659,-38.4865],[-69.4659,-38.4865],[-69.4659,-38.4865],[-69.4659,-38.4865],[-69.4659,-38.4865],[-69.4659,-38.4865],[-69.4658,-38.4865],[-69.4658,-38.4865],[-69.4658,-38.4865],[-69.4658,-38.4865],[-69.4658,-38.4865],[-69.4658,-38.4865],[-69.4658,-38.4865],[-69.4658,-38.4865],[-69.4658,-38.4865],[-69.4658,-38.4865],[-69.4658,-38.4865],[-69.4657,-38.4865],[-69.4657,-38.4865],[-69.4657,-38.4865],[-69.4657,-38.4865],[-69.4657,-38.4865],[-69.4657,-38.4865],[-69.4657,-38.4865],[-69.4657,-38.4865],[-69.4657,-38.4865],[-69.4657,-38.4865],[-69.4657,-38.4865],[-69.4656,-38.4865],[-69.4656,-38.4865],[-69.4656,-38.4865],[-69.4656,-38.4865],[-69.4656,-38.4865],[-69.4656,-38.4865],[-69.4656,-38.4865],[-69.4656,-38.4865],[-69.4656,-38.4865],[-69.4656,-38.4865],[-69.4656,-38.4865],[-69.4655,-38.4865],[-69.4655,-38.4865],[-69.4655,-38.4865],[-69.4655,-38.4865],[-69.4655,-38.4865],[-69.4655,-38.4865],[-69.4655,-38.4865],[-69.4655,-38.4865],[-69.4655,-38.4865],[-69.4655,-38.4865],[-69.4655,-38.4865],[-69.4655,-38.4865],[-69.4654,-38.4865],[-69.4654,-38.4865],[-69.4654,-38.4865],[-69.4654,-38.4865],[-69.4654,-38.4865],[-69.4654,-38.4865],[-69.4654,-38.4865],[-69.4654,-38.4865],[-69.4654,-38.4865],[-69.4654,-38.4865],[-69.4654,-38.4865],[-69.4653,-38.4865],[-69.4653,-38.4865],[-69.4653,-38.4865],[-69.4653,-38.4865],[-69.4653,-38.4865],[-69.4653,-38.4865],[-69.4653,-38.4865],[-69.4653,-38.4865],[-69.4653,-38.4865],[-69.4653,-38.4865],[-69.4653,-38.4865],[-69.4652,-38.4865],[-69.4652,-38.4865],[-69.4652,-38.4865],[-69.4652,-38.4865],[-69.4652,-38.4865],[-69.4652,-38.4865],[-69.4652,-38.4865],[-69.4652,-38.4865],[-69.4652,-38.4864],[-69.4652,-38.4864],[-69.4652,-38.4864],[-69.4652,-38.4864],[-69.4651,-38.4864],[-69.4651,-38.4864],[-69.4651,-38.4864],[-69.4651,-38.4864],[-69.4651,-38.4864],[-69.4651,-38.4864],[-69.4651,-38.4864],[-69.4651,-38.4864],[-69.4651,-38.4864],[-69.4651,-38.4864],[-69.4651,-38.4864],[-69.465,-38.4864],[-69.465,-38.4864],[-69.465,-38.4864],[-69.465,-38.4864],[-69.465,-38.4864],[-69.465,-38.4864],[-69.465,-38.4864],[-69.465,-38.4864],[-69.465,-38.4864],[-69.465,-38.4864],[-69.465,-38.4864],[-69.465,-38.4864],[-69.4649,-38.4864],[-69.4649,-38.4864],[-69.4649,-38.4864],[-69.4649,-38.4864],[-69.4649,-38.4864],[-69.4649,-38.4864],[-69.4649,-38.4864],[-69.4649,-38.4864],[-69.4649,-38.4864],[-69.4649,-38.4864],[-69.4649,-38.4864],[-69.4648,-38.4864],[-69.4648,-38.4864],[-69.4648,-38.4864],[-69.4648,-38.4864],[-69.4648,-38.4864],[-69.4648,-38.4864],[-69.4648,-38.4864],[-69.4648,-38.4864],[-69.4648,-38.4864],[-69.4648,-38.4864],[-69.4648,-38.4864],[-69.4647,-38.4864],[-69.4647,-38.4864],[-69.4647,-38.4864],[-69.4647,-38.4864],[-69.4647,-38.4864],[-69.4647,-38.4864],[-69.4647,-38.4864],[-69.4647,-38.4864],[-69.4647,-38.4864],[-69.4647,-38.4864],[-69.4647,-38.4864],[-69.4647,-38.4864],[-69.4646,-38.4864],[-69.4646,-38.4864],[-69.4646,-38.4863],[-69.4646,-38.4863],[-69.4646,-38.4863],[-69.4646,-38.4863],[-69.4646,-38.4863],[-69.4646,-38.4863],[-69.4646,-38.4863],[-69.4646,-38.4863],[-69.4646,-38.4863],[-69.4645,-38.4863],[-69.4645,-38.4863],[-69.4645,-38.4863],[-69.4645,-38.4863],[-69.4645,-38.4863],[-69.4645,-38.4863],[-69.4645,-38.4863],[-69.4645,-38.4863],[-69.4645,-38.4863],[-69.4645,-38.4863],[-69.4645,-38.4863],[-69.4645,-38.4863],[-69.4644,-38.4863],[-69.4644,-38.4863],[-69.4644,-38.4863],[-69.4644,-38.4863],[-69.4644,-38.4863],[-69.4644,-38.4863],[-69.4644,-38.4863],[-69.4644,-38.4863],[-69.4644,-38.4863],[-69.4644,-38.4863],[-69.4644,-38.4863],[-69.4643,-38.4863],[-69.4643,-38.4863],[-69.4643,-38.4863],[-69.4643,-38.4863],[-69.4643,-38.4863],[-69.4643,-38.4863],[-69.4643,-38.4863],[-69.4643,-38.4863],[-69.4643,-38.4863],[-69.4643,-38.4863],[-69.4643,-38.4863],[-69.4643,-38.4863],[-69.4642,-38.4863],[-69.4642,-38.4863],[-69.4642,-38.4863],[-69.4642,-38.4863],[-69.4642,-38.4863],[-69.4642,-38.4863],[-69.4642,-38.4863],[-69.4642,-38.4863],[-69.4642,-38.4863],[-69.4642,-38.4863],[-69.4642,-38.4863],[-69.4641,-38.4863],[-69.4641,-38.4863],[-69.4641,-38.4863],[-69.4641,-38.4863],[-69.4641,-38.4863],[-69.4641,-38.4862],[-69.4641,-38.4862],[-69.4641,-38.4862],[-69.4641,-38.4862],[-69.4641,-38.4862],[-69.4641,-38.4862],[-69.464,-38.4862],[-69.464,-38.4862],[-69.464,-38.4862],[-69.464,-38.4862],[-69.464,-38.4862],[-69.464,-38.4862],[-69.464,-38.4862],[-69.464,-38.4862],[-69.464,-38.4862],[-69.464,-38.4862],[-69.464,-38.4862],[-69.464,-38.4862],[-69.4639,-38.4862],[-69.4639,-38.4862],[-69.4639,-38.4862],[-69.4639,-38.4862],[-69.4639,-38.4862],[-69.4639,-38.4862],[-69.4639,-38.4862],[-69.4639,-38.4862],[-69.4639,-38.4862],[-69.4639,-38.4862],[-69.4639,-38.4862],[-69.4638,-38.4862],[-69.4638,-38.4862],[-69.4638,-38.4862],[-69.4638,-38.4862],[-69.4638,-38.4862],[-69.4638,-38.4862],[-69.4638,-38.4862],[-69.4638,-38.4862],[-69.4638,-38.4862],[-69.4638,-38.4862],[-69.4638,-38.4862],[-69.4638,-38.4862],[-69.4637,-38.4862],[-69.4637,-38.4862],[-69.4637,-38.4862],[-69.4637,-38.4862],[-69.4637,-38.4862],[-69.4637,-38.4862],[-69.4637,-38.4862],[-69.4637,-38.4862],[-69.4637,-38.4862],[-69.4637,-38.4862],[-69.4637,-38.4862],[-69.4636,-38.4862],[-69.4636,-38.4862],[-69.4636,-38.4862],[-69.4636,-38.4862],[-69.4636,-38.4862],[-69.4636,-38.4862],[-69.4636,-38.4862],[-69.4636,-38.4862],[-69.4636,-38.4862],[-69.4636,-38.4862],[-69.4636,-38.4862],[-69.4635,-38.4862],[-69.4635,-38.4862],[-69.4635,-38.4862],[-69.4635,-38.4862],[-69.4635,-38.4862],[-69.4635,-38.4862],[-69.4635,-38.4862],[-69.4635,-38.4862],[-69.4635,-38.4862],[-69.4635,-38.4862],[-69.4635,-38.4862],[-69.4635,-38.4862],[-69.4634,-38.4862],[-69.4634,-38.4862],[-69.4634,-38.4862],[-69.4634,-38.4862],[-69.4634,-38.4862],[-69.4634,-38.4862],[-69.4634,-38.4862],[-69.4634,-38.4862],[-69.4634,-38.4862],[-69.4634,-38.4862],[-69.4634,-38.4862],[-69.4633,-38.4862],[-69.4633,-38.4862],[-69.4633,-38.4862],[-69.4633,-38.4862],[-69.4633,-38.4862],[-69.4633,-38.4862],[-69.4633,-38.4862],[-69.4633,-38.4862],[-69.4633,-38.4863],[-69.4633,-38.4863],[-69.4633,-38.4863],[-69.4633,-38.4863],[-69.4632,-38.4863],[-69.4632,-38.4863],[-69.4632,-38.4863],[-69.4632,-38.4863],[-69.4632,-38.4863],[-69.4632,-38.4863],[-69.4632,-38.4863],[-69.4632,-38.4863],[-69.4632,-38.4863],[-69.4632,-38.4863],[-69.4632,-38.4863],[-69.4631,-38.4863],[-69.4631,-38.4863],[-69.4631,-38.4863],[-69.4631,-38.4863],[-69.4631,-38.4863],[-69.4631,-38.4863],[-69.4631,-38.4863],[-69.4631,-38.4863],[-69.4631,-38.4863],[-69.4631,-38.4863],[-69.4631,-38.4863],[-69.4631,-38.4863],[-69.463,-38.4863],[-69.463,-38.4863],[-69.463,-38.4863],[-69.463,-38.4863],[-69.463,-38.4863],[-69.463,-38.4863],[-69.463,-38.4863],[-69.463,-38.4863],[-69.463,-38.4863],[-69.463,-38.4863],[-69.463,-38.4863],[-69.4629,-38.4863],[-69.4629,-38.4863],[-69.4629,-38.4863],[-69.4629,-38.4863],[-69.4629,-38.4863],[-69.4629,-38.4863],[-69.4629,-38.4863],[-69.4629,-38.4863],[-69.4629,-38.4863],[-69.4629,-38.4863],[-69.4629,-38.4863],[-69.4629,-38.4863],[-69.4628,-38.4863],[-69.4628,-38.4864],[-69.4628,-38.4864],[-69.4628,-38.4864],[-69.4628,-38.4864],[-69.4628,-38.4864],[-69.4628,-38.4864],[-69.4628,-38.4864],[-69.4628,-38.4864],[-69.4628,-38.4864],[-69.4628,-38.4864],[-69.4627,-38.4864],[-69.4627,-38.4864],[-69.4627,-38.4864],[-69.4627,-38.4864],[-69.4627,-38.4864],[-69.4627,-38.4864],[-69.4627,-38.4864],[-69.4627,-38.4864],[-69.4627,-38.4864],[-69.4627,-38.4864],[-69.4627,-38.4864],[-69.4627,-38.4864],[-69.4626,-38.4864],[-69.4626,-38.4864],[-69.4626,-38.4864],[-69.4626,-38.4864],[-69.4626,-38.4864],[-69.4626,-38.4864],[-69.4626,-38.4864],[-69.4626,-38.4864],[-69.4626,-38.4864],[-69.4626,-38.4864],[-69.4626,-38.4864],[-69.4626,-38.4864],[-69.4625,-38.4864],[-69.4625,-38.4864],[-69.4625,-38.4864],[-69.4625,-38.4864],[-69.4625,-38.4864],[-69.4625,-38.4864],[-69.4625,-38.4864],[-69.4625,-38.4864],[-69.4625,-38.4864],[-69.4625,-38.4865],[-69.4625,-38.4865],[-69.4624,-38.4865],[-69.4624,-38.4865],[-69.4624,-38.4865],[-69.4624,-38.4865],[-69.4624,-38.4865],[-69.4624,-38.4865],[-69.4624,-38.4865],[-69.4624,-38.4865],[-69.4624,-38.4865],[-69.4624,-38.4865],[-69.4624,-38.4865],[-69.4624,-38.4865],[-69.4623,-38.4865],[-69.4623,-38.4865],[-69.4623,-38.4865],[-69.4623,-38.4865],[-69.4623,-38.4865],[-69.4623,-38.4865],[-69.4623,-38.4865],[-69.4623,-38.4865],[-69.4623,-38.4865],[-69.4623,-38.4865],[-69.4623,-38.4865],[-69.4622,-38.4865],[-69.4622,-38.4865],[-69.4622,-38.4865],[-69.4622,-38.4865],[-69.4622,-38.4865],[-69.4622,-38.4865],[-69.4622,-38.4865],[-69.4622,-38.4865],[-69.4622,-38.4865],[-69.4622,-38.4865],[-69.4622,-38.4865],[-69.4621,-38.4865],[-69.4621,-38.4865],[-69.4621,-38.4865],[-69.4621,-38.4865],[-69.4621,-38.4865],[-69.4621,-38.4865],[-69.4621,-38.4865],[-69.4621,-38.4865],[-69.4621,-38.4865],[-69.4621,-38.4865],[-69.4621,-38.4865],[-69.4621,-38.4865],[-69.462,-38.4865],[-69.462,-38.4865],[-69.462,-38.4865],[-69.462,-38.4865],[-69.462,-38.4865],[-69.462,-38.4865],[-69.462,-38.4865],[-69.462,-38.4865],[-69.462,-38.4865],[-69.462,-38.4865],[-69.462,-38.4865],[-69.4619,-38.4865],[-69.4619,-38.4865],[-69.4619,-38.4865],[-69.4619,-38.4865],[-69.4619,-38.4865],[-69.4619,-38.4865],[-69.4619,-38.4865],[-69.4619,-38.4865],[-69.4619,-38.4865],[-69.4619,-38.4865],[-69.4619,-38.4865],[-69.4618,-38.4865],[-69.4618,-38.4865],[-69.4618,-38.4865],[-69.4618,-38.4865],[-69.4618,-38.4865],[-69.4618,-38.4865],[-69.4618,-38.4865],[-69.4618,-38.4865],[-69.4618,-38.4865],[-69.4618,-38.4865],[-69.4618,-38.4865],[-69.4617,-38.4865],[-69.4617,-38.4865],[-69.4617,-38.4865],[-69.4617,-38.4865],[-69.4617,-38.4865],[-69.4617,-38.4865],[-69.4617,-38.4866],[-69.4617,-38.4866],[-69.4617,-38.4866],[-69.4617,-38.4866],[-69.4617,-38.4866],[-69.4616,-38.4866],[-69.4616,-38.4866],[-69.4616,-38.4866],[-69.4616,-38.4866],[-69.4616,-38.4866],[-69.4616,-38.4866],[-69.4616,-38.4866],[-69.4616,-38.4866],[-69.4616,-38.4866],[-69.4616,-38.4866],[-69.4616,-38.4866],[-69.4616,-38.4866],[-69.4615,-38.4866],[-69.4615,-38.4866],[-69.4615,-38.4866],[-69.4615,-38.4866],[-69.4615,-38.4866],[-69.4615,-38.4866],[-69.4615,-38.4866],[-69.4615,-38.4866],[-69.4615,-38.4866],[-69.4615,-38.4866],[-69.4615,-38.4866],[-69.4614,-38.4866],[-69.4614,-38.4866],[-69.4614,-38.4866],[-69.4614,-38.4866],[-69.4614,-38.4866],[-69.4614,-38.4866],[-69.4614,-38.4866],[-69.4614,-38.4866],[-69.4614,-38.4866],[-69.4614,-38.4866],[-69.4614,-38.4866],[-69.4613,-38.4866],[-69.4613,-38.4866],[-69.4613,-38.4866],[-69.4613,-38.4866],[-69.4613,-38.4866],[-69.4613,-38.4866],[-69.4613,-38.4866],[-69.4613,-38.4866],[-69.4613,-38.4866],[-69.4613,-38.4866],[-69.4613,-38.4866],[-69.4612,-38.4866],[-69.4612,-38.4866],[-69.4612,-38.4866],[-69.4612,-38.4866],[-69.4612,-38.4866],[-69.4612,-38.4866],[-69.4612,-38.4866],[-69.4612,-38.4866],[-69.4612,-38.4866],[-69.4612,-38.4866],[-69.4612,-38.4866],[-69.4611,-38.4866],[-69.4611,-38.4866],[-69.4611,-38.4866],[-69.4611,-38.4866],[-69.4611,-38.4866],[-69.4611,-38.4866],[-69.4611,-38.4866],[-69.4611,-38.4866],[-69.4611,-38.4866],[-69.4611,-38.4866],[-69.4611,-38.4866],[-69.461,-38.4866],[-69.461,-38.4866],[-69.461,-38.4866],[-69.461,-38.4866],[-69.461,-38.4866],[-69.461,-38.4866],[-69.461,-38.4866],[-69.461,-38.4866],[-69.461,-38.4866],[-69.461,-38.4866],[-69.461,-38.4866],[-69.461,-38.4866],[-69.4609,-38.4866],[-69.4609,-38.4866],[-69.4609,-38.4866],[-69.4609,-38.4866],[-69.4609,-38.4866],[-69.4609,-38.4866],[-69.4609,-38.4866],[-69.4609,-38.4866],[-69.4609,-38.4866],[-69.4609,-38.4866],[-69.4609,-38.4866],[-69.4609,-38.4866],[-69.4608,-38.4866],[-69.4608,-38.4867],[-69.4608,-38.4867],[-69.4608,-38.4867],[-69.4608,-38.4867],[-69.4608,-38.4867],[-69.4608,-38.4867],[-69.4608,-38.4867],[-69.4608,-38.4867],[-69.4608,-38.4867],[-69.4608,-38.4867],[-69.4608,-38.4867],[-69.4607,-38.4867],[-69.4607,-38.4867],[-69.4607,-38.4867],[-69.4607,-38.4867],[-69.4607,-38.4867],[-69.4607,-38.4867],[-69.4607,-38.4867],[-69.4607,-38.4867],[-69.4607,-38.4867],[-69.4607,-38.4867],[-69.4607,-38.4867],[-69.4607,-38.4867],[-69.4607,-38.4867],[-69.4606,-38.4868],[-69.4606,-38.4868],[-69.4606,-38.4868],[-69.4606,-38.4868],[-69.4606,-38.4868],[-69.4606,-38.4868],[-69.4606,-38.4868],[-69.4606,-38.4868],[-69.4606,-38.4868],[-69.4606,-38.4868],[-69.4606,-38.4868],[-69.4606,-38.4868],[-69.4605,-38.4868],[-69.4605,-38.4868],[-69.4605,-38.4868],[-69.4605,-38.4868],[-69.4605,-38.4868],[-69.4605,-38.4868],[-69.4605,-38.4868],[-69.4605,-38.4868],[-69.4605,-38.4868],[-69.4605,-38.4868],[-69.4605,-38.4868],[-69.4605,-38.4868],[-69.4605,-38.4868],[-69.4604,-38.4869],[-69.4604,-38.4869],[-69.4604,-38.4869],[-69.4604,-38.4869],[-69.4604,-38.4869],[-69.4604,-38.4869],[-69.4604,-38.4869],[-69.4604,-38.4869],[-69.4604,-38.4869],[-69.4604,-38.4869],[-69.4604,-38.4869],[-69.4604,-38.4869],[-69.4604,-38.4869],[-69.4603,-38.4869],[-69.4603,-38.4869],[-69.4603,-38.4869],[-69.4603,-38.4869],[-69.4603,-38.4869],[-69.4603,-38.4869],[-69.4603,-38.4869],[-69.4603,-38.4869],[-69.4603,-38.4869],[-69.4603,-38.4869],[-69.4603,-38.4869],[-69.4603,-38.487],[-69.4602,-38.487],[-69.4602,-38.487],[-69.4602,-38.487],[-69.4602,-38.487],[-69.4602,-38.487],[-69.4602,-38.487],[-69.4602,-38.487],[-69.4602,-38.487],[-69.4602,-38.487],[-69.4602,-38.487],[-69.4602,-38.487],[-69.4602,-38.487],[-69.4602,-38.487],[-69.4601,-38.487],[-69.4601,-38.487],[-69.4601,-38.487],[-69.4601,-38.487],[-69.4601,-38.487],[-69.4601,-38.487],[-69.4601,-38.487],[-69.4601,-38.487],[-69.4601,-38.487],[-69.4601,-38.487],[-69.4601,-38.487],[-69.4601,-38.4871],[-69.46,-38.4871],[-69.46,-38.4871],[-69.46,-38.4871],[-69.46,-38.4871],[-69.46,-38.4871],[-69.46,-38.4871],[-69.46,-38.4871],[-69.46,-38.4871],[-69.46,-38.4871],[-69.46,-38.4871],[-69.46,-38.4871],[-69.46,-38.4871],[-69.46,-38.4871],[-69.4599,-38.4871],[-69.4599,-38.4871],[-69.4599,-38.4871],[-69.4599,-38.4871],[-69.4599,-38.4871],[-69.4599,-38.4871],[-69.4599,-38.4871],[-69.4599,-38.4871],[-69.4599,-38.4871],[-69.4599,-38.4872],[-69.4599,-38.4872],[-69.4599,-38.4872],[-69.4599,-38.4872],[-69.4598,-38.4872],[-69.4598,-38.4872],[-69.4598,-38.4872],[-69.4598,-38.4872],[-69.4598,-38.4872],[-69.4598,-38.4872],[-69.4598,-38.4872],[-69.4598,-38.4872],[-69.4598,-38.4872],[-69.4598,-38.4872],[-69.4598,-38.4872],[-69.4598,-38.4872],[-69.4598,-38.4872],[-69.4598,-38.4873],[-69.4598,-38.4873],[-69.4597,-38.4873],[-69.4597,-38.4873],[-69.4597,-38.4873],[-69.4597,-38.4873],[-69.4597,-38.4873],[-69.4597,-38.4873],[-69.4597,-38.4873],[-69.4597,-38.4873],[-69.4597,-38.4873],[-69.4597,-38.4873],[-69.4597,-38.4873],[-69.4597,-38.4873],[-69.4597,-38.4873],[-69.4597,-38.4873],[-69.4597,-38.4873],[-69.4596,-38.4874],[-69.4596,-38.4874],[-69.4596,-38.4874],[-69.4596,-38.4874],[-69.4596,-38.4874],[-69.4596,-38.4874],[-69.4596,-38.4874],[-69.4596,-38.4874],[-69.4596,-38.4874],[-69.4596,-38.4874],[-69.4596,-38.4874],[-69.4596,-38.4874],[-69.4596,-38.4874],[-69.4596,-38.4874],[-69.4596,-38.4874],[-69.4595,-38.4874],[-69.4595,-38.4874],[-69.4595,-38.4874],[-69.4595,-38.4875],[-69.4595,-38.4875],[-69.4595,-38.4875],[-69.4595,-38.4875],[-69.4595,-38.4875],[-69.4595,-38.4875],[-69.4595,-38.4875],[-69.4595,-38.4875],[-69.4595,-38.4875],[-69.4595,-38.4875],[-69.4595,-38.4875],[-69.4594,-38.4875],[-69.4594,-38.4875],[-69.4594,-38.4875],[-69.4594,-38.4875],[-69.4594,-38.4875],[-69.4594,-38.4875],[-69.4594,-38.4876],[-69.4594,-38.4876],[-69.4594,-38.4876],[-69.4594,-38.4876],[-69.4594,-38.4876],[-69.4594,-38.4876],[-69.4594,-38.4876],[-69.4594,-38.4876],[-69.4594,-38.4876],[-69.4593,-38.4876],[-69.4593,-38.4876],[-69.4593,-38.4876],[-69.4593,-38.4876],[-69.4593,-38.4876],[-69.4593,-38.4876],[-69.4593,-38.4876],[-69.4593,-38.4876],[-69.4593,-38.4877],[-69.4593,-38.4877],[-69.4593,-38.4877],[-69.4593,-38.4877],[-69.4593,-38.4877],[-69.4593,-38.4877],[-69.4593,-38.4877],[-69.4592,-38.4877],[-69.4592,-38.4877],[-69.4592,-38.4877],[-69.4592,-38.4877],[-69.4592,-38.4877],[-69.4592,-38.4877],[-69.4592,-38.4877],[-69.4592,-38.4877],[-69.4592,-38.4877],[-69.4592,-38.4877],[-69.4592,-38.4878],[-69.4592,-38.4878],[-69.4592,-38.4878],[-69.4592,-38.4878],[-69.4592,-38.4878],[-69.4591,-38.4878],[-69.4591,-38.4878],[-69.4591,-38.4878],[-69.4591,-38.4878],[-69.4591,-38.4878],[-69.4591,-38.4878],[-69.4591,-38.4878],[-69.4591,-38.4878],[-69.4591,-38.4878],[-69.4591,-38.4878],[-69.4591,-38.4878],[-69.4591,-38.4878],[-69.4591,-38.4879],[-69.4591,-38.4879],[-69.459,-38.4879],[-69.459,-38.4879],[-69.459,-38.4879],[-69.459,-38.4879],[-69.459,-38.4879],[-69.459,-38.4879],[-69.459,-38.4879],[-69.459,-38.4879],[-69.459,-38.4879],[-69.459,-38.4879],[-69.459,-38.4879],[-69.459,-38.4879],[-69.459,-38.4879],[-69.459,-38.4879],[-69.459,-38.4879],[-69.4589,-38.488],[-69.4589,-38.488],[-69.4589,-38.488],[-69.4589,-38.488],[-69.4589,-38.488],[-69.4589,-38.488],[-69.4589,-38.488],[-69.4589,-38.488],[-69.4589,-38.488],[-69.4589,-38.488],[-69.4589,-38.488],[-69.4589,-38.488],[-69.4589,-38.488],[-69.4589,-38.488],[-69.4588,-38.488],[-69.4588,-38.488],[-69.4588,-38.488],[-69.4588,-38.488],[-69.4588,-38.4881],[-69.4588,-38.4881],[-69.4588,-38.4881],[-69.4588,-38.4881],[-69.4588,-38.4881],[-69.4588,-38.4881],[-69.4588,-38.4881],[-69.4588,-38.4881],[-69.4588,-38.4881],[-69.4588,-38.4881],[-69.4588,-38.4881],[-69.4587,-38.4881],[-69.4587,-38.4881],[-69.4587,-38.4881],[-69.4587,-38.4881],[-69.4587,-38.4881],[-69.4587,-38.4881],[-69.4587,-38.4882],[-69.4587,-38.4882],[-69.4587,-38.4882],[-69.4587,-38.4882],[-69.4587,-38.4882],[-69.4587,-38.4882],[-69.4587,-38.4882],[-69.4587,-38.4882],[-69.4587,-38.4882],[-69.4586,-38.4882],[-69.4586,-38.4882],[-69.4586,-38.4882],[-69.4586,-38.4882],[-69.4586,-38.4882],[-69.4586,-38.4882],[-69.4586,-38.4882],[-69.4586,-38.4882],[-69.4586,-38.4883],[-69.4586,-38.4883],[-69.4586,-38.4883],[-69.4586,-38.4883],[-69.4586,-38.4883],[-69.4586,-38.4883],[-69.4585,-38.4883],[-69.4585,-38.4883],[-69.4585,-38.4883],[-69.4585,-38.4883],[-69.4585,-38.4883],[-69.4585,-38.4883],[-69.4585,-38.4883],[-69.4585,-38.4883],[-69.4585,-38.4883],[-69.4585,-38.4883],[-69.4585,-38.4883],[-69.4585,-38.4884],[-69.4585,-38.4884],[-69.4585,-38.4884],[-69.4585,-38.4884],[-69.4584,-38.4884],[-69.4584,-38.4884],[-69.4584,-38.4884],[-69.4584,-38.4884],[-69.4584,-38.4884],[-69.4584,-38.4884],[-69.4584,-38.4884],[-69.4584,-38.4884],[-69.4584,-38.4884],[-69.4584,-38.4884],[-69.4584,-38.4884],[-69.4584,-38.4884],[-69.4584,-38.4884],[-69.4584,-38.4884],[-69.4583,-38.4885],[-69.4583,-38.4885],[-69.4583,-38.4885],[-69.4583,-38.4885],[-69.4583,-38.4885],[-69.4583,-38.4885],[-69.4583,-38.4885],[-69.4583,-38.4885],[-69.4583,-38.4885],[-69.4583,-38.4885],[-69.4583,-38.4885],[-69.4583,-38.4885],[-69.4583,-38.4885],[-69.4583,-38.4885],[-69.4583,-38.4885],[-69.4583,-38.4885],[-69.4582,-38.4886],[-69.4582,-38.4886],[-69.4582,-38.4886],[-69.4582,-38.4886],[-69.4582,-38.4886],[-69.4582,-38.4886],[-69.4582,-38.4886],[-69.4582,-38.4886],[-69.4582,-38.4886],[-69.4582,-38.4886],[-69.4582,-38.4886],[-69.4582,-38.4886],[-69.4582,-38.4886],[-69.4582,-38.4887],[-69.4582,-38.4887],[-69.4582,-38.4887],[-69.4582,-38.4887],[-69.4582,-38.4887],[-69.4582,-38.4887],[-69.4582,-38.4887],[-69.4581,-38.4887],[-69.4581,-38.4887],[-69.4581,-38.4887],[-69.4581,-38.4887],[-69.4581,-38.4887],[-69.4581,-38.4887],[-69.4581,-38.4887],[-69.4581,-38.4888],[-69.4581,-38.4888],[-69.4581,-38.4888],[-69.4581,-38.4888],[-69.4581,-38.4888],[-69.4581,-38.4888],[-69.4581,-38.4888],[-69.4581,-38.4888],[-69.4581,-38.4888],[-69.4581,-38.4888],[-69.4581,-38.4888],[-69.4581,-38.4888],[-69.4581,-38.4888],[-69.458,-38.4889],[-69.458,-38.4889],[-69.458,-38.4889],[-69.458,-38.4889],[-69.458,-38.4889],[-69.458,-38.4889],[-69.458,-38.4889],[-69.458,-38.4889],[-69.458,-38.4889],[-69.458,-38.4889],[-69.458,-38.4889],[-69.458,-38.4889],[-69.458,-38.4889],[-69.458,-38.4889],[-69.458,-38.489],[-69.458,-38.489],[-69.458,-38.489],[-69.458,-38.489],[-69.458,-38.489],[-69.458,-38.489],[-69.4579,-38.489],[-69.4579,-38.489],[-69.4579,-38.489],[-69.4579,-38.489],[-69.4579,-38.489],[-69.4579,-38.489],[-69.4579,-38.489],[-69.4579,-38.4891],[-69.4579,-38.4891],[-69.4579,-38.4891],[-69.4579,-38.4891],[-69.4579,-38.4891],[-69.4579,-38.4891],[-69.4579,-38.4891],[-69.4579,-38.4891],[-69.4579,-38.4891],[-69.4579,-38.4891],[-69.4579,-38.4891],[-69.4579,-38.4891],[-69.4579,-38.4891],[-69.4579,-38.4892],[-69.4578,-38.4892],[-69.4578,-38.4892],[-69.4578,-38.4892],[-69.4578,-38.4892],[-69.4578,-38.4892],[-69.4578,-38.4892],[-69.4578,-38.4892],[-69.4578,-38.4892],[-69.4578,-38.4892],[-69.4578,-38.4892],[-69.4578,-38.4892],[-69.4578,-38.4892],[-69.4578,-38.4892],[-69.4578,-38.4893],[-69.4578,-38.4893],[-69.4578,-38.4893],[-69.4578,-38.4893],[-69.4578,-38.4893],[-69.4578,-38.4893],[-69.4578,-38.4893],[-69.4577,-38.4893],[-69.4577,-38.4893],[-69.4577,-38.4893],[-69.4577,-38.4893],[-69.4577,-38.4893],[-69.4577,-38.4893],[-69.4577,-38.4893],[-69.4577,-38.4893],[-69.4577,-38.4893],[-69.4577,-38.4893],[-69.4577,-38.4893],[-69.4577,-38.4893],[-69.4577,-38.4894],[-69.4576,-38.4894],[-69.4576,-38.4894],[-69.4576,-38.4894],[-69.4576,-38.4894],[-69.4576,-38.4894],[-69.4576,-38.4894],[-69.4576,-38.4894],[-69.4576,-38.4894],[-69.4576,-38.4894],[-69.4576,-38.4894],[-69.4576,-38.4894],[-69.4576,-38.4894],[-69.4575,-38.4894],[-69.4575,-38.4894],[-69.4575,-38.4894],[-69.4575,-38.4894],[-69.4575,-38.4894],[-69.4575,-38.4894],[-69.4575,-38.4894],[-69.4575,-38.4894],[-69.4575,-38.4894],[-69.4575,-38.4894],[-69.4575,-38.4894],[-69.4574,-38.4894],[-69.4574,-38.4894],[-69.4574,-38.4894],[-69.4574,-38.4894],[-69.4574,-38.4894],[-69.4574,-38.4894],[-69.4574,-38.4894],[-69.4574,-38.4894],[-69.4574,-38.4894],[-69.4574,-38.4894],[-69.4574,-38.4894],[-69.4573,-38.4894],[-69.4573,-38.4894],[-69.4573,-38.4894],[-69.4573,-38.4894],[-69.4573,-38.4894],[-69.4573,-38.4894],[-69.4573,-38.4894],[-69.4573,-38.4894],[-69.4573,-38.4894],[-69.4573,-38.4894],[-69.4573,-38.4894],[-69.4573,-38.4894],[-69.4572,-38.4894],[-69.4572,-38.4894],[-69.4572,-38.4894],[-69.4572,-38.4894],[-69.4572,-38.4894],[-69.4572,-38.4894],[-69.4572,-38.4895],[-69.4572,-38.4895],[-69.4572,-38.4895],[-69.4572,-38.4895],[-69.4572,-38.4895],[-69.4571,-38.4895],[-69.4571,-38.4895],[-69.4571,-38.4895],[-69.4571,-38.4895],[-69.4571,-38.4895],[-69.4571,-38.4895],[-69.4571,-38.4895],[-69.4571,-38.4895],[-69.4571,-38.4895],[-69.4571,-38.4895],[-69.4571,-38.4895],[-69.4571,-38.4895],[-69.457,-38.4895],[-69.457,-38.4895],[-69.457,-38.4895],[-69.457,-38.4895],[-69.457,-38.4895],[-69.457,-38.4895],[-69.457,-38.4895],[-69.457,-38.4895],[-69.457,-38.4895],[-69.457,-38.4895],[-69.457,-38.4895],[-69.4569,-38.4895],[-69.4569,-38.4895],[-69.4569,-38.4895],[-69.4569,-38.4895],[-69.4569,-38.4895],[-69.4569,-38.4895],[-69.4569,-38.4895],[-69.4569,-38.4895],[-69.4569,-38.4895],[-69.4569,-38.4895],[-69.4569,-38.4895],[-69.4568,-38.4895],[-69.4568,-38.4895],[-69.4568,-38.4895],[-69.4568,-38.4895],[-69.4568,-38.4895],[-69.4568,-38.4895],[-69.4568,-38.4895],[-69.4568,-38.4895],[-69.4568,-38.4895],[-69.4568,-38.4895],[-69.4568,-38.4895],[-69.4568,-38.4895],[-69.4567,-38.4895],[-69.4567,-38.4895],[-69.4567,-38.4895],[-69.4567,-38.4896],[-69.4567,-38.4896],[-69.4567,-38.4896],[-69.4567,-38.4896],[-69.4567,-38.4896],[-69.4567,-38.4896],[-69.4567,-38.4896],[-69.4567,-38.4896],[-69.4566,-38.4896],[-69.4566,-38.4896],[-69.4566,-38.4896],[-69.4566,-38.4896],[-69.4566,-38.4896],[-69.4566,-38.4896],[-69.4566,-38.4896],[-69.4566,-38.4896],[-69.4566,-38.4896],[-69.4566,-38.4896],[-69.4566,-38.4896],[-69.4566,-38.4896],[-69.4565,-38.4896],[-69.4565,-38.4896],[-69.4565,-38.4896],[-69.4565,-38.4896],[-69.4565,-38.4896],[-69.4565,-38.4896],[-69.4565,-38.4896],[-69.4565,-38.4896],[-69.4565,-38.4896],[-69.4565,-38.4896],[-69.4565,-38.4896],[-69.4565,-38.4896],[-69.4564,-38.4896],[-69.4564,-38.4896],[-69.4564,-38.4896],[-69.4564,-38.4896],[-69.4564,-38.4896],[-69.4564,-38.4896],[-69.4564,-38.4897],[-69.4564,-38.4897],[-69.4564,-38.4897],[-69.4564,-38.4897],[-69.4564,-38.4897],[-69.4564,-38.4897],[-69.4563,-38.4897],[-69.4563,-38.4897],[-69.4563,-38.4897],[-69.4563,-38.4897],[-69.4563,-38.4897],[-69.4563,-38.4897],[-69.4563,-38.4897],[-69.4563,-38.4897],[-69.4563,-38.4897],[-69.4563,-38.4897],[-69.4563,-38.4897],[-69.4563,-38.4897],[-69.4562,-38.4897],[-69.4562,-38.4897],[-69.4562,-38.4897],[-69.4562,-38.4897],[-69.4562,-38.4897],[-69.4562,-38.4897],[-69.4562,-38.4897],[-69.4562,-38.4897],[-69.4562,-38.4897],[-69.4562,-38.4897],[-69.4562,-38.4897],[-69.4562,-38.4897],[-69.4561,-38.4898],[-69.4561,-38.4898],[-69.4561,-38.4898],[-69.4561,-38.4898],[-69.4561,-38.4898],[-69.4561,-38.4898],[-69.4561,-38.4898],[-69.4561,-38.4898],[-69.4561,-38.4898],[-69.4561,-38.4898],[-69.4561,-38.4898],[-69.4561,-38.4898],[-69.456,-38.4898],[-69.456,-38.4898],[-69.456,-38.4898],[-69.456,-38.4898],[-69.456,-38.4898],[-69.456,-38.4898],[-69.456,-38.4898],[-69.456,-38.4898],[-69.456,-38.4898],[-69.456,-38.4898],[-69.456,-38.4898],[-69.456,-38.4898],[-69.4559,-38.4898],[-69.4559,-38.4898],[-69.4559,-38.4898],[-69.4559,-38.4898],[-69.4559,-38.4898],[-69.4559,-38.4898],[-69.4559,-38.4898],[-69.4559,-38.4899],[-69.4559,-38.4899],[-69.4559,-38.4899],[-69.4559,-38.4899],[-69.4559,-38.4899],[-69.4559,-38.4899],[-69.4558,-38.4899],[-69.4558,-38.4899],[-69.4558,-38.4899],[-69.4558,-38.4899],[-69.4558,-38.4899],[-69.4558,-38.4899],[-69.4558,-38.4899],[-69.4558,-38.4899],[-69.4558,-38.4899],[-69.4558,-38.4899],[-69.4558,-38.4899],[-69.4558,-38.4899],[-69.4557,-38.4899],[-69.4557,-38.4899],[-69.4557,-38.4899],[-69.4557,-38.4899],[-69.4557,-38.4899],[-69.4557,-38.4899],[-69.4557,-38.4899],[-69.4557,-38.4899],[-69.4557,-38.4899],[-69.4557,-38.4899],[-69.4557,-38.4899],[-69.4557,-38.49],[-69.4556,-38.49],[-69.4556,-38.49],[-69.4556,-38.49],[-69.4556,-38.49],[-69.4556,-38.49],[-69.4556,-38.49],[-69.4556,-38.49],[-69.4556,-38.49],[-69.4556,-38.49],[-69.4556,-38.49],[-69.4556,-38.49],[-69.4556,-38.49],[-69.4556,-38.49],[-69.4555,-38.49],[-69.4555,-38.49],[-69.4555,-38.49],[-69.4555,-38.49],[-69.4555,-38.49],[-69.4555,-38.49],[-69.4555,-38.49],[-69.4555,-38.49],[-69.4555,-38.49],[-69.4555,-38.49],[-69.4555,-38.49],[-69.4555,-38.4901],[-69.4554,-38.4901],[-69.4554,-38.4901],[-69.4554,-38.4901],[-69.4554,-38.4901],[-69.4554,-38.4901],[-69.4554,-38.4901],[-69.4554,-38.4901],[-69.4554,-38.4901],[-69.4554,-38.4901],[-69.4554,-38.4901],[-69.4554,-38.4901],[-69.4554,-38.4901],[-69.4554,-38.4901],[-69.4553,-38.4901],[-69.4553,-38.4901],[-69.4553,-38.4901],[-69.4553,-38.4901],[-69.4553,-38.4901],[-69.4553,-38.4901],[-69.4553,-38.4901],[-69.4553,-38.4901],[-69.4553,-38.4901],[-69.4553,-38.4901],[-69.4553,-38.4901],[-69.4553,-38.4901],[-69.4552,-38.4902],[-69.4552,-38.4902],[-69.4552,-38.4902],[-69.4552,-38.4902],[-69.4552,-38.4902],[-69.4552,-38.4902],[-69.4552,-38.4902],[-69.4552,-38.4902],[-69.4552,-38.4902],[-69.4552,-38.4902],[-69.4552,-38.4902],[-69.4552,-38.4902],[-69.4552,-38.4902],[-69.4551,-38.4902],[-69.4551,-38.4902],[-69.4551,-38.4902],[-69.4551,-38.4902],[-69.4551,-38.4902],[-69.4551,-38.4902],[-69.4551,-38.4902],[-69.4551,-38.4902],[-69.4551,-38.4902],[-69.4551,-38.4902],[-69.4551,-38.4902],[-69.4551,-38.4902],[-69.455,-38.4903],[-69.455,-38.4903],[-69.455,-38.4903],[-69.455,-38.4903],[-69.455,-38.4903],[-69.455,-38.4903],[-69.455,-38.4903],[-69.455,-38.4903],[-69.455,-38.4903],[-69.455,-38.4903],[-69.455,-38.4903],[-69.455,-38.4903],[-69.4549,-38.4903],[-69.4549,-38.4903],[-69.4549,-38.4903],[-69.4549,-38.4903],[-69.4549,-38.4903],[-69.4549,-38.4903],[-69.4549,-38.4903],[-69.4549,-38.4903],[-69.4549,-38.4903],[-69.4549,-38.4903],[-69.4549,-38.4903],[-69.4549,-38.4903],[-69.4549,-38.4903],[-69.4548,-38.4904],[-69.4548,-38.4904],[-69.4548,-38.4904],[-69.4548,-38.4904],[-69.4548,-38.4904],[-69.4548,-38.4904],[-69.4548,-38.4904],[-69.4548,-38.4904],[-69.4548,-38.4904],[-69.4548,-38.4904],[-69.4548,-38.4904],[-69.4548,-38.4904],[-69.4548,-38.4904],[-69.4547,-38.4904],[-69.4547,-38.4904],[-69.4547,-38.4904],[-69.4547,-38.4904],[-69.4547,-38.4904],[-69.4547,-38.4904],[-69.4547,-38.4904],[-69.4547,-38.4904],[-69.4547,-38.4904],[-69.4547,-38.4904],[-69.4547,-38.4905],[-69.4547,-38.4905],[-69.4547,-38.4905],[-69.4546,-38.4905],[-69.4546,-38.4905],[-69.4546,-38.4905],[-69.4546,-38.4905],[-69.4546,-38.4905],[-69.4546,-38.4905],[-69.4546,-38.4905],[-69.4546,-38.4905],[-69.4546,-38.4905],[-69.4546,-38.4905],[-69.4546,-38.4905],[-69.4546,-38.4905],[-69.4545,-38.4905],[-69.4545,-38.4905],[-69.4545,-38.4905],[-69.4545,-38.4905],[-69.4545,-38.4905],[-69.4545,-38.4905],[-69.4545,-38.4905],[-69.4545,-38.4905],[-69.4545,-38.4906],[-69.4545,-38.4906],[-69.4545,-38.4906],[-69.4545,-38.4906],[-69.4545,-38.4906],[-69.4544,-38.4906],[-69.4544,-38.4906],[-69.4544,-38.4906],[-69.4544,-38.4906],[-69.4544,-38.4906],[-69.4544,-38.4906],[-69.4544,-38.4906],[-69.4544,-38.4906],[-69.4544,-38.4906],[-69.4544,-38.4906],[-69.4544,-38.4906],[-69.4544,-38.4906],[-69.4544,-38.4906],[-69.4543,-38.4906],[-69.4543,-38.4906],[-69.4543,-38.4906],[-69.4543,-38.4906],[-69.4543,-38.4906],[-69.4543,-38.4907],[-69.4543,-38.4907],[-69.4543,-38.4907],[-69.4543,-38.4907],[-69.4543,-38.4907],[-69.4543,-38.4907],[-69.4543,-38.4907],[-69.4543,-38.4907],[-69.4542,-38.4907],[-69.4542,-38.4907],[-69.4542,-38.4907],[-69.4542,-38.4907],[-69.4542,-38.4907],[-69.4542,-38.4907],[-69.4542,-38.4907],[-69.4542,-38.4907],[-69.4542,-38.4907],[-69.4542,-38.4907],[-69.4542,-38.4907],[-69.4542,-38.4907],[-69.4541,-38.4907],[-69.4541,-38.4907],[-69.4541,-38.4907],[-69.4541,-38.4907],[-69.4541,-38.4908],[-69.4541,-38.4908],[-69.4541,-38.4908],[-69.4541,-38.4908],[-69.4541,-38.4908],[-69.4541,-38.4908],[-69.4541,-38.4908],[-69.4541,-38.4908],[-69.4541,-38.4908],[-69.454,-38.4908],[-69.454,-38.4908],[-69.454,-38.4908],[-69.454,-38.4908],[-69.454,-38.4908],[-69.454,-38.4908],[-69.454,-38.4908],[-69.454,-38.4908],[-69.454,-38.4908],[-69.454,-38.4908],[-69.454,-38.4908],[-69.454,-38.4908],[-69.4539,-38.4908],[-69.4539,-38.4908],[-69.4539,-38.4908],[-69.4539,-38.4908],[-69.4539,-38.4908],[-69.4539,-38.4909],[-69.4539,-38.4909],[-69.4539,-38.4909],[-69.4539,-38.4909],[-69.4539,-38.4909],[-69.4539,-38.4909],[-69.4539,-38.4909],[-69.4538,-38.4909],[-69.4538,-38.4909],[-69.4538,-38.4909],[-69.4538,-38.4909],[-69.4538,-38.4909],[-69.4538,-38.4909],[-69.4538,-38.4909],[-69.4538,-38.4909],[-69.4538,-38.4909],[-69.4538,-38.4909],[-69.4538,-38.4909],[-69.4538,-38.4909],[-69.4537,-38.4909],[-69.4537,-38.4909],[-69.4537,-38.4909],[-69.4537,-38.4909],[-69.4537,-38.4909],[-69.4537,-38.4909],[-69.4537,-38.4909],[-69.4537,-38.4909],[-69.4537,-38.491],[-69.4537,-38.491],[-69.4537,-38.491],[-69.4537,-38.491],[-69.4537,-38.491],[-69.4536,-38.491],[-69.4536,-38.491],[-69.4536,-38.491],[-69.4536,-38.491],[-69.4536,-38.491],[-69.4536,-38.491],[-69.4536,-38.491],[-69.4536,-38.491],[-69.4536,-38.491],[-69.4536,-38.491],[-69.4536,-38.491],[-69.4536,-38.491],[-69.4535,-38.491],[-69.4535,-38.491],[-69.4535,-38.491],[-69.4535,-38.491],[-69.4535,-38.491],[-69.4535,-38.491],[-69.4535,-38.491],[-69.4535,-38.491],[-69.4535,-38.491],[-69.4535,-38.4911],[-69.4535,-38.4911],[-69.4535,-38.4911],[-69.4534,-38.4911],[-69.4534,-38.4911],[-69.4534,-38.4911],[-69.4534,-38.4911],[-69.4534,-38.4911],[-69.4534,-38.4911],[-69.4534,-38.4911],[-69.4534,-38.4911],[-69.4534,-38.4911],[-69.4534,-38.4911],[-69.4534,-38.4911],[-69.4534,-38.4911],[-69.4534,-38.4911],[-69.4534,-38.4911],[-69.4534,-38.4911],[-69.4533,-38.4912],[-69.4533,-38.4912],[-69.4533,-38.4912],[-69.4533,-38.4912],[-69.4533,-38.4912],[-69.4533,-38.4912],[-69.4533,-38.4912],[-69.4533,-38.4912],[-69.4533,-38.4912],[-69.4533,-38.4912],[-69.4533,-38.4912],[-69.4533,-38.4912],[-69.4533,-38.4912],[-69.4533,-38.4912],[-69.4533,-38.4912],[-69.4533,-38.4912],[-69.4532,-38.4913],[-69.4532,-38.4913],[-69.4532,-38.4913],[-69.4532,-38.4913],[-69.4532,-38.4913],[-69.4532,-38.4913],[-69.4532,-38.4913],[-69.4532,-38.4913],[-69.4532,-38.4913],[-69.4532,-38.4913],[-69.4532,-38.4913],[-69.4532,-38.4913],[-69.4532,-38.4913],[-69.4532,-38.4913],[-69.4531,-38.4913],[-69.4531,-38.4913],[-69.4531,-38.4913],[-69.4531,-38.4913],[-69.4531,-38.4913],[-69.4531,-38.4914],[-69.4531,-38.4914],[-69.4531,-38.4914],[-69.4531,-38.4914],[-69.4531,-38.4914],[-69.4531,-38.4914],[-69.4531,-38.4914],[-69.4531,-38.4914],[-69.453,-38.4914],[-69.453,-38.4914],[-69.453,-38.4914],[-69.453,-38.4914],[-69.453,-38.4914],[-69.453,-38.4914],[-69.453,-38.4914],[-69.453,-38.4914],[-69.453,-38.4914],[-69.453,-38.4914],[-69.453,-38.4914],[-69.453,-38.4914],[-69.453,-38.4914],[-69.4529,-38.4914],[-69.4529,-38.4914],[-69.4529,-38.4914],[-69.4529,-38.4915],[-69.4529,-38.4915],[-69.4529,-38.4915],[-69.4529,-38.4915],[-69.4529,-38.4915],[-69.4529,-38.4915],[-69.4529,-38.4915],[-69.4529,-38.4915],[-69.4529,-38.4915],[-69.4528,-38.4915],[-69.4528,-38.4915],[-69.4528,-38.4915],[-69.4528,-38.4915],[-69.4528,-38.4915],[-69.4528,-38.4915],[-69.4528,-38.4915],[-69.4528,-38.4915],[-69.4528,-38.4915],[-69.4528,-38.4915],[-69.4528,-38.4915],[-69.4528,-38.4915],[-69.4528,-38.4915],[-69.4527,-38.4915],[-69.4527,-38.4915],[-69.4527,-38.4916],[-69.4527,-38.4916],[-69.4527,-38.4916],[-69.4527,-38.4916],[-69.4527,-38.4916],[-69.4527,-38.4916],[-69.4527,-38.4916],[-69.4527,-38.4916],[-69.4527,-38.4916],[-69.4527,-38.4916],[-69.4527,-38.4916],[-69.4526,-38.4916],[-69.4526,-38.4916],[-69.4526,-38.4916],[-69.4526,-38.4916],[-69.4526,-38.4916],[-69.4526,-38.4916],[-69.4526,-38.4916],[-69.4526,-38.4916],[-69.4526,-38.4916],[-69.4526,-38.4916],[-69.4526,-38.4916],[-69.4526,-38.4916],[-69.4526,-38.4916],[-69.4525,-38.4917],[-69.4525,-38.4917],[-69.4525,-38.4917],[-69.4525,-38.4917],[-69.4525,-38.4917],[-69.4525,-38.4917],[-69.4525,-38.4917],[-69.4525,-38.4917],[-69.4525,-38.4917],[-69.4525,-38.4917],[-69.4525,-38.4917],[-69.4525,-38.4917],[-69.4525,-38.4917],[-69.4524,-38.4917],[-69.4524,-38.4917],[-69.4524,-38.4917],[-69.4524,-38.4917],[-69.4524,-38.4917],[-69.4524,-38.4918],[-69.4524,-38.4918],[-69.4524,-38.4918],[-69.4524,-38.4918],[-69.4524,-38.4918],[-69.4524,-38.4918],[-69.4524,-38.4918],[-69.4524,-38.4918],[-69.4524,-38.4918],[-69.4524,-38.4918],[-69.4524,-38.4918],[-69.4524,-38.4918],[-69.4524,-38.4918],[-69.4523,-38.4918],[-69.4523,-38.4918],[-69.4523,-38.4919],[-69.4523,-38.4919],[-69.4523,-38.4919],[-69.4523,-38.4919],[-69.4523,-38.4919],[-69.4523,-38.4919],[-69.4523,-38.4919],[-69.4523,-38.4919],[-69.4523,-38.4919],[-69.4523,-38.4919],[-69.4523,-38.4919],[-69.4523,-38.4919],[-69.4523,-38.4919],[-69.4523,-38.4919],[-69.4523,-38.492],[-69.4523,-38.492],[-69.4522,-38.492],[-69.4522,-38.492],[-69.4522,-38.492],[-69.4522,-38.492],[-69.4522,-38.492],[-69.4522,-38.492],[-69.4522,-38.492],[-69.4522,-38.492],[-69.4522,-38.492],[-69.4522,-38.492],[-69.4522,-38.492],[-69.4522,-38.492],[-69.4522,-38.4921],[-69.4522,-38.4921],[-69.4522,-38.4921],[-69.4522,-38.4921],[-69.4522,-38.4921],[-69.4522,-38.4921],[-69.4521,-38.4921],[-69.4521,-38.4921],[-69.4521,-38.4921],[-69.4521,-38.4921],[-69.4521,-38.4921],[-69.4521,-38.4921],[-69.4521,-38.4921],[-69.4521,-38.4921],[-69.4521,-38.4922],[-69.4521,-38.4922],[-69.4521,-38.4922],[-69.4521,-38.4922],[-69.4521,-38.4922],[-69.4521,-38.4922],[-69.4521,-38.4922],[-69.4521,-38.4922],[-69.4521,-38.4922],[-69.4521,-38.4922],[-69.452,-38.4922],[-69.452,-38.4922],[-69.452,-38.4922],[-69.452,-38.4922],[-69.452,-38.4922],[-69.452,-38.4923],[-69.452,-38.4923],[-69.452,-38.4923],[-69.452,-38.4923],[-69.452,-38.4923],[-69.452,-38.4923],[-69.452,-38.4923],[-69.452,-38.4923],[-69.452,-38.4923],[-69.452,-38.4923],[-69.452,-38.4923],[-69.452,-38.4923],[-69.452,-38.4923],[-69.4519,-38.4923],[-69.4519,-38.4924],[-69.4519,-38.4924],[-69.4519,-38.4924],[-69.4519,-38.4924],[-69.4519,-38.4924],[-69.4519,-38.4924],[-69.4519,-38.4924],[-69.4519,-38.4924],[-69.4519,-38.4924],[-69.4519,-38.4924],[-69.4519,-38.4924],[-69.4519,-38.4924],[-69.4519,-38.4924],[-69.4519,-38.4924],[-69.4519,-38.4924],[-69.4519,-38.4925],[-69.4519,-38.4925],[-69.4518,-38.4925],[-69.4518,-38.4925],[-69.4518,-38.4925],[-69.4518,-38.4925],[-69.4518,-38.4925],[-69.4518,-38.4925],[-69.4518,-38.4925],[-69.4518,-38.4925],[-69.4518,-38.4925],[-69.4518,-38.4925],[-69.4518,-38.4925],[-69.4518,-38.4925],[-69.4518,-38.4926],[-69.4518,-38.4926],[-69.4518,-38.4926],[-69.4518,-38.4926],[-69.4518,-38.4926],[-69.4518,-38.4926],[-69.4517,-38.4926],[-69.4517,-38.4926],[-69.4517,-38.4926],[-69.4517,-38.4926],[-69.4517,-38.4926],[-69.4517,-38.4926],[-69.4517,-38.4926],[-69.4517,-38.4926],[-69.4517,-38.4927],[-69.4517,-38.4927],[-69.4517,-38.4927],[-69.4517,-38.4927],[-69.4517,-38.4927],[-69.4517,-38.4927],[-69.4517,-38.4927],[-69.4517,-38.4927],[-69.4517,-38.4927],[-69.4516,-38.4927],[-69.4516,-38.4927],[-69.4516,-38.4927],[-69.4516,-38.4927],[-69.4516,-38.4927],[-69.4516,-38.4927],[-69.4516,-38.4928],[-69.4516,-38.4928],[-69.4516,-38.4928],[-69.4516,-38.4928],[-69.4516,-38.4928],[-69.4516,-38.4928],[-69.4516,-38.4928],[-69.4516,-38.4928],[-69.4516,-38.4928],[-69.4515,-38.4928],[-69.4515,-38.4928],[-69.4515,-38.4928],[-69.4515,-38.4928],[-69.4515,-38.4928],[-69.4515,-38.4928],[-69.4515,-38.4928],[-69.4515,-38.4928],[-69.4515,-38.4928],[-69.4515,-38.4928],[-69.4515,-38.4928],[-69.4515,-38.4928],[-69.4515,-38.4929],[-69.4514,-38.4929],[-69.4514,-38.4929],[-69.4514,-38.4929],[-69.4514,-38.4929],[-69.4514,-38.4929],[-69.4514,-38.4929],[-69.4514,-38.4929],[-69.4514,-38.4929],[-69.4514,-38.4929],[-69.4514,-38.4929],[-69.4514,-38.4929],[-69.4514,-38.4929],[-69.4514,-38.4929],[-69.4513,-38.4929],[-69.4513,-38.4929],[-69.4513,-38.4929],[-69.4513,-38.4929],[-69.4513,-38.4929],[-69.4513,-38.4929],[-69.4513,-38.4929],[-69.4513,-38.493],[-69.4513,-38.493],[-69.4513,-38.493],[-69.4513,-38.493],[-69.4513,-38.493],[-69.4513,-38.493],[-69.4512,-38.493],[-69.4512,-38.493],[-69.4512,-38.493],[-69.4512,-38.493],[-69.4512,-38.493],[-69.4512,-38.493],[-69.4512,-38.493],[-69.4512,-38.493],[-69.4512,-38.493],[-69.4512,-38.493],[-69.4512,-38.493],[-69.4512,-38.493],[-69.4512,-38.493],[-69.4511,-38.493],[-69.4511,-38.493],[-69.4511,-38.4931],[-69.4511,-38.4931],[-69.4511,-38.4931],[-69.4511,-38.4931],[-69.4511,-38.4931],[-69.4511,-38.4931],[-69.4511,-38.4931],[-69.4511,-38.4931],[-69.4511,-38.4931],[-69.4511,-38.4931],[-69.4511,-38.4931],[-69.4511,-38.4931],[-69.451,-38.4931],[-69.451,-38.4931],[-69.451,-38.4931],[-69.451,-38.4931],[-69.451,-38.4931],[-69.451,-38.4931],[-69.451,-38.4931],[-69.451,-38.4931],[-69.451,-38.4932],[-69.451,-38.4932],[-69.451,-38.4932],[-69.451,-38.4932],[-69.451,-38.4932],[-69.4509,-38.4932],[-69.4509,-38.4932],[-69.4509,-38.4932],[-69.4509,-38.4932],[-69.4509,-38.4932],[-69.4509,-38.4932],[-69.4509,-38.4932],[-69.4509,-38.4932],[-69.4509,-38.4932],[-69.4509,-38.4932],[-69.4509,-38.4932],[-69.4509,-38.4932],[-69.4509,-38.4932],[-69.4509,-38.4932],[-69.4508,-38.4933],[-69.4508,-38.4933],[-69.4508,-38.4933],[-69.4508,-38.4933],[-69.4508,-38.4933],[-69.4508,-38.4933],[-69.4508,-38.4933],[-69.4508,-38.4933],[-69.4508,-38.4933],[-69.4508,-38.4933],[-69.4508,-38.4933],[-69.4508,-38.4933],[-69.4508,-38.4933],[-69.4508,-38.4933],[-69.4507,-38.4933],[-69.4507,-38.4933],[-69.4507,-38.4933],[-69.4507,-38.4933],[-69.4507,-38.4933],[-69.4507,-38.4934],[-69.4507,-38.4934],[-69.4507,-38.4934],[-69.4507,-38.4934],[-69.4507,-38.4934],[-69.4507,-38.4934],[-69.4507,-38.4934],[-69.4507,-38.4934],[-69.4507,-38.4934],[-69.4506,-38.4934],[-69.4506,-38.4934],[-69.4506,-38.4934],[-69.4506,-38.4934],[-69.4506,-38.4934],[-69.4506,-38.4934],[-69.4506,-38.4934],[-69.4506,-38.4934],[-69.4506,-38.4934],[-69.4506,-38.4934],[-69.4506,-38.4935],[-69.4506,-38.4935],[-69.4506,-38.4935],[-69.4506,-38.4935],[-69.4505,-38.4935],[-69.4505,-38.4935],[-69.4505,-38.4935],[-69.4505,-38.4935],[-69.4505,-38.4935],[-69.4505,-38.4935],[-69.4505,-38.4935],[-69.4505,-38.4935],[-69.4505,-38.4935],[-69.4505,-38.4935],[-69.4505,-38.4935],[-69.4505,-38.4935],[-69.4505,-38.4935],[-69.4505,-38.4935],[-69.4504,-38.4935],[-69.4504,-38.4936],[-69.4504,-38.4936],[-69.4504,-38.4936],[-69.4504,-38.4936],[-69.4504,-38.4936],[-69.4504,-38.4936],[-69.4504,-38.4936],[-69.4504,-38.4936],[-69.4504,-38.4936],[-69.4504,-38.4936],[-69.4504,-38.4936],[-69.4504,-38.4936],[-69.4503,-38.4936],[-69.4503,-38.4936],[-69.4503,-38.4936],[-69.4503,-38.4936],[-69.4503,-38.4936],[-69.4503,-38.4936],[-69.4503,-38.4936],[-69.4503,-38.4937],[-69.4503,-38.4937],[-69.4503,-38.4937],[-69.4503,-38.4937],[-69.4503,-38.4937],[-69.4503,-38.4937],[-69.4503,-38.4937],[-69.4502,-38.4937],[-69.4502,-38.4937],[-69.4502,-38.4937],[-69.4502,-38.4937],[-69.4502,-38.4937],[-69.4502,-38.4937],[-69.4502,-38.4937],[-69.4502,-38.4937],[-69.4502,-38.4937],[-69.4502,-38.4937],[-69.4502,-38.4937],[-69.4502,-38.4937],[-69.4502,-38.4937],[-69.4501,-38.4937],[-69.4501,-38.4937],[-69.4501,-38.4938],[-69.4501,-38.4938],[-69.4501,-38.4938],[-69.4501,-38.4938],[-69.4501,-38.4938],[-69.4501,-38.4938],[-69.4501,-38.4938],[-69.4501,-38.4938],[-69.4501,-38.4938],[-69.4501,-38.4938],[-69.4501,-38.4938],[-69.45,-38.4938],[-69.45,-38.4938],[-69.45,-38.4938],[-69.45,-38.4938],[-69.45,-38.4938],[-69.45,-38.4938],[-69.45,-38.4938],[-69.45,-38.4938],[-69.45,-38.4938],[-69.45,-38.4938],[-69.45,-38.4938],[-69.45,-38.4939],[-69.4499,-38.4939],[-69.4499,-38.4939],[-69.4499,-38.4939],[-69.4499,-38.4939],[-69.4499,-38.4939],[-69.4499,-38.4939],[-69.4499,-38.4939],[-69.4499,-38.4939],[-69.4499,-38.4939],[-69.4499,-38.4939],[-69.4499,-38.4939],[-69.4499,-38.4939],[-69.4499,-38.4939],[-69.4498,-38.4939],[-69.4498,-38.4939],[-69.4498,-38.4939],[-69.4498,-38.4939],[-69.4498,-38.4939],[-69.4498,-38.4939],[-69.4498,-38.4939],[-69.4498,-38.4939],[-69.4498,-38.4939],[-69.4498,-38.494],[-69.4498,-38.494],[-69.4498,-38.494],[-69.4498,-38.494],[-69.4497,-38.494],[-69.4497,-38.494],[-69.4497,-38.494],[-69.4497,-38.494],[-69.4497,-38.494],[-69.4497,-38.494],[-69.4497,-38.494],[-69.4497,-38.494],[-69.4497,-38.494],[-69.4497,-38.494],[-69.4497,-38.494],[-69.4497,-38.494],[-69.4497,-38.494],[-69.4496,-38.494],[-69.4496,-38.494],[-69.4496,-38.494],[-69.4496,-38.494],[-69.4496,-38.494],[-69.4496,-38.4941],[-69.4496,-38.4941],[-69.4496,-38.4941],[-69.4496,-38.4941],[-69.4496,-38.4941],[-69.4496,-38.4941],[-69.4496,-38.4941],[-69.4496,-38.4941],[-69.4495,-38.4941],[-69.4495,-38.4941],[-69.4495,-38.4941],[-69.4495,-38.4941],[-69.4495,-38.4941],[-69.4495,-38.4941],[-69.4495,-38.4941],[-69.4495,-38.4941],[-69.4495,-38.4941],[-69.4495,-38.4941],[-69.4495,-38.4941],[-69.4495,-38.4941],[-69.4495,-38.4942],[-69.4495,-38.4942],[-69.4494,-38.4942],[-69.4494,-38.4942],[-69.4494,-38.4942],[-69.4494,-38.4942],[-69.4494,-38.4942],[-69.4494,-38.4942],[-69.4494,-38.4942],[-69.4494,-38.4942],[-69.4494,-38.4942],[-69.4494,-38.4942],[-69.4494,-38.4942],[-69.4494,-38.4942],[-69.4494,-38.4942],[-69.4493,-38.4942],[-69.4493,-38.4942],[-69.4493,-38.4942],[-69.4493,-38.4942],[-69.4493,-38.4942],[-69.4493,-38.4943],[-69.4493,-38.4943],[-69.4493,-38.4943],[-69.4493,-38.4943],[-69.4493,-38.4943],[-69.4493,-38.4943],[-69.4493,-38.4943],[-69.4493,-38.4943],[-69.4492,-38.4943],[-69.4492,-38.4943],[-69.4492,-38.4943],[-69.4492,-38.4943],[-69.4492,-38.4943],[-69.4492,-38.4943],[-69.4492,-38.4943],[-69.4492,-38.4943],[-69.4492,-38.4943],[-69.4492,-38.4943],[-69.4492,-38.4943],[-69.4492,-38.4943],[-69.4492,-38.4944],[-69.4492,-38.4944],[-69.4491,-38.4944],[-69.4491,-38.4944],[-69.4491,-38.4944],[-69.4491,-38.4944],[-69.4491,-38.4944],[-69.4491,-38.4944],[-69.4491,-38.4944],[-69.4491,-38.4944],[-69.4491,-38.4944],[-69.4491,-38.4944],[-69.4491,-38.4944],[-69.4491,-38.4944],[-69.4491,-38.4944],[-69.449,-38.4944],[-69.449,-38.4944],[-69.449,-38.4944],[-69.449,-38.4944],[-69.449,-38.4944],[-69.449,-38.4944],[-69.449,-38.4945],[-69.449,-38.4945],[-69.449,-38.4945],[-69.449,-38.4945],[-69.449,-38.4945],[-69.449,-38.4945],[-69.449,-38.4945],[-69.4489,-38.4945],[-69.4489,-38.4945],[-69.4489,-38.4945],[-69.4489,-38.4945],[-69.4489,-38.4945],[-69.4489,-38.4945],[-69.4489,-38.4945],[-69.4489,-38.4945],[-69.4489,-38.4945],[-69.4489,-38.4945],[-69.4489,-38.4945],[-69.4489,-38.4946],[-69.4489,-38.4946],[-69.4489,-38.4946],[-69.4489,-38.4946],[-69.4489,-38.4946],[-69.4489,-38.4946],[-69.4488,-38.4946],[-69.4488,-38.4946],[-69.4488,-38.4946],[-69.4488,-38.4946],[-69.4488,-38.4946],[-69.4488,-38.4946],[-69.4488,-38.4946],[-69.4488,-38.4947],[-69.4488,-38.4947],[-69.4488,-38.4947],[-69.4488,-38.4947],[-69.4488,-38.4947],[-69.4488,-38.4947],[-69.4488,-38.4947],[-69.4488,-38.4947],[-69.4488,-38.4947],[-69.4488,-38.4947],[-69.4488,-38.4947],[-69.4488,-38.4947],[-69.4488,-38.4947],[-69.4487,-38.4947],[-69.4487,-38.4948],[-69.4487,-38.4948],[-69.4487,-38.4948],[-69.4487,-38.4948],[-69.4487,-38.4948],[-69.4487,-38.4948],[-69.4487,-38.4948],[-69.4487,-38.4948],[-69.4487,-38.4948],[-69.4487,-38.4948],[-69.4487,-38.4948],[-69.4487,-38.4948],[-69.4487,-38.4948],[-69.4487,-38.4948],[-69.4487,-38.4949],[-69.4487,-38.4949],[-69.4487,-38.4949],[-69.4487,-38.4949],[-69.4487,-38.4949],[-69.4486,-38.4949],[-69.4486,-38.4949],[-69.4486,-38.4949],[-69.4486,-38.4949],[-69.4486,-38.4949],[-69.4486,-38.4949],[-69.4486,-38.4949],[-69.4486,-38.4949],[-69.4486,-38.495],[-69.4486,-38.495],[-69.4486,-38.495],[-69.4486,-38.495],[-69.4486,-38.495],[-69.4486,-38.495],[-69.4486,-38.495],[-69.4486,-38.495],[-69.4486,-38.495],[-69.4486,-38.495],[-69.4486,-38.495],[-69.4486,-38.495],[-69.4485,-38.495],[-69.4485,-38.495],[-69.4485,-38.4951],[-69.4485,-38.4951],[-69.4485,-38.4951],[-69.4485,-38.4951],[-69.4485,-38.4951],[-69.4485,-38.4951],[-69.4485,-38.4951],[-69.4485,-38.4951],[-69.4485,-38.4951],[-69.4485,-38.4951],[-69.4485,-38.4951],[-69.4485,-38.4951],[-69.4485,-38.4951],[-69.4485,-38.4951],[-69.4485,-38.4951],[-69.4485,-38.4952],[-69.4484,-38.4952],[-69.4484,-38.4952],[-69.4484,-38.4952],[-69.4484,-38.4952],[-69.4484,-38.4952],[-69.4484,-38.4952],[-69.4484,-38.4952],[-69.4484,-38.4952],[-69.4484,-38.4952],[-69.4484,-38.4952],[-69.4484,-38.4952],[-69.4484,-38.4952],[-69.4484,-38.4952],[-69.4484,-38.4953],[-69.4484,-38.4953],[-69.4484,-38.4953],[-69.4484,-38.4953],[-69.4483,-38.4953],[-69.4483,-38.4953],[-69.4483,-38.4953],[-69.4483,-38.4953],[-69.4483,-38.4953],[-69.4483,-38.4953],[-69.4483,-38.4953],[-69.4483,-38.4953],[-69.4483,-38.4953],[-69.4483,-38.4953],[-69.4483,-38.4953],[-69.4483,-38.4954],[-69.4483,-38.4954],[-69.4483,-38.4954],[-69.4483,-38.4954],[-69.4483,-38.4954],[-69.4483,-38.4954],[-69.4482,-38.4954],[-69.4482,-38.4954],[-69.4482,-38.4954],[-69.4482,-38.4954],[-69.4482,-38.4954],[-69.4482,-38.4954],[-69.4482,-38.4954],[-69.4482,-38.4954],[-69.4482,-38.4954],[-69.4482,-38.4955],[-69.4482,-38.4955],[-69.4482,-38.4955],[-69.4482,-38.4955],[-69.4482,-38.4955],[-69.4482,-38.4955],[-69.4482,-38.4955],[-69.4482,-38.4955],[-69.4481,-38.4955],[-69.4481,-38.4955],[-69.4481,-38.4955],[-69.4481,-38.4955],[-69.4481,-38.4955],[-69.4481,-38.4955],[-69.4481,-38.4955],[-69.4481,-38.4956],[-69.4481,-38.4956],[-69.4481,-38.4956],[-69.4481,-38.4956],[-69.4481,-38.4956],[-69.4481,-38.4956],[-69.4481,-38.4956],[-69.4481,-38.4956],[-69.4481,-38.4956],[-69.4481,-38.4956],[-69.448,-38.4956],[-69.448,-38.4956],[-69.448,-38.4956],[-69.448,-38.4956],[-69.448,-38.4957],[-69.448,-38.4957],[-69.448,-38.4957],[-69.448,-38.4957],[-69.448,-38.4957],[-69.448,-38.4957],[-69.448,-38.4957],[-69.448,-38.4957],[-69.448,-38.4957],[-69.448,-38.4957],[-69.448,-38.4957],[-69.448,-38.4957],[-69.448,-38.4957],[-69.4479,-38.4957],[-69.4479,-38.4957],[-69.4479,-38.4958],[-69.4479,-38.4958],[-69.4479,-38.4958],[-69.4479,-38.4958],[-69.4479,-38.4958],[-69.4479,-38.4958],[-69.4479,-38.4958],[-69.4479,-38.4958],[-69.4479,-38.4958],[-69.4479,-38.4958],[-69.4479,-38.4958],[-69.4479,-38.4958],[-69.4479,-38.4958],[-69.4479,-38.4958],[-69.4479,-38.4958],[-69.4478,-38.4959],[-69.4478,-38.4959],[-69.4478,-38.4959],[-69.4478,-38.4959],[-69.4478,-38.4959],[-69.4478,-38.4959],[-69.4478,-38.4959],[-69.4478,-38.4959],[-69.4478,-38.4959],[-69.4478,-38.4959],[-69.4478,-38.4959],[-69.4478,-38.4959],[-69.4478,-38.4959],[-69.4478,-38.4959],[-69.4478,-38.4959],[-69.4478,-38.496],[-69.4478,-38.496],[-69.4477,-38.496],[-69.4477,-38.496],[-69.4477,-38.496],[-69.4477,-38.496],[-69.4477,-38.496],[-69.4477,-38.496],[-69.4477,-38.496],[-69.4477,-38.496],[-69.4477,-38.496],[-69.4477,-38.496],[-69.4477,-38.496],[-69.4477,-38.496],[-69.4477,-38.496],[-69.4477,-38.496],[-69.4476,-38.496],[-69.4476,-38.4961],[-69.4476,-38.4961],[-69.4476,-38.4961],[-69.4476,-38.4961],[-69.4476,-38.4961],[-69.4476,-38.4961],[-69.4476,-38.4961],[-69.4476,-38.4961],[-69.4476,-38.4961],[-69.4476,-38.4961],[-69.4476,-38.4961],[-69.4476,-38.4961],[-69.4476,-38.4961],[-69.4475,-38.4961],[-69.4475,-38.4961],[-69.4475,-38.4961],[-69.4475,-38.4961],[-69.4475,-38.4961],[-69.4475,-38.4962],[-69.4475,-38.4962],[-69.4475,-38.4962],[-69.4475,-38.4962],[-69.4475,-38.4962],[-69.4475,-38.4962],[-69.4475,-38.4962],[-69.4475,-38.4962],[-69.4475,-38.4962],[-69.4474,-38.4962],[-69.4474,-38.4962],[-69.4474,-38.4962],[-69.4474,-38.4962],[-69.4474,-38.4962],[-69.4474,-38.4962],[-69.4474,-38.4962],[-69.4474,-38.4962],[-69.4474,-38.4962],[-69.4474,-38.4963],[-69.4474,-38.4963],[-69.4474,-38.4963],[-69.4474,-38.4963],[-69.4474,-38.4963],[-69.4474,-38.4963],[-69.4473,-38.4963],[-69.4473,-38.4963],[-69.4473,-38.4963],[-69.4473,-38.4963],[-69.4473,-38.4963],[-69.4473,-38.4963],[-69.4473,-38.4963],[-69.4473,-38.4963],[-69.4473,-38.4963],[-69.4473,-38.4963],[-69.4473,-38.4963],[-69.4473,-38.4963],[-69.4473,-38.4964],[-69.4473,-38.4964],[-69.4472,-38.4964],[-69.4472,-38.4964],[-69.4472,-38.4964],[-69.4472,-38.4964],[-69.4472,-38.4964],[-69.4472,-38.4964],[-69.4472,-38.4964],[-69.4472,-38.4964],[-69.4472,-38.4964],[-69.4472,-38.4964],[-69.4472,-38.4964],[-69.4472,-38.4964],[-69.4472,-38.4964],[-69.4472,-38.4964],[-69.4471,-38.4964],[-69.4471,-38.4964],[-69.4471,-38.4965],[-69.4471,-38.4965],[-69.4471,-38.4965],[-69.4471,-38.4965],[-69.4471,-38.4965],[-69.4471,-38.4965],[-69.4471,-38.4965],[-69.4471,-38.4965],[-69.4471,-38.4965],[-69.4471,-38.4965],[-69.4471,-38.4965],[-69.4471,-38.4965],[-69.447,-38.4965],[-69.447,-38.4965],[-69.447,-38.4965],[-69.447,-38.4965],[-69.447,-38.4965],[-69.447,-38.4965],[-69.447,-38.4966],[-69.447,-38.4966],[-69.447,-38.4966],[-69.447,-38.4966],[-69.447,-38.4966],[-69.447,-38.4966],[-69.447,-38.4966],[-69.447,-38.4966],[-69.4469,-38.4966],[-69.4469,-38.4966],[-69.4469,-38.4966],[-69.4469,-38.4966],[-69.4469,-38.4966],[-69.4469,-38.4966],[-69.4469,-38.4966],[-69.4469,-38.4966],[-69.4469,-38.4966],[-69.4469,-38.4967],[-69.4469,-38.4967],[-69.4469,-38.4967],[-69.4469,-38.4967],[-69.4469,-38.4967],[-69.4469,-38.4967],[-69.4469,-38.4967],[-69.4468,-38.4967],[-69.4468,-38.4967],[-69.4468,-38.4967],[-69.4468,-38.4967],[-69.4468,-38.4967],[-69.4468,-38.4967],[-69.4468,-38.4967],[-69.4468,-38.4967],[-69.4468,-38.4967],[-69.4468,-38.4968],[-69.4468,-38.4968],[-69.4468,-38.4968],[-69.4468,-38.4968],[-69.4468,-38.4968],[-69.4468,-38.4968],[-69.4467,-38.4968],[-69.4467,-38.4968],[-69.4467,-38.4968],[-69.4467,-38.4968],[-69.4467,-38.4968],[-69.4467,-38.4968],[-69.4467,-38.4968],[-69.4467,-38.4968],[-69.4467,-38.4968],[-69.4467,-38.4968],[-69.4467,-38.4968],[-69.4467,-38.4969],[-69.4467,-38.4969],[-69.4467,-38.4969],[-69.4467,-38.4969],[-69.4467,-38.4969],[-69.4466,-38.4969],[-69.4466,-38.4969],[-69.4466,-38.4969],[-69.4466,-38.4969],[-69.4466,-38.4969],[-69.4466,-38.4969],[-69.4466,-38.4969],[-69.4466,-38.4969],[-69.4466,-38.4969],[-69.4466,-38.4969],[-69.4466,-38.4969],[-69.4466,-38.497],[-69.4466,-38.497],[-69.4466,-38.497],[-69.4466,-38.497],[-69.4465,-38.497],[-69.4465,-38.497],[-69.4465,-38.497],[-69.4465,-38.497],[-69.4465,-38.497],[-69.4465,-38.497],[-69.4465,-38.497],[-69.4465,-38.497],[-69.4465,-38.497],[-69.4465,-38.497],[-69.4465,-38.497],[-69.4465,-38.497],[-69.4465,-38.4971],[-69.4465,-38.4971],[-69.4465,-38.4971],[-69.4465,-38.4971],[-69.4464,-38.4971],[-69.4464,-38.4971],[-69.4464,-38.4971],[-69.4464,-38.4971],[-69.4464,-38.4971],[-69.4464,-38.4971],[-69.4464,-38.4971],[-69.4464,-38.4971],[-69.4464,-38.4971],[-69.4464,-38.4971],[-69.4464,-38.4971],[-69.4464,-38.4971],[-69.4464,-38.4972],[-69.4464,-38.4972],[-69.4464,-38.4972],[-69.4463,-38.4972],[-69.4463,-38.4972],[-69.4463,-38.4972],[-69.4463,-38.4972],[-69.4463,-38.4972],[-69.4463,-38.4972],[-69.4463,-38.4972],[-69.4463,-38.4972],[-69.4463,-38.4972],[-69.4463,-38.4972],[-69.4463,-38.4972],[-69.4463,-38.4972],[-69.4463,-38.4972],[-69.4463,-38.4973],[-69.4463,-38.4973],[-69.4463,-38.4973],[-69.4462,-38.4973],[-69.4462,-38.4973],[-69.4462,-38.4973],[-69.4462,-38.4973],[-69.4462,-38.4973],[-69.4462,-38.4973],[-69.4462,-38.4973],[-69.4462,-38.4973],[-69.4462,-38.4973],[-69.4462,-38.4973],[-69.4462,-38.4973],[-69.4462,-38.4973],[-69.4462,-38.4973],[-69.4462,-38.4974],[-69.4462,-38.4974],[-69.4461,-38.4974],[-69.4461,-38.4974],[-69.4461,-38.4974],[-69.4461,-38.4974],[-69.4461,-38.4974],[-69.4461,-38.4974],[-69.4461,-38.4974],[-69.4461,-38.4974],[-69.4461,-38.4974],[-69.4461,-38.4974],[-69.4461,-38.4974],[-69.4461,-38.4974],[-69.4461,-38.4974],[-69.4461,-38.4974],[-69.4461,-38.4975],[-69.4461,-38.4975],[-69.446,-38.4975],[-69.446,-38.4975],[-69.446,-38.4975],[-69.446,-38.4975],[-69.446,-38.4975],[-69.446,-38.4975],[-69.446,-38.4975],[-69.446,-38.4975],[-69.446,-38.4975],[-69.446,-38.4975],[-69.446,-38.4975],[-69.446,-38.4975],[-69.446,-38.4975],[-69.446,-38.4975],[-69.446,-38.4975],[-69.4459,-38.4976],[-69.4459,-38.4976],[-69.4459,-38.4976],[-69.4459,-38.4976],[-69.4459,-38.4976],[-69.4459,-38.4976],[-69.4459,-38.4976],[-69.4459,-38.4976],[-69.4459,-38.4976],[-69.4459,-38.4976],[-69.4459,-38.4976],[-69.4459,-38.4976],[-69.4459,-38.4976],[-69.4459,-38.4976],[-69.4458,-38.4976],[-69.4458,-38.4976],[-69.4458,-38.4976],[-69.4458,-38.4977],[-69.4458,-38.4977],[-69.4458,-38.4977],[-69.4458,-38.4977],[-69.4458,-38.4977],[-69.4458,-38.4977],[-69.4458,-38.4977],[-69.4458,-38.4977],[-69.4458,-38.4977],[-69.4458,-38.4977],[-69.4458,-38.4977],[-69.4458,-38.4977],[-69.4457,-38.4977],[-69.4457,-38.4977],[-69.4457,-38.4977],[-69.4457,-38.4977],[-69.4457,-38.4977],[-69.4457,-38.4978],[-69.4457,-38.4978],[-69.4457,-38.4978],[-69.4457,-38.4978],[-69.4457,-38.4978],[-69.4457,-38.4978],[-69.4457,-38.4978],[-69.4457,-38.4978],[-69.4457,-38.4978],[-69.4457,-38.4978],[-69.4456,-38.4978],[-69.4456,-38.4978],[-69.4456,-38.4978],[-69.4456,-38.4978],[-69.4456,-38.4978],[-69.4456,-38.4978],[-69.4456,-38.4978],[-69.4456,-38.4979],[-69.4456,-38.4979],[-69.4456,-38.4979],[-69.4456,-38.4979],[-69.4456,-38.4979],[-69.4456,-38.4979],[-69.4456,-38.4979],[-69.4456,-38.4979],[-69.4455,-38.4979],[-69.4455,-38.4979],[-69.4455,-38.4979],[-69.4455,-38.4979],[-69.4455,-38.4979],[-69.4455,-38.4979],[-69.4455,-38.4979],[-69.4455,-38.4979],[-69.4455,-38.498],[-69.4455,-38.498],[-69.4455,-38.498],[-69.4455,-38.498],[-69.4455,-38.498],[-69.4455,-38.498],[-69.4455,-38.498],[-69.4454,-38.498],[-69.4454,-38.498],[-69.4454,-38.498],[-69.4454,-38.498],[-69.4454,-38.498],[-69.4454,-38.498],[-69.4454,-38.498],[-69.4454,-38.498],[-69.4454,-38.498],[-69.4454,-38.498],[-69.4454,-38.4981],[-69.4454,-38.4981],[-69.4454,-38.4981],[-69.4454,-38.4981],[-69.4454,-38.4981],[-69.4453,-38.4981],[-69.4453,-38.4981],[-69.4453,-38.4981],[-69.4453,-38.4981],[-69.4453,-38.4981],[-69.4453,-38.4981],[-69.4453,-38.4981],[-69.4453,-38.4981],[-69.4453,-38.4981],[-69.4453,-38.4981],[-69.4453,-38.4981],[-69.4453,-38.4981],[-69.4453,-38.4982],[-69.4453,-38.4982],[-69.4453,-38.4982],[-69.4452,-38.4982],[-69.4452,-38.4982],[-69.4452,-38.4982],[-69.4452,-38.4982],[-69.4452,-38.4982],[-69.4452,-38.4982],[-69.4452,-38.4982],[-69.4452,-38.4982],[-69.4452,-38.4982],[-69.4452,-38.4982],[-69.4452,-38.4982],[-69.4452,-38.4982],[-69.4452,-38.4982],[-69.4452,-38.4982],[-69.4452,-38.4983],[-69.4451,-38.4983],[-69.4451,-38.4983],[-69.4451,-38.4983],[-69.4451,-38.4983],[-69.4451,-38.4983],[-69.4451,-38.4983],[-69.4451,-38.4983],[-69.4451,-38.4983],[-69.4451,-38.4983],[-69.4451,-38.4983],[-69.4451,-38.4983],[-69.4451,-38.4983],[-69.4451,-38.4983],[-69.4451,-38.4983],[-69.4451,-38.4983],[-69.445,-38.4983],[-69.445,-38.4984],[-69.445,-38.4984],[-69.445,-38.4984],[-69.445,-38.4984],[-69.445,-38.4984],[-69.445,-38.4984],[-69.445,-38.4984],[-69.445,-38.4984],[-69.445,-38.4984],[-69.445,-38.4984],[-69.445,-38.4984],[-69.445,-38.4984],[-69.445,-38.4984],[-69.445,-38.4984],[-69.4449,-38.4984],[-69.4449,-38.4984],[-69.4449,-38.4984],[-69.4449,-38.4985],[-69.4449,-38.4985],[-69.4449,-38.4985],[-69.4449,-38.4985],[-69.4449,-38.4985],[-69.4449,-38.4985],[-69.4449,-38.4985],[-69.4449,-38.4985],[-69.4449,-38.4985],[-69.4449,-38.4985],[-69.4449,-38.4985],[-69.4448,-38.4985],[-69.4448,-38.4985],[-69.4448,-38.4985],[-69.4448,-38.4985],[-69.4448,-38.4985],[-69.4448,-38.4985],[-69.4448,-38.4986],[-69.4448,-38.4986],[-69.4448,-38.4986],[-69.4448,-38.4986],[-69.4448,-38.4986],[-69.4448,-38.4986],[-69.4448,-38.4986],[-69.4448,-38.4986],[-69.4448,-38.4986],[-69.4447,-38.4986],[-69.4447,-38.4986],[-69.4447,-38.4986],[-69.4447,-38.4986],[-69.4447,-38.4986],[-69.4447,-38.4986],[-69.4447,-38.4986],[-69.4447,-38.4986],[-69.4447,-38.4987],[-69.4447,-38.4987],[-69.4447,-38.4987],[-69.4447,-38.4987],[-69.4447,-38.4987],[-69.4447,-38.4987],[-69.4447,-38.4987],[-69.4446,-38.4987],[-69.4446,-38.4987],[-69.4446,-38.4987],[-69.4446,-38.4987],[-69.4446,-38.4987],[-69.4446,-38.4987],[-69.4446,-38.4987],[-69.4446,-38.4987],[-69.4446,-38.4987],[-69.4446,-38.4987],[-69.4446,-38.4988],[-69.4446,-38.4988],[-69.4446,-38.4988],[-69.4446,-38.4988],[-69.4446,-38.4988],[-69.4445,-38.4988],[-69.4445,-38.4988],[-69.4445,-38.4988],[-69.4445,-38.4988],[-69.4445,-38.4988],[-69.4445,-38.4988],[-69.4445,-38.4988],[-69.4445,-38.4988],[-69.4445,-38.4988],[-69.4445,-38.4988],[-69.4445,-38.4988],[-69.4445,-38.4988],[-69.4445,-38.4989],[-69.4445,-38.4989],[-69.4445,-38.4989],[-69.4444,-38.4989],[-69.4444,-38.4989],[-69.4444,-38.4989],[-69.4444,-38.4989],[-69.4444,-38.4989],[-69.4444,-38.4989],[-69.4444,-38.4989],[-69.4444,-38.4989],[-69.4444,-38.4989],[-69.4444,-38.4989],[-69.4444,-38.4989],[-69.4444,-38.4989],[-69.4444,-38.4989],[-69.4444,-38.4989],[-69.4444,-38.499],[-69.4443,-38.499],[-69.4443,-38.499],[-69.4443,-38.499],[-69.4443,-38.499],[-69.4443,-38.499],[-69.4443,-38.499],[-69.4443,-38.499],[-69.4443,-38.499],[-69.4443,-38.499],[-69.4443,-38.499],[-69.4443,-38.499],[-69.4443,-38.499],[-69.4443,-38.499],[-69.4443,-38.499],[-69.4443,-38.499],[-69.4442,-38.499],[-69.4442,-38.4991],[-69.4442,-38.4991],[-69.4442,-38.4991],[-69.4442,-38.4991],[-69.4442,-38.4991],[-69.4442,-38.4991],[-69.4442,-38.4991],[-69.4442,-38.4991],[-69.4442,-38.4991],[-69.4442,-38.4991],[-69.4442,-38.4991],[-69.4442,-38.4991],[-69.4442,-38.4991],[-69.4441,-38.4991],[-69.4441,-38.4991],[-69.4441,-38.4991],[-69.4441,-38.4991],[-69.4441,-38.4992],[-69.4441,-38.4992],[-69.4441,-38.4992],[-69.4441,-38.4992],[-69.4441,-38.4992],[-69.4441,-38.4992],[-69.4441,-38.4992],[-69.4441,-38.4992],[-69.4441,-38.4992],[-69.4441,-38.4992],[-69.4441,-38.4992],[-69.444,-38.4992],[-69.444,-38.4992],[-69.444,-38.4992],[-69.444,-38.4992],[-69.444,-38.4992],[-69.444,-38.4993],[-69.444,-38.4993],[-69.444,-38.4993],[-69.444,-38.4993],[-69.444,-38.4993],[-69.444,-38.4993],[-69.444,-38.4993],[-69.444,-38.4993],[-69.444,-38.4993],[-69.444,-38.4993],[-69.4439,-38.4993],[-69.4439,-38.4993],[-69.4439,-38.4993],[-69.4439,-38.4993],[-69.4439,-38.4993],[-69.4439,-38.4993],[-69.4439,-38.4993],[-69.4439,-38.4994],[-69.4439,-38.4994],[-69.4439,-38.4994],[-69.4439,-38.4994],[-69.4439,-38.4994],[-69.4439,-38.4994],[-69.4439,-38.4994],[-69.4439,-38.4994],[-69.4438,-38.4994],[-69.4438,-38.4994],[-69.4438,-38.4994],[-69.4438,-38.4994],[-69.4438,-38.4994],[-69.4438,-38.4994],[-69.4438,-38.4994],[-69.4438,-38.4994],[-69.4438,-38.4994],[-69.4438,-38.4994],[-69.4438,-38.4994],[-69.4438,-38.4994],[-69.4437,-38.4994],[-69.4437,-38.4994],[-69.4437,-38.4994],[-69.4437,-38.4994],[-69.4437,-38.4995],[-69.4437,-38.4995],[-69.4437,-38.4995],[-69.4437,-38.4995],[-69.4437,-38.4995],[-69.4437,-38.4995],[-69.4437,-38.4995],[-69.4437,-38.4995],[-69.4436,-38.4995],[-69.4436,-38.4995],[-69.4436,-38.4995],[-69.4436,-38.4995],[-69.4436,-38.4995],[-69.4436,-38.4995],[-69.4436,-38.4995],[-69.4436,-38.4995],[-69.4436,-38.4995],[-69.4436,-38.4995],[-69.4436,-38.4995],[-69.4436,-38.4995],[-69.4435,-38.4995],[-69.4435,-38.4995],[-69.4435,-38.4995],[-69.4435,-38.4995],[-69.4435,-38.4995],[-69.4435,-38.4995],[-69.4435,-38.4995],[-69.4435,-38.4995],[-69.4435,-38.4995],[-69.4435,-38.4995],[-69.4435,-38.4995],[-69.4435,-38.4995],[-69.4434,-38.4996],[-69.4434,-38.4996],[-69.4434,-38.4996],[-69.4434,-38.4996],[-69.4434,-38.4996],[-69.4434,-38.4996],[-69.4434,-38.4996],[-69.4434,-38.4996],[-69.4434,-38.4996],[-69.4434,-38.4996],[-69.4434,-38.4996],[-69.4434,-38.4996],[-69.4433,-38.4996],[-69.4433,-38.4996],[-69.4433,-38.4996],[-69.4433,-38.4996],[-69.4433,-38.4996],[-69.4433,-38.4996],[-69.4433,-38.4996],[-69.4433,-38.4996],[-69.4433,-38.4996],[-69.4433,-38.4996],[-69.4433,-38.4996],[-69.4433,-38.4996],[-69.4432,-38.4996],[-69.4432,-38.4996],[-69.4432,-38.4996],[-69.4432,-38.4996],[-69.4432,-38.4996],[-69.4432,-38.4996],[-69.4432,-38.4996],[-69.4432,-38.4996],[-69.4432,-38.4997],[-69.4432,-38.4997],[-69.4432,-38.4997],[-69.4432,-38.4997],[-69.4431,-38.4997],[-69.4431,-38.4997],[-69.4431,-38.4997],[-69.4431,-38.4997],[-69.4431,-38.4997],[-69.4431,-38.4997],[-69.4431,-38.4997],[-69.4431,-38.4997],[-69.4431,-38.4997],[-69.4431,-38.4997],[-69.4431,-38.4997],[-69.4431,-38.4997],[-69.443,-38.4997],[-69.443,-38.4997],[-69.443,-38.4997],[-69.443,-38.4997],[-69.443,-38.4997],[-69.443,-38.4997],[-69.443,-38.4997],[-69.443,-38.4997],[-69.443,-38.4997],[-69.443,-38.4997],[-69.443,-38.4997],[-69.443,-38.4997],[-69.4429,-38.4997],[-69.4429,-38.4997],[-69.4429,-38.4997],[-69.4429,-38.4997],[-69.4429,-38.4998],[-69.4429,-38.4998],[-69.4429,-38.4998],[-69.4429,-38.4998],[-69.4429,-38.4998],[-69.4429,-38.4998],[-69.4429,-38.4998],[-69.4429,-38.4998],[-69.4428,-38.4998],[-69.4428,-38.4998],[-69.4428,-38.4998],[-69.4428,-38.4998],[-69.4428,-38.4998],[-69.4428,-38.4998],[-69.4428,-38.4998],[-69.4428,-38.4998],[-69.4428,-38.4998],[-69.4428,-38.4998],[-69.4428,-38.4998],[-69.4427,-38.4998],[-69.4427,-38.4998],[-69.4427,-38.4998],[-69.4427,-38.4998],[-69.4427,-38.4998],[-69.4427,-38.4998],[-69.4427,-38.4998],[-69.4427,-38.4998],[-69.4427,-38.4998],[-69.4427,-38.4998],[-69.4427,-38.4998],[-69.4427,-38.4998],[-69.4426,-38.4998],[-69.4426,-38.4998],[-69.4426,-38.4998],[-69.4426,-38.4998],[-69.4426,-38.4998],[-69.4426,-38.4998],[-69.4426,-38.4998],[-69.4426,-38.4998],[-69.4426,-38.4998],[-69.4426,-38.4998],[-69.4426,-38.4998],[-69.4425,-38.4998],[-69.4425,-38.4998],[-69.4425,-38.4998],[-69.4425,-38.4998],[-69.4425,-38.4998],[-69.4425,-38.4998],[-69.4425,-38.4998],[-69.4425,-38.4998],[-69.4425,-38.4998],[-69.4425,-38.4998],[-69.4425,-38.4998],[-69.4424,-38.4998],[-69.4424,-38.4998],[-69.4424,-38.4997],[-69.4424,-38.4997],[-69.4424,-38.4997],[-69.4424,-38.4997],[-69.4424,-38.4997],[-69.4424,-38.4997],[-69.4424,-38.4997],[-69.4424,-38.4997],[-69.4424,-38.4997],[-69.4423,-38.4997],[-69.4423,-38.4997],[-69.4423,-38.4997],[-69.4423,-38.4997],[-69.4423,-38.4997],[-69.4423,-38.4997],[-69.4423,-38.4997],[-69.4423,-38.4997],[-69.4423,-38.4997],[-69.4423,-38.4997],[-69.4423,-38.4997],[-69.4423,-38.4997],[-69.4422,-38.4997],[-69.4422,-38.4997],[-69.4422,-38.4997],[-69.4422,-38.4997],[-69.4422,-38.4997],[-69.4422,-38.4997],[-69.4422,-38.4997],[-69.4422,-38.4997],[-69.4422,-38.4997],[-69.4422,-38.4997],[-69.4422,-38.4997],[-69.4421,-38.4997],[-69.4421,-38.4997],[-69.4421,-38.4997],[-69.4421,-38.4997],[-69.4421,-38.4997],[-69.4421,-38.4997],[-69.4421,-38.4997],[-69.4421,-38.4997],[-69.4421,-38.4997],[-69.4421,-38.4997],[-69.4421,-38.4997],[-69.442,-38.4997],[-69.442,-38.4997],[-69.442,-38.4997],[-69.442,-38.4997],[-69.442,-38.4997],[-69.442,-38.4997],[-69.442,-38.4997],[-69.442,-38.4997],[-69.442,-38.4997],[-69.442,-38.4997],[-69.442,-38.4997],[-69.4419,-38.4997],[-69.4419,-38.4997],[-69.4419,-38.4997],[-69.4419,-38.4997],[-69.4419,-38.4997],[-69.4419,-38.4997],[-69.4419,-38.4997],[-69.4419,-38.4997],[-69.4419,-38.4997],[-69.4419,-38.4997],[-69.4419,-38.4997],[-69.4419,-38.4997],[-69.4418,-38.4997],[-69.4418,-38.4997],[-69.4418,-38.4997],[-69.4418,-38.4997],[-69.4418,-38.4997],[-69.4418,-38.4997],[-69.4418,-38.4997],[-69.4418,-38.4997],[-69.4418,-38.4997],[-69.4418,-38.4997],[-69.4418,-38.4997],[-69.4417,-38.4997],[-69.4417,-38.4997],[-69.4417,-38.4997],[-69.4417,-38.4996],[-69.4417,-38.4997],[-69.4417,-38.4997],[-69.4417,-38.4997],[-69.4417,-38.4997],[-69.4417,-38.4997],[-69.4417,-38.4997],[-69.4417,-38.4997],[-69.4416,-38.4997],[-69.4416,-38.4997],[-69.4416,-38.4997],[-69.4416,-38.4997],[-69.4416,-38.4997],[-69.4416,-38.4997],[-69.4416,-38.4997],[-69.4416,-38.4997],[-69.4416,-38.4997],[-69.4416,-38.4997],[-69.4416,-38.4997],[-69.4415,-38.4997],[-69.4415,-38.4997],[-69.4415,-38.4997],[-69.4415,-38.4997],[-69.4415,-38.4997],[-69.4415,-38.4997],[-69.4415,-38.4997],[-69.4415,-38.4997],[-69.4415,-38.4997],[-69.4415,-38.4997],[-69.4415,-38.4997],[-69.4414,-38.4997],[-69.4414,-38.4997],[-69.4414,-38.4997],[-69.4414,-38.4997],[-69.4414,-38.4997],[-69.4414,-38.4997],[-69.4414,-38.4997],[-69.4414,-38.4997],[-69.4414,-38.4997],[-69.4414,-38.4997],[-69.4414,-38.4997],[-69.4414,-38.4997],[-69.4413,-38.4997],[-69.4413,-38.4997],[-69.4413,-38.4997],[-69.4413,-38.4997],[-69.4413,-38.4997],[-69.4413,-38.4997],[-69.4413,-38.4997],[-69.4413,-38.4997],[-69.4413,-38.4997],[-69.4413,-38.4997],[-69.4413,-38.4997],[-69.4412,-38.4997],[-69.4412,-38.4997],[-69.4412,-38.4997],[-69.4412,-38.4997],[-69.4412,-38.4997],[-69.4412,-38.4997],[-69.4412,-38.4997],[-69.4412,-38.4997],[-69.4412,-38.4997],[-69.4412,-38.4997],[-69.4412,-38.4997],[-69.4411,-38.4997],[-69.4411,-38.4997],[-69.4411,-38.4997],[-69.4411,-38.4997],[-69.4411,-38.4997],[-69.4411,-38.4997],[-69.4411,-38.4997],[-69.4411,-38.4997],[-69.4411,-38.4997],[-69.4411,-38.4997],[-69.4411,-38.4997],[-69.441,-38.4997],[-69.441,-38.4997],[-69.441,-38.4997],[-69.441,-38.4997],[-69.441,-38.4997],[-69.441,-38.4997],[-69.441,-38.4997],[-69.441,-38.4997],[-69.441,-38.4997],[-69.441,-38.4997],[-69.441,-38.4997],[-69.4409,-38.4997],[-69.4409,-38.4997],[-69.4409,-38.4997],[-69.4409,-38.4997],[-69.4409,-38.4997],[-69.4409,-38.4997],[-69.4409,-38.4997],[-69.4409,-38.4997],[-69.4409,-38.4997],[-69.4409,-38.4997],[-69.4409,-38.4997],[-69.4409,-38.4997],[-69.4408,-38.4997],[-69.4408,-38.4997],[-69.4408,-38.4997],[-69.4408,-38.4997],[-69.4408,-38.4997],[-69.4408,-38.4997],[-69.4408,-38.4997],[-69.4408,-38.4997],[-69.4408,-38.4997],[-69.4408,-38.4997],[-69.4408,-38.4997],[-69.4407,-38.4997],[-69.4407,-38.4997],[-69.4407,-38.4997],[-69.4407,-38.4997],[-69.4407,-38.4997],[-69.4407,-38.4997],[-69.4407,-38.4997],[-69.4407,-38.4997],[-69.4407,-38.4997],[-69.4407,-38.4997],[-69.4407,-38.4997],[-69.4406,-38.4997],[-69.4406,-38.4997],[-69.4406,-38.4997],[-69.4406,-38.4997],[-69.4406,-38.4997],[-69.4406,-38.4997],[-69.4406,-38.4997],[-69.4406,-38.4997],[-69.4406,-38.4997],[-69.4406,-38.4997],[-69.4406,-38.4997],[-69.4405,-38.4997],[-69.4405,-38.4997],[-69.4405,-38.4997],[-69.4405,-38.4997],[-69.4405,-38.4997],[-69.4405,-38.4997],[-69.4405,-38.4997],[-69.4405,-38.4997],[-69.4405,-38.4997],[-69.4405,-38.4997],[-69.4405,-38.4997],[-69.4405,-38.4997],[-69.4404,-38.4997],[-69.4404,-38.4997],[-69.4404,-38.4997],[-69.4404,-38.4997],[-69.4404,-38.4997],[-69.4404,-38.4997],[-69.4404,-38.4998],[-69.4404,-38.4998],[-69.4404,-38.4998],[-69.4404,-38.4998],[-69.4404,-38.4998],[-69.4404,-38.4998],[-69.4403,-38.4998],[-69.4403,-38.4998],[-69.4403,-38.4998],[-69.4403,-38.4998],[-69.4403,-38.4998],[-69.4403,-38.4998],[-69.4403,-38.4998],[-69.4403,-38.4998],[-69.4403,-38.4998],[-69.4403,-38.4998],[-69.4403,-38.4998],[-69.4402,-38.4998],[-69.4402,-38.4998],[-69.4402,-38.4998],[-69.4402,-38.4998],[-69.4402,-38.4998],[-69.4402,-38.4998],[-69.4402,-38.4998],[-69.4402,-38.4998],[-69.4402,-38.4998],[-69.4402,-38.4998],[-69.4402,-38.4998],[-69.4402,-38.4998],[-69.4401,-38.4998],[-69.4401,-38.4998],[-69.4401,-38.4998],[-69.4401,-38.4998],[-69.4401,-38.4998],[-69.4401,-38.4998],[-69.4401,-38.4998],[-69.4401,-38.4998],[-69.4401,-38.4999],[-69.4401,-38.4999],[-69.4401,-38.4999],[-69.4401,-38.4999],[-69.44,-38.4999],[-69.44,-38.4999],[-69.44,-38.4999],[-69.44,-38.4999],[-69.44,-38.4999],[-69.44,-38.4999],[-69.44,-38.4999],[-69.44,-38.4999],[-69.44,-38.4999],[-69.44,-38.4999],[-69.44,-38.4999],[-69.4399,-38.4999],[-69.4399,-38.4999],[-69.4399,-38.4999],[-69.4399,-38.4999],[-69.4399,-38.4999],[-69.4399,-38.4999],[-69.4399,-38.4999],[-69.4399,-38.4999],[-69.4399,-38.4999],[-69.4399,-38.4999],[-69.4399,-38.4999],[-69.4399,-38.4999],[-69.4398,-38.4999],[-69.4398,-38.4999],[-69.4398,-38.4999],[-69.4398,-38.4999],[-69.4398,-38.4999],[-69.4398,-38.4999],[-69.4398,-38.4999],[-69.4398,-38.4999],[-69.4398,-38.4999],[-69.4398,-38.4999],[-69.4398,-38.4999],[-69.4398,-38.5],[-69.4397,-38.5],[-69.4397,-38.5],[-69.4397,-38.5],[-69.4397,-38.5],[-69.4397,-38.5],[-69.4397,-38.5],[-69.4397,-38.5],[-69.4397,-38.5],[-69.4397,-38.5],[-69.4397,-38.5],[-69.4397,-38.5],[-69.4396,-38.5],[-69.4396,-38.5],[-69.4396,-38.5],[-69.4396,-38.5],[-69.4396,-38.5],[-69.4396,-38.5],[-69.4396,-38.5],[-69.4396,-38.5],[-69.4396,-38.5],[-69.4396,-38.5],[-69.4396,-38.5],[-69.4396,-38.5],[-69.4395,-38.5],[-69.4395,-38.5],[-69.4395,-38.5],[-69.4395,-38.5],[-69.4395,-38.5],[-69.4395,-38.5],[-69.4395,-38.5],[-69.4395,-38.5],[-69.4395,-38.5],[-69.4395,-38.5],[-69.4395,-38.5],[-69.4394,-38.5],[-69.4394,-38.5],[-69.4394,-38.5],[-69.4394,-38.5],[-69.4394,-38.5],[-69.4394,-38.5],[-69.4394,-38.5],[-69.4394,-38.5],[-69.4394,-38.5001],[-69.4394,-38.5001],[-69.4394,-38.5001],[-69.4394,-38.5001],[-69.4393,-38.5001],[-69.4393,-38.5001],[-69.4393,-38.5001],[-69.4393,-38.5001],[-69.4393,-38.5001],[-69.4393,-38.5001],[-69.4393,-38.5001],[-69.4393,-38.5001],[-69.4393,-38.5001],[-69.4393,-38.5001],[-69.4393,-38.5001],[-69.4392,-38.5001],[-69.4392,-38.5001],[-69.4392,-38.5001],[-69.4392,-38.5001],[-69.4392,-38.5001],[-69.4392,-38.5001],[-69.4392,-38.5001],[-69.4392,-38.5001],[-69.4392,-38.5001],[-69.4392,-38.5001],[-69.4392,-38.5001],[-69.4391,-38.5001],[-69.4391,-38.5001],[-69.4391,-38.5001],[-69.4391,-38.5001],[-69.4391,-38.5001],[-69.4391,-38.5001],[-69.4391,-38.5001],[-69.4391,-38.5001],[-69.4391,-38.5001],[-69.4391,-38.5001],[-69.4391,-38.5001],[-69.4391,-38.5001],[-69.439,-38.5001],[-69.439,-38.5001],[-69.439,-38.5001],[-69.439,-38.5001],[-69.439,-38.5001],[-69.439,-38.5001],[-69.439,-38.5001],[-69.439,-38.5001],[-69.439,-38.5001],[-69.439,-38.5001],[-69.439,-38.5001],[-69.4389,-38.5001],[-69.4389,-38.5001],[-69.4389,-38.5001],[-69.4389,-38.5001],[-69.4389,-38.5001],[-69.4389,-38.5001],[-69.4389,-38.5001],[-69.4389,-38.5001],[-69.4389,-38.5001],[-69.4389,-38.5001],[-69.4389,-38.5001],[-69.4388,-38.5001],[-69.4388,-38.5001],[-69.4388,-38.5001],[-69.4388,-38.5001],[-69.4388,-38.5001],[-69.4388,-38.5001],[-69.4388,-38.5001],[-69.4388,-38.5001],[-69.4388,-38.5001],[-69.4388,-38.5001],[-69.4388,-38.5001],[-69.4387,-38.5001],[-69.4387,-38.5001],[-69.4387,-38.5001],[-69.4387,-38.5001],[-69.4387,-38.5001],[-69.4387,-38.5001],[-69.4387,-38.5002],[-69.4387,-38.5002],[-69.4387,-38.5002],[-69.4387,-38.5002],[-69.4387,-38.5002],[-69.4387,-38.5002],[-69.4386,-38.5002],[-69.4386,-38.5002],[-69.4386,-38.5002],[-69.4386,-38.5002],[-69.4386,-38.5002],[-69.4386,-38.5002],[-69.4386,-38.5002],[-69.4386,-38.5002],[-69.4386,-38.5002],[-69.4386,-38.5002],[-69.4386,-38.5002],[-69.4385,-38.5002],[-69.4385,-38.5002],[-69.4385,-38.5002],[-69.4385,-38.5002],[-69.4385,-38.5002],[-69.4385,-38.5002],[-69.4385,-38.5002],[-69.4385,-38.5002],[-69.4385,-38.5002],[-69.4385,-38.5002],[-69.4385,-38.5002],[-69.4384,-38.5002],[-69.4384,-38.5002],[-69.4384,-38.5002],[-69.4384,-38.5002],[-69.4384,-38.5002],[-69.4384,-38.5002],[-69.4384,-38.5002],[-69.4384,-38.5002],[-69.4384,-38.5002],[-69.4384,-38.5002],[-69.4384,-38.5002],[-69.4383,-38.5002],[-69.4383,-38.5002],[-69.4383,-38.5002],[-69.4383,-38.5002],[-69.4383,-38.5002],[-69.4383,-38.5002],[-69.4383,-38.5002],[-69.4383,-38.5002],[-69.4383,-38.5002],[-69.4383,-38.5002],[-69.4383,-38.5002],[-69.4383,-38.5002],[-69.4382,-38.5002],[-69.4382,-38.5002],[-69.4382,-38.5002],[-69.4382,-38.5002],[-69.4382,-38.5002],[-69.4382,-38.5002],[-69.4382,-38.5002],[-69.4382,-38.5002],[-69.4382,-38.5002],[-69.4382,-38.5002],[-69.4382,-38.5002],[-69.4381,-38.5002],[-69.4381,-38.5002],[-69.4381,-38.5002],[-69.4381,-38.5003],[-69.4381,-38.5003],[-69.4381,-38.5003],[-69.4381,-38.5003],[-69.4381,-38.5003],[-69.4381,-38.5003],[-69.4381,-38.5003],[-69.4381,-38.5003],[-69.4381,-38.5003],[-69.4381,-38.5003],[-69.4381,-38.5003],[-69.438,-38.5003],[-69.438,-38.5003],[-69.438,-38.5003],[-69.438,-38.5003],[-69.438,-38.5003],[-69.438,-38.5003],[-69.438,-38.5003],[-69.438,-38.5003],[-69.438,-38.5003],[-69.438,-38.5004],[-69.438,-38.5004],[-69.438,-38.5004],[-69.438,-38.5004],[-69.4379,-38.5004],[-69.4379,-38.5004],[-69.4379,-38.5004],[-69.4379,-38.5004],[-69.4379,-38.5004],[-69.4379,-38.5004],[-69.4379,-38.5004],[-69.4379,-38.5004],[-69.4379,-38.5004],[-69.4379,-38.5004],[-69.4379,-38.5004],[-69.4379,-38.5004],[-69.4379,-38.5004],[-69.4379,-38.5004],[-69.4378,-38.5004],[-69.4378,-38.5004],[-69.4378,-38.5005],[-69.4378,-38.5005],[-69.4378,-38.5005],[-69.4378,-38.5005],[-69.4378,-38.5005],[-69.4378,-38.5005],[-69.4378,-38.5005],[-69.4378,-38.5005],[-69.4378,-38.5005],[-69.4378,-38.5005],[-69.4378,-38.5005],[-69.4377,-38.5005],[-69.4377,-38.5005],[-69.4377,-38.5005],[-69.4377,-38.5005],[-69.4377,-38.5005],[-69.4377,-38.5005],[-69.4377,-38.5005],[-69.4377,-38.5005],[-69.4377,-38.5005],[-69.4377,-38.5006],[-69.4377,-38.5006],[-69.4377,-38.5006],[-69.4377,-38.5006],[-69.4376,-38.5006],[-69.4376,-38.5006],[-69.4376,-38.5006],[-69.4376,-38.5006],[-69.4376,-38.5006],[-69.4376,-38.5006],[-69.4376,-38.5006],[-69.4376,-38.5006],[-69.4376,-38.5006],[-69.4376,-38.5006],[-69.4376,-38.5006],[-69.4376,-38.5006],[-69.4376,-38.5006],[-69.4376,-38.5006],[-69.4375,-38.5006],[-69.4375,-38.5006],[-69.4375,-38.5007],[-69.4375,-38.5007],[-69.4375,-38.5007],[-69.4375,-38.5007],[-69.4375,-38.5007],[-69.4375,-38.5007],[-69.4375,-38.5007],[-69.4375,-38.5007],[-69.4375,-38.5007],[-69.4375,-38.5007],[-69.4375,-38.5007],[-69.4374,-38.5007],[-69.4374,-38.5007],[-69.4374,-38.5007],[-69.4374,-38.5007],[-69.4374,-38.5007],[-69.4374,-38.5007],[-69.4374,-38.5007],[-69.4374,-38.5007],[-69.4374,-38.5007],[-69.4374,-38.5007],[-69.4374,-38.5008],[-69.4374,-38.5008],[-69.4374,-38.5008],[-69.4374,-38.5008],[-69.4373,-38.5008],[-69.4373,-38.5008],[-69.4373,-38.5008],[-69.4373,-38.5008],[-69.4373,-38.5008],[-69.4373,-38.5008],[-69.4373,-38.5008],[-69.4373,-38.5008],[-69.4373,-38.5008],[-69.4373,-38.5008],[-69.4373,-38.5008],[-69.4373,-38.5008],[-69.4373,-38.5008],[-69.4372,-38.5008],[-69.4372,-38.5008],[-69.4372,-38.5008],[-69.4372,-38.5008],[-69.4372,-38.5009],[-69.4372,-38.5009],[-69.4372,-38.5009],[-69.4372,-38.5009],[-69.4372,-38.5009],[-69.4372,-38.5009],[-69.4372,-38.5009],[-69.4372,-38.5009],[-69.4372,-38.5009],[-69.4371,-38.5009],[-69.4371,-38.5009],[-69.4371,-38.5009],[-69.4371,-38.5009],[-69.4371,-38.5009],[-69.4371,-38.5009],[-69.4371,-38.5009],[-69.4371,-38.5009],[-69.4371,-38.5009],[-69.4371,-38.5009],[-69.4371,-38.5009],[-69.4371,-38.501],[-69.4371,-38.501],[-69.4371,-38.501],[-69.437,-38.501],[-69.437,-38.501],[-69.437,-38.501],[-69.437,-38.501],[-69.437,-38.501],[-69.437,-38.501],[-69.437,-38.501],[-69.437,-38.501],[-69.437,-38.501],[-69.437,-38.501],[-69.437,-38.501],[-69.437,-38.501],[-69.437,-38.501],[-69.4369,-38.501],[-69.4369,-38.501],[-69.4369,-38.501],[-69.4369,-38.501],[-69.4369,-38.501],[-69.4369,-38.5011],[-69.4369,-38.5011],[-69.4369,-38.5011],[-69.4369,-38.5011],[-69.4369,-38.5011],[-69.4369,-38.5011],[-69.4369,-38.5011],[-69.4369,-38.5011],[-69.4369,-38.5011],[-69.4368,-38.5011],[-69.4368,-38.5011],[-69.4368,-38.5011],[-69.4368,-38.5011],[-69.4368,-38.5011],[-69.4368,-38.5011],[-69.4368,-38.5011],[-69.4368,-38.5011],[-69.4368,-38.5011],[-69.4368,-38.5011],[-69.4368,-38.5011],[-69.4368,-38.5011],[-69.4367,-38.5011],[-69.4367,-38.5012],[-69.4367,-38.5012],[-69.4367,-38.5012],[-69.4367,-38.5012],[-69.4367,-38.5012],[-69.4367,-38.5012],[-69.4367,-38.5012],[-69.4367,-38.5012],[-69.4367,-38.5012],[-69.4367,-38.5012],[-69.4367,-38.5012],[-69.4367,-38.5012],[-69.4366,-38.5012],[-69.4366,-38.5012],[-69.4366,-38.5012],[-69.4366,-38.5012],[-69.4366,-38.5012],[-69.4366,-38.5012],[-69.4366,-38.5012],[-69.4366,-38.5012],[-69.4366,-38.5012],[-69.4366,-38.5012],[-69.4366,-38.5013],[-69.4366,-38.5013],[-69.4366,-38.5013],[-69.4365,-38.5013],[-69.4365,-38.5013],[-69.4365,-38.5013],[-69.4365,-38.5013],[-69.4365,-38.5013],[-69.4365,-38.5013],[-69.4365,-38.5013],[-69.4365,-38.5013],[-69.4365,-38.5013],[-69.4365,-38.5013],[-69.4365,-38.5013],[-69.4365,-38.5013],[-69.4365,-38.5013],[-69.4364,-38.5013],[-69.4364,-38.5013],[-69.4364,-38.5013],[-69.4364,-38.5013],[-69.4364,-38.5013],[-69.4364,-38.5013],[-69.4364,-38.5014],[-69.4364,-38.5014],[-69.4364,-38.5014],[-69.4364,-38.5014],[-69.4364,-38.5014],[-69.4364,-38.5014],[-69.4364,-38.5014],[-69.4363,-38.5014],[-69.4363,-38.5014],[-69.4363,-38.5014],[-69.4363,-38.5014],[-69.4363,-38.5014],[-69.4363,-38.5014],[-69.4363,-38.5014],[-69.4363,-38.5014],[-69.4363,-38.5014],[-69.4363,-38.5014],[-69.4363,-38.5014],[-69.4363,-38.5014],[-69.4363,-38.5014],[-69.4362,-38.5014],[-69.4362,-38.5014],[-69.4362,-38.5015],[-69.4362,-38.5015],[-69.4362,-38.5015],[-69.4362,-38.5015],[-69.4362,-38.5015],[-69.4362,-38.5015],[-69.4362,-38.5015],[-69.4362,-38.5015],[-69.4362,-38.5015],[-69.4362,-38.5015],[-69.4362,-38.5015],[-69.4361,-38.5015],[-69.4361,-38.5015],[-69.4361,-38.5015],[-69.4361,-38.5015],[-69.4361,-38.5015],[-69.4361,-38.5015],[-69.4361,-38.5015],[-69.4361,-38.5015],[-69.4361,-38.5015],[-69.4361,-38.5016],[-69.4361,-38.5016],[-69.4361,-38.5016],[-69.4361,-38.5016],[-69.4361,-38.5016],[-69.4361,-38.5016],[-69.436,-38.5016],[-69.436,-38.5016],[-69.436,-38.5016],[-69.436,-38.5016],[-69.436,-38.5016],[-69.436,-38.5016],[-69.436,-38.5016],[-69.436,-38.5016],[-69.436,-38.5016],[-69.436,-38.5016],[-69.436,-38.5016],[-69.436,-38.5016],[-69.436,-38.5017],[-69.436,-38.5017],[-69.4359,-38.5017],[-69.4359,-38.5017],[-69.4359,-38.5017],[-69.4359,-38.5017],[-69.4359,-38.5017],[-69.4359,-38.5017],[-69.4359,-38.5017],[-69.4359,-38.5017],[-69.4359,-38.5017],[-69.4359,-38.5017],[-69.4359,-38.5017],[-69.4359,-38.5017],[-69.4359,-38.5017],[-69.4359,-38.5017],[-69.4358,-38.5017],[-69.4358,-38.5017],[-69.4358,-38.5018],[-69.4358,-38.5018],[-69.4358,-38.5018],[-69.4358,-38.5018],[-69.4358,-38.5018],[-69.4358,-38.5018],[-69.4358,-38.5018],[-69.4358,-38.5018],[-69.4358,-38.5018],[-69.4358,-38.5018],[-69.4358,-38.5018],[-69.4358,-38.5018],[-69.4358,-38.5018],[-69.4357,-38.5018],[-69.4357,-38.5018],[-69.4357,-38.5018],[-69.4357,-38.5018],[-69.4357,-38.5018],[-69.4357,-38.5019],[-69.4357,-38.5019],[-69.4357,-38.5019],[-69.4357,-38.5019],[-69.4357,-38.5019],[-69.4357,-38.5019],[-69.4357,-38.5019],[-69.4357,-38.5019],[-69.4357,-38.5019],[-69.4356,-38.5019],[-69.4356,-38.5019],[-69.4356,-38.5019],[-69.4356,-38.5019],[-69.4356,-38.5019],[-69.4356,-38.5019],[-69.4356,-38.5019],[-69.4356,-38.5019],[-69.4356,-38.5019],[-69.4356,-38.502],[-69.4356,-38.502],[-69.4356,-38.502],[-69.4356,-38.502],[-69.4356,-38.502],[-69.4355,-38.502],[-69.4355,-38.502],[-69.4355,-38.502],[-69.4355,-38.502],[-69.4355,-38.502],[-69.4355,-38.502],[-69.4355,-38.502],[-69.4355,-38.502],[-69.4355,-38.502],[-69.4355,-38.502],[-69.4355,-38.502],[-69.4355,-38.502],[-69.4355,-38.5021],[-69.4355,-38.5021],[-69.4355,-38.5021],[-69.4355,-38.5021],[-69.4354,-38.5021],[-69.4354,-38.5021],[-69.4354,-38.5021],[-69.4354,-38.5021],[-69.4354,-38.5021],[-69.4354,-38.5021],[-69.4354,-38.5021],[-69.4354,-38.5021],[-69.4354,-38.5021],[-69.4354,-38.5021],[-69.4354,-38.5021],[-69.4354,-38.5021],[-69.4354,-38.5022],[-69.4354,-38.5022],[-69.4354,-38.5022],[-69.4354,-38.5022],[-69.4353,-38.5022],[-69.4353,-38.5022],[-69.4353,-38.5022],[-69.4353,-38.5022],[-69.4353,-38.5022],[-69.4353,-38.5022],[-69.4353,-38.5022],[-69.4353,-38.5022],[-69.4353,-38.5022],[-69.4353,-38.5022],[-69.4353,-38.5022],[-69.4353,-38.5023],[-69.4353,-38.5023],[-69.4353,-38.5023],[-69.4353,-38.5023],[-69.4353,-38.5023],[-69.4352,-38.5023],[-69.4352,-38.5023],[-69.4352,-38.5023],[-69.4352,-38.5023],[-69.4352,-38.5023],[-69.4352,-38.5023],[-69.4352,-38.5023],[-69.4352,-38.5023],[-69.4352,-38.5023],[-69.4352,-38.5023],[-69.4352,-38.5024],[-69.4352,-38.5024],[-69.4352,-38.5024],[-69.4352,-38.5024],[-69.4352,-38.5024],[-69.4352,-38.5024],[-69.4351,-38.5024],[-69.4351,-38.5024],[-69.4351,-38.5024],[-69.4351,-38.5024],[-69.4351,-38.5024],[-69.4351,-38.5024],[-69.4351,-38.5024],[-69.4351,-38.5024],[-69.4351,-38.5024],[-69.4351,-38.5024],[-69.4351,-38.5025],[-69.4351,-38.5025],[-69.4351,-38.5025],[-69.4351,-38.5025],[-69.4351,-38.5025],[-69.4351,-38.5025],[-69.4351,-38.5025],[-69.435,-38.5025],[-69.435,-38.5025],[-69.435,-38.5025],[-69.435,-38.5025],[-69.435,-38.5025],[-69.435,-38.5025],[-69.435,-38.5025],[-69.435,-38.5025],[-69.435,-38.5026],[-69.435,-38.5026],[-69.435,-38.5026],[-69.435,-38.5026],[-69.435,-38.5026],[-69.435,-38.5026],[-69.435,-38.5026],[-69.435,-38.5026],[-69.4349,-38.5026],[-69.4349,-38.5026],[-69.4349,-38.5026],[-69.4349,-38.5026],[-69.4349,-38.5026],[-69.4349,-38.5026],[-69.4349,-38.5027],[-69.4349,-38.5027],[-69.4349,-38.5027],[-69.4349,-38.5027],[-69.4349,-38.5027],[-69.4349,-38.5027],[-69.4349,-38.5027],[-69.4349,-38.5027],[-69.4349,-38.5027],[-69.4349,-38.5027],[-69.4349,-38.5027],[-69.4349,-38.5027],[-69.4349,-38.5027],[-69.4348,-38.5027],[-69.4348,-38.5028],[-69.4348,-38.5028],[-69.4348,-38.5028],[-69.4348,-38.5028],[-69.4348,-38.5028],[-69.4348,-38.5028],[-69.4348,-38.5028],[-69.4348,-38.5028],[-69.4348,-38.5028],[-69.4348,-38.5028],[-69.4348,-38.5028],[-69.4348,-38.5028],[-69.4348,-38.5028],[-69.4348,-38.5028],[-69.4348,-38.5028],[-69.4348,-38.5029],[-69.4348,-38.5029],[-69.4347,-38.5029],[-69.4347,-38.5029],[-69.4347,-38.5029],[-69.4347,-38.5029],[-69.4347,-38.5029],[-69.4347,-38.5029],[-69.4347,-38.5029],[-69.4347,-38.5029],[-69.4347,-38.5029],[-69.4347,-38.5029],[-69.4347,-38.5029],[-69.4347,-38.5029],[-69.4347,-38.503],[-69.4347,-38.503],[-69.4347,-38.503],[-69.4347,-38.503],[-69.4347,-38.503],[-69.4347,-38.503],[-69.4346,-38.503],[-69.4346,-38.503],[-69.4346,-38.503],[-69.4346,-38.503],[-69.4346,-38.503],[-69.4346,-38.503],[-69.4346,-38.503],[-69.4346,-38.503],[-69.4346,-38.5031],[-69.4346,-38.5031],[-69.4346,-38.5031],[-69.4346,-38.5031],[-69.4346,-38.5031],[-69.4346,-38.5031],[-69.4346,-38.5031],[-69.4346,-38.5031],[-69.4346,-38.5031],[-69.4346,-38.5031],[-69.4345,-38.5031],[-69.4345,-38.5031],[-69.4345,-38.5031],[-69.4345,-38.5031],[-69.4345,-38.5032],[-69.4345,-38.5032],[-69.4345,-38.5032],[-69.4345,-38.5032],[-69.4345,-38.5032],[-69.4345,-38.5032],[-69.4345,-38.5032],[-69.4345,-38.5032],[-69.4345,-38.5032],[-69.4345,-38.5032],[-69.4345,-38.5032],[-69.4345,-38.5032],[-69.4345,-38.5032],[-69.4345,-38.5033],[-69.4345,-38.5033],[-69.4345,-38.5033],[-69.4345,-38.5033],[-69.4344,-38.5033],[-69.4344,-38.5033],[-69.4344,-38.5033],[-69.4344,-38.5033],[-69.4344,-38.5033],[-69.4344,-38.5033],[-69.4344,-38.5033],[-69.4344,-38.5033],[-69.4344,-38.5033],[-69.4344,-38.5034],[-69.4344,-38.5034],[-69.4344,-38.5034],[-69.4344,-38.5034],[-69.4344,-38.5034],[-69.4344,-38.5034],[-69.4344,-38.5034],[-69.4344,-38.5034],[-69.4344,-38.5034],[-69.4344,-38.5034],[-69.4344,-38.5034],[-69.4344,-38.5034],[-69.4344,-38.5035],[-69.4344,-38.5035],[-69.4344,-38.5035],[-69.4344,-38.5035],[-69.4343,-38.5035],[-69.4343,-38.5035],[-69.4343,-38.5035],[-69.4343,-38.5035],[-69.4343,-38.5035],[-69.4343,-38.5035],[-69.4343,-38.5035],[-69.4343,-38.5035],[-69.4343,-38.5035],[-69.4343,-38.5036],[-69.4343,-38.5036],[-69.4343,-38.5036],[-69.4343,-38.5036],[-69.4343,-38.5036],[-69.4343,-38.5036],[-69.4343,-38.5036],[-69.4343,-38.5036],[-69.4343,-38.5036],[-69.4343,-38.5036],[-69.4343,-38.5036],[-69.4343,-38.5036],[-69.4343,-38.5037],[-69.4343,-38.5037],[-69.4343,-38.5037],[-69.4343,-38.5037],[-69.4343,-38.5037],[-69.4343,-38.5037],[-69.4343,-38.5037],[-69.4343,-38.5037],[-69.4343,-38.5037],[-69.4343,-38.5037],[-69.4343,-38.5037],[-69.4343,-38.5037],[-69.4343,-38.5038],[-69.4343,-38.5038],[-69.4343,-38.5038],[-69.4343,-38.5038],[-69.4343,-38.5038],[-69.4343,-38.5038],[-69.4343,-38.5038],[-69.4343,-38.5038],[-69.4343,-38.5038],[-69.4343,-38.5038],[-69.4343,-38.5038],[-69.4343,-38.5038],[-69.4343,-38.5039],[-69.4343,-38.5039],[-69.4343,-38.5039],[-69.4343,-38.5039],[-69.4343,-38.5039],[-69.4343,-38.5039],[-69.4343,-38.5039],[-69.4343,-38.5039],[-69.4343,-38.5039],[-69.4343,-38.5039],[-69.4343,-38.5039],[-69.4343,-38.504],[-69.4343,-38.504],[-69.4343,-38.504],[-69.4343,-38.504],[-69.4343,-38.504],[-69.4343,-38.504],[-69.4343,-38.504],[-69.4343,-38.504],[-69.4343,-38.504],[-69.4343,-38.504],[-69.4343,-38.504],[-69.4343,-38.5041],[-69.4343,-38.5041],[-69.4343,-38.5041],[-69.4343,-38.5041],[-69.4343,-38.5041],[-69.4343,-38.5041],[-69.4343,-38.5041],[-69.4343,-38.5041],[-69.4343,-38.5041],[-69.4343,-38.5041],[-69.4343,-38.5041],[-69.4343,-38.5041],[-69.4343,-38.5042],[-69.4343,-38.5042],[-69.4343,-38.5042],[-69.4344,-38.5042],[-69.4344,-38.5042],[-69.4344,-38.5042],[-69.4344,-38.5042],[-69.4344,-38.5042],[-69.4344,-38.5042],[-69.4344,-38.5042],[-69.4344,-38.5042],[-69.4344,-38.5043],[-69.4344,-38.5043],[-69.4344,-38.5043],[-69.4344,-38.5043],[-69.4344,-38.5043],[-69.4344,-38.5043],[-69.4344,-38.5043],[-69.4344,-38.5043],[-69.4344,-38.5043],[-69.4343,-38.5043],[-69.4343,-38.5043],[-69.4343,-38.5043],[-69.4343,-38.5043],[-69.4343,-38.5043],[-69.4343,-38.5044],[-69.4343,-38.5044],[-69.4343,-38.5044],[-69.4343,-38.5044],[-69.4343,-38.5044],[-69.4343,-38.5044],[-69.4343,-38.5044],[-69.4343,-38.5044],[-69.4343,-38.5044],[-69.4343,-38.5044],[-69.4343,-38.5044],[-69.4342,-38.5044],[-69.4342,-38.5044],[-69.4342,-38.5044],[-69.4342,-38.5044],[-69.4342,-38.5044],[-69.4342,-38.5045],[-69.4342,-38.5045],[-69.4342,-38.5045],[-69.4342,-38.5045],[-69.4342,-38.5045],[-69.4342,-38.5045],[-69.4342,-38.5045],[-69.4342,-38.5045],[-69.4342,-38.5045],[-69.4342,-38.5045],[-69.4342,-38.5045],[-69.4341,-38.5045],[-69.4341,-38.5045],[-69.4341,-38.5045],[-69.4341,-38.5045],[-69.4341,-38.5045],[-69.4341,-38.5046],[-69.4341,-38.5046],[-69.4341,-38.5046],[-69.4341,-38.5046],[-69.4341,-38.5046],[-69.4341,-38.5046],[-69.4341,-38.5046],[-69.4341,-38.5046],[-69.4341,-38.5046],[-69.4341,-38.5046],[-69.434,-38.5046],[-69.434,-38.5046],[-69.434,-38.5046],[-69.434,-38.5046],[-69.434,-38.5046],[-69.434,-38.5046],[-69.434,-38.5047],[-69.434,-38.5047],[-69.434,-38.5047],[-69.434,-38.5047],[-69.434,-38.5047],[-69.434,-38.5047],[-69.434,-38.5047],[-69.434,-38.5047],[-69.434,-38.5047],[-69.434,-38.5047],[-69.4339,-38.5047],[-69.4339,-38.5047],[-69.4339,-38.5047],[-69.4339,-38.5047],[-69.4339,-38.5047],[-69.4339,-38.5047],[-69.4339,-38.5048],[-69.4339,-38.5048],[-69.4339,-38.5048],[-69.4339,-38.5048],[-69.4339,-38.5048],[-69.4339,-38.5048],[-69.4339,-38.5048],[-69.4339,-38.5048],[-69.4339,-38.5048],[-69.4338,-38.5048],[-69.4338,-38.5048],[-69.4338,-38.5048],[-69.4338,-38.5048],[-69.4338,-38.5048],[-69.4338,-38.5048],[-69.4338,-38.5048],[-69.4338,-38.5049],[-69.4338,-38.5049],[-69.4338,-38.5049],[-69.4338,-38.5049],[-69.4338,-38.5049],[-69.4338,-38.5049],[-69.4338,-38.5049],[-69.4338,-38.5049],[-69.4338,-38.5049],[-69.4338,-38.5049],[-69.4338,-38.5049],[-69.4338,-38.5049],[-69.4337,-38.5049],[-69.4337,-38.505],[-69.4337,-38.505],[-69.4337,-38.505],[-69.4337,-38.505],[-69.4337,-38.505],[-69.4337,-38.505],[-69.4337,-38.505],[-69.4337,-38.505],[-69.4337,-38.505],[-69.4337,-38.505],[-69.4337,-38.505],[-69.4337,-38.505],[-69.4337,-38.505],[-69.4337,-38.505],[-69.4337,-38.5051],[-69.4337,-38.5051],[-69.4337,-38.5051],[-69.4337,-38.5051],[-69.4336,-38.5051],[-69.4336,-38.5051],[-69.4336,-38.5051],[-69.4336,-38.5051],[-69.4336,-38.5051],[-69.4336,-38.5051],[-69.4336,-38.5051],[-69.4336,-38.5051],[-69.4336,-38.5051],[-69.4336,-38.5051],[-69.4336,-38.5052],[-69.4336,-38.5052],[-69.4336,-38.5052],[-69.4336,-38.5052],[-69.4336,-38.5052],[-69.4336,-38.5052],[-69.4336,-38.5052],[-69.4336,-38.5052],[-69.4336,-38.5052],[-69.4335,-38.5052],[-69.4335,-38.5052],[-69.4335,-38.5052],[-69.4335,-38.5052],[-69.4335,-38.5052],[-69.4335,-38.5053],[-69.4335,-38.5053],[-69.4335,-38.5053],[-69.4335,-38.5053],[-69.4335,-38.5053],[-69.4335,-38.5053],[-69.4335,-38.5053],[-69.4335,-38.5053],[-69.4335,-38.5053],[-69.4335,-38.5053],[-69.4335,-38.5053],[-69.4335,-38.5053],[-69.4335,-38.5053],[-69.4335,-38.5054],[-69.4334,-38.5054],[-69.4334,-38.5054],[-69.4334,-38.5054],[-69.4334,-38.5054],[-69.4334,-38.5054],[-69.4334,-38.5054],[-69.4334,-38.5054],[-69.4334,-38.5054],[-69.4334,-38.5054],[-69.4334,-38.5054],[-69.4334,-38.5054],[-69.4334,-38.5054],[-69.4334,-38.5054],[-69.4334,-38.5055],[-69.4334,-38.5055],[-69.4334,-38.5055],[-69.4334,-38.5055],[-69.4334,-38.5055],[-69.4334,-38.5055],[-69.4333,-38.5055],[-69.4333,-38.5055],[-69.4333,-38.5055],[-69.4333,-38.5055],[-69.4333,-38.5055],[-69.4333,-38.5055],[-69.4333,-38.5055],[-69.4333,-38.5055],[-69.4333,-38.5055],[-69.4333,-38.5055],[-69.4333,-38.5056],[-69.4333,-38.5056],[-69.4333,-38.5056],[-69.4333,-38.5056],[-69.4333,-38.5056],[-69.4332,-38.5056],[-69.4332,-38.5056],[-69.4332,-38.5056],[-69.4332,-38.5056],[-69.4332,-38.5056],[-69.4332,-38.5056],[-69.4332,-38.5056],[-69.4332,-38.5056],[-69.4332,-38.5056],[-69.4332,-38.5056],[-69.4332,-38.5056],[-69.4332,-38.5057],[-69.4332,-38.5057],[-69.4332,-38.5057],[-69.4332,-38.5057],[-69.4331,-38.5057],[-69.4331,-38.5057],[-69.4331,-38.5057],[-69.4331,-38.5057],[-69.4331,-38.5057],[-69.4331,-38.5057],[-69.4331,-38.5057],[-69.4331,-38.5057],[-69.4331,-38.5057],[-69.4331,-38.5057],[-69.4331,-38.5057],[-69.4331,-38.5057],[-69.4331,-38.5057],[-69.4331,-38.5058],[-69.4331,-38.5058],[-69.433,-38.5058],[-69.433,-38.5058],[-69.433,-38.5058],[-69.433,-38.5058],[-69.433,-38.5058],[-69.433,-38.5058],[-69.433,-38.5058],[-69.433,-38.5058],[-69.433,-38.5058],[-69.433,-38.5058],[-69.433,-38.5058],[-69.433,-38.5058],[-69.433,-38.5058],[-69.433,-38.5058],[-69.433,-38.5058],[-69.4329,-38.5059],[-69.4329,-38.5059],[-69.4329,-38.5059],[-69.4329,-38.5059],[-69.4329,-38.5059],[-69.4329,-38.5059],[-69.4329,-38.5059],[-69.4329,-38.5059],[-69.4329,-38.5059],[-69.4329,-38.5059],[-69.4329,-38.5059],[-69.4329,-38.5059],[-69.4329,-38.5059],[-69.4329,-38.5059],[-69.4329,-38.5059],[-69.4328,-38.5059],[-69.4328,-38.5059],[-69.4328,-38.506],[-69.4328,-38.506],[-69.4328,-38.506],[-69.4328,-38.506],[-69.4328,-38.506],[-69.4328,-38.506],[-69.4328,-38.506],[-69.4328,-38.506],[-69.4328,-38.506],[-69.4328,-38.506],[-69.4328,-38.506],[-69.4328,-38.506],[-69.4327,-38.506],[-69.4327,-38.506],[-69.4327,-38.506],[-69.4327,-38.506],[-69.4327,-38.506],[-69.4327,-38.506],[-69.4327,-38.506],[-69.4327,-38.506],[-69.4327,-38.506],[-69.4327,-38.506],[-69.4327,-38.5061],[-69.4327,-38.5061],[-69.4327,-38.5061],[-69.4326,-38.5061],[-69.4326,-38.5061],[-69.4326,-38.5061],[-69.4326,-38.5061],[-69.4326,-38.5061],[-69.4326,-38.5061],[-69.4326,-38.5061],[-69.4326,-38.5061],[-69.4326,-38.5061],[-69.4326,-38.5061],[-69.4326,-38.5061],[-69.4326,-38.5061],[-69.4326,-38.5061],[-69.4325,-38.5061],[-69.4325,-38.5061],[-69.4325,-38.5061],[-69.4325,-38.5061],[-69.4325,-38.5061],[-69.4325,-38.5061],[-69.4325,-38.5061],[-69.4325,-38.5062],[-69.4325,-38.5062],[-69.4325,-38.5062],[-69.4325,-38.5062],[-69.4325,-38.5062],[-69.4325,-38.5062],[-69.4324,-38.5062],[-69.4324,-38.5062],[-69.4324,-38.5062],[-69.4324,-38.5062],[-69.4324,-38.5062],[-69.4324,-38.5062],[-69.4324,-38.5062],[-69.4324,-38.5062],[-69.4324,-38.5062],[-69.4324,-38.5062],[-69.4324,-38.5062],[-69.4324,-38.5062],[-69.4323,-38.5062],[-69.4323,-38.5062],[-69.4323,-38.5062],[-69.4323,-38.5062],[-69.4323,-38.5062],[-69.4323,-38.5063],[-69.4323,-38.5063],[-69.4323,-38.5063],[-69.4323,-38.5063],[-69.4323,-38.5063],[-69.4323,-38.5063],[-69.4323,-38.5063],[-69.4322,-38.5063],[-69.4322,-38.5063],[-69.4322,-38.5063],[-69.4322,-38.5063],[-69.4322,-38.5063],[-69.4322,-38.5063],[-69.4322,-38.5063],[-69.4322,-38.5063],[-69.4322,-38.5063],[-69.4322,-38.5063],[-69.4322,-38.5063],[-69.4322,-38.5063],[-69.4321,-38.5063],[-69.4321,-38.5063],[-69.4321,-38.5063],[-69.4321,-38.5063],[-69.4321,-38.5063],[-69.4321,-38.5063],[-69.4321,-38.5063],[-69.4321,-38.5063],[-69.4321,-38.5063],[-69.4321,-38.5063],[-69.4321,-38.5063],[-69.432,-38.5063],[-69.432,-38.5063],[-69.432,-38.5063],[-69.432,-38.5063],[-69.432,-38.5063],[-69.432,-38.5063],[-69.432,-38.5063],[-69.432,-38.5063],[-69.432,-38.5063],[-69.432,-38.5063],[-69.432,-38.5063],[-69.4319,-38.5063],[-69.4319,-38.5063],[-69.4319,-38.5063],[-69.4319,-38.5063],[-69.4319,-38.5063],[-69.4319,-38.5063],[-69.4319,-38.5063],[-69.4319,-38.5063],[-69.4319,-38.5063],[-69.4319,-38.5063],[-69.4319,-38.5063],[-69.4319,-38.5063],[-69.4318,-38.5063],[-69.4318,-38.5063],[-69.4318,-38.5063],[-69.4318,-38.5063],[-69.4318,-38.5063],[-69.4318,-38.5063],[-69.4318,-38.5063],[-69.4318,-38.5063],[-69.4318,-38.5063],[-69.4318,-38.5063],[-69.4318,-38.5063],[-69.4317,-38.5063],[-69.4317,-38.5063],[-69.4317,-38.5063],[-69.4317,-38.5064],[-69.4317,-38.5064],[-69.4317,-38.5064],[-69.4317,-38.5064],[-69.4317,-38.5064],[-69.4317,-38.5064],[-69.4317,-38.5064],[-69.4317,-38.5064],[-69.4316,-38.5064],[-69.4316,-38.5064],[-69.4316,-38.5064],[-69.4316,-38.5064],[-69.4316,-38.5064],[-69.4316,-38.5064],[-69.4316,-38.5064],[-69.4316,-38.5064],[-69.4316,-38.5064],[-69.4316,-38.5064],[-69.4316,-38.5064],[-69.4315,-38.5064],[-69.4315,-38.5064],[-69.4315,-38.5064],[-69.4315,-38.5064],[-69.4315,-38.5064],[-69.4315,-38.5064],[-69.4315,-38.5064],[-69.4315,-38.5064],[-69.4315,-38.5064],[-69.4315,-38.5064],[-69.4315,-38.5064],[-69.4315,-38.5064],[-69.4314,-38.5064],[-69.4314,-38.5064],[-69.4314,-38.5064],[-69.4314,-38.5064],[-69.4314,-38.5064],[-69.4314,-38.5064],[-69.4314,-38.5064],[-69.4314,-38.5064],[-69.4314,-38.5064],[-69.4314,-38.5064],[-69.4314,-38.5064],[-69.4313,-38.5064],[-69.4313,-38.5064],[-69.4313,-38.5064],[-69.4313,-38.5064],[-69.4313,-38.5064],[-69.4313,-38.5064],[-69.4313,-38.5064],[-69.4313,-38.5064],[-69.4313,-38.5064],[-69.4313,-38.5064],[-69.4313,-38.5064],[-69.4313,-38.5065],[-69.4312,-38.5065],[-69.4312,-38.5065],[-69.4312,-38.5065],[-69.4312,-38.5065],[-69.4312,-38.5065],[-69.4312,-38.5065],[-69.4312,-38.5065],[-69.4312,-38.5065],[-69.4312,-38.5065],[-69.4312,-38.5065],[-69.4312,-38.5065],[-69.4312,-38.5065],[-69.4311,-38.5065],[-69.4311,-38.5065],[-69.4311,-38.5065],[-69.4311,-38.5065],[-69.4311,-38.5065],[-69.4311,-38.5065],[-69.4311,-38.5065],[-69.4311,-38.5065],[-69.4311,-38.5065],[-69.4311,-38.5065],[-69.4311,-38.5065],[-69.4311,-38.5065],[-69.431,-38.5065],[-69.431,-38.5065],[-69.431,-38.5065],[-69.431,-38.5065],[-69.431,-38.5066],[-69.431,-38.5066],[-69.431,-38.5066],[-69.431,-38.5066],[-69.431,-38.5066],[-69.431,-38.5066],[-69.431,-38.5066],[-69.431,-38.5066],[-69.4309,-38.5066],[-69.4309,-38.5066],[-69.4309,-38.5066],[-69.4309,-38.5066],[-69.4309,-38.5066],[-69.4309,-38.5066],[-69.4309,-38.5066],[-69.4309,-38.5066],[-69.4309,-38.5066],[-69.4309,-38.5066],[-69.4309,-38.5066],[-69.4309,-38.5066],[-69.4309,-38.5066],[-69.4308,-38.5066],[-69.4308,-38.5066],[-69.4308,-38.5066],[-69.4308,-38.5066],[-69.4308,-38.5066],[-69.4308,-38.5066],[-69.4308,-38.5066],[-69.4308,-38.5067],[-69.4308,-38.5067],[-69.4308,-38.5067],[-69.4308,-38.5067],[-69.4308,-38.5067],[-69.4307,-38.5067],[-69.4307,-38.5067],[-69.4307,-38.5067],[-69.4307,-38.5067],[-69.4307,-38.5067],[-69.4307,-38.5067],[-69.4307,-38.5067],[-69.4307,-38.5067],[-69.4307,-38.5067],[-69.4307,-38.5067],[-69.4307,-38.5067],[-69.4307,-38.5067],[-69.4306,-38.5067],[-69.4306,-38.5067],[-69.4306,-38.5067],[-69.4306,-38.5067],[-69.4306,-38.5067],[-69.4306,-38.5067],[-69.4306,-38.5067],[-69.4306,-38.5067],[-69.4306,-38.5067],[-69.4306,-38.5067],[-69.4306,-38.5067],[-69.4306,-38.5067],[-69.4305,-38.5067],[-69.4305,-38.5067],[-69.4305,-38.5067],[-69.4305,-38.5068],[-69.4305,-38.5068],[-69.4305,-38.5068],[-69.4305,-38.5068],[-69.4305,-38.5068],[-69.4305,-38.5068],[-69.4305,-38.5068],[-69.4305,-38.5068],[-69.4304,-38.5068],[-69.4304,-38.5068],[-69.4304,-38.5068],[-69.4304,-38.5068],[-69.4304,-38.5068],[-69.4304,-38.5068],[-69.4304,-38.5068],[-69.4304,-38.5068],[-69.4304,-38.5068],[-69.4304,-38.5068],[-69.4304,-38.5068],[-69.4304,-38.5068],[-69.4303,-38.5068],[-69.4303,-38.5068],[-69.4303,-38.5068],[-69.4303,-38.5068],[-69.4303,-38.5068],[-69.4303,-38.5068],[-69.4303,-38.5068],[-69.4303,-38.5068],[-69.4303,-38.5068],[-69.4303,-38.5068],[-69.4303,-38.5068],[-69.4303,-38.5068],[-69.4302,-38.5068],[-69.4302,-38.5068],[-69.4302,-38.5068],[-69.4302,-38.5068],[-69.4302,-38.5068],[-69.4302,-38.5069],[-69.4302,-38.5069],[-69.4302,-38.5069],[-69.4302,-38.5069],[-69.4302,-38.5069],[-69.4302,-38.5069],[-69.4301,-38.5069],[-69.4301,-38.5069],[-69.4301,-38.5069],[-69.4301,-38.5069],[-69.4301,-38.5069],[-69.4301,-38.5069],[-69.4301,-38.5069],[-69.4301,-38.5069],[-69.4301,-38.5069],[-69.4301,-38.5069],[-69.4301,-38.5069],[-69.4301,-38.5069],[-69.43,-38.5069],[-69.43,-38.5069],[-69.43,-38.5069],[-69.43,-38.5069],[-69.43,-38.5069],[-69.43,-38.5069],[-69.43,-38.5069],[-69.43,-38.5069],[-69.43,-38.5069],[-69.43,-38.5069],[-69.43,-38.5069],[-69.43,-38.5069],[-69.4299,-38.5069],[-69.4299,-38.5069],[-69.4299,-38.5069],[-69.4299,-38.5069],[-69.4299,-38.5069],[-69.4299,-38.5069],[-69.4299,-38.5069],[-69.4299,-38.507],[-69.4299,-38.507],[-69.4299,-38.507],[-69.4299,-38.507],[-69.4299,-38.507],[-69.4298,-38.507],[-69.4298,-38.507],[-69.4298,-38.507],[-69.4298,-38.507],[-69.4298,-38.507],[-69.4298,-38.507],[-69.4298,-38.507],[-69.4298,-38.507],[-69.4298,-38.507],[-69.4298,-38.507],[-69.4298,-38.507],[-69.4297,-38.507],[-69.4297,-38.507],[-69.4297,-38.507],[-69.4297,-38.507],[-69.4297,-38.507],[-69.4297,-38.507],[-69.4297,-38.507],[-69.4297,-38.507],[-69.4297,-38.507],[-69.4297,-38.507],[-69.4297,-38.507],[-69.4297,-38.507],[-69.4296,-38.507],[-69.4296,-38.507],[-69.4296,-38.507],[-69.4296,-38.507],[-69.4296,-38.507],[-69.4296,-38.507],[-69.4296,-38.507],[-69.4296,-38.507],[-69.4296,-38.507],[-69.4296,-38.5071],[-69.4296,-38.5071],[-69.4296,-38.5071],[-69.4295,-38.5071],[-69.4295,-38.5071],[-69.4295,-38.5071],[-69.4295,-38.5071],[-69.4295,-38.5071],[-69.4295,-38.5071],[-69.4295,-38.5071],[-69.4295,-38.5071],[-69.4295,-38.5071],[-69.4295,-38.5071],[-69.4295,-38.5071],[-69.4295,-38.5071],[-69.4294,-38.5071],[-69.4294,-38.5071],[-69.4294,-38.5071],[-69.4294,-38.5071],[-69.4294,-38.5071],[-69.4294,-38.5071],[-69.4294,-38.5071],[-69.4294,-38.5071],[-69.4294,-38.5071],[-69.4294,-38.5071],[-69.4294,-38.5071],[-69.4294,-38.5071],[-69.4293,-38.5071],[-69.4293,-38.5072],[-69.4293,-38.5072],[-69.4293,-38.5072],[-69.4293,-38.5072],[-69.4293,-38.5072],[-69.4293,-38.5072],[-69.4293,-38.5072],[-69.4293,-38.5072],[-69.4293,-38.5072],[-69.4293,-38.5072],[-69.4293,-38.5072],[-69.4293,-38.5072],[-69.4292,-38.5072],[-69.4292,-38.5072],[-69.4292,-38.5072],[-69.4292,-38.5072],[-69.4292,-38.5072],[-69.4292,-38.5072],[-69.4292,-38.5072],[-69.4292,-38.5072],[-69.4292,-38.5072],[-69.4292,-38.5072],[-69.4292,-38.5072],[-69.4292,-38.5072],[-69.4291,-38.5072],[-69.4291,-38.5073],[-69.4291,-38.5073],[-69.4291,-38.5073],[-69.4291,-38.5073],[-69.4291,-38.5073],[-69.4291,-38.5073],[-69.4291,-38.5073],[-69.4291,-38.5073],[-69.4291,-38.5073],[-69.4291,-38.5073],[-69.4291,-38.5073],[-69.4291,-38.5073],[-69.429,-38.5073],[-69.429,-38.5073],[-69.429,-38.5073],[-69.429,-38.5073],[-69.429,-38.5073],[-69.429,-38.5073],[-69.429,-38.5073],[-69.429,-38.5073],[-69.429,-38.5073],[-69.429,-38.5073],[-69.429,-38.5073],[-69.429,-38.5073],[-69.429,-38.5074],[-69.4289,-38.5074],[-69.4289,-38.5074],[-69.4289,-38.5074],[-69.4289,-38.5074],[-69.4289,-38.5074],[-69.4289,-38.5074],[-69.4289,-38.5074],[-69.4289,-38.5074],[-69.4289,-38.5074],[-69.4289,-38.5074],[-69.4289,-38.5074],[-69.4289,-38.5074],[-69.4288,-38.5074],[-69.4288,-38.5074],[-69.4288,-38.5074],[-69.4288,-38.5074],[-69.4288,-38.5074],[-69.4288,-38.5074],[-69.4288,-38.5074],[-69.4288,-38.5074],[-69.4288,-38.5074],[-69.4288,-38.5074],[-69.4288,-38.5074],[-69.4288,-38.5074],[-69.4288,-38.5075],[-69.4287,-38.5075],[-69.4287,-38.5075],[-69.4287,-38.5075],[-69.4287,-38.5075],[-69.4287,-38.5075],[-69.4287,-38.5075],[-69.4287,-38.5075],[-69.4287,-38.5075],[-69.4287,-38.5075],[-69.4287,-38.5075],[-69.4287,-38.5075],[-69.4287,-38.5075],[-69.4286,-38.5075],[-69.4286,-38.5075],[-69.4286,-38.5075],[-69.4286,-38.5075],[-69.4286,-38.5075],[-69.4286,-38.5075],[-69.4286,-38.5075],[-69.4286,-38.5075],[-69.4286,-38.5075],[-69.4286,-38.5075],[-69.4286,-38.5075],[-69.4286,-38.5076],[-69.4286,-38.5076],[-69.4285,-38.5076],[-69.4285,-38.5076],[-69.4285,-38.5076],[-69.4285,-38.5076],[-69.4285,-38.5076],[-69.4285,-38.5076],[-69.4285,-38.5076],[-69.4285,-38.5076],[-69.4285,-38.5076],[-69.4285,-38.5076],[-69.4285,-38.5076],[-69.4285,-38.5076],[-69.4284,-38.5076],[-69.4284,-38.5076],[-69.4284,-38.5076],[-69.4284,-38.5076],[-69.4284,-38.5076],[-69.4284,-38.5076],[-69.4284,-38.5076],[-69.4284,-38.5077],[-69.4284,-38.5077],[-69.4284,-38.5077],[-69.4284,-38.5077],[-69.4284,-38.5077],[-69.4284,-38.5077],[-69.4284,-38.5077],[-69.4284,-38.5077],[-69.4284,-38.5077],[-69.4284,-38.5077],[-69.4283,-38.5077],[-69.4283,-38.5077],[-69.4283,-38.5077],[-69.4283,-38.5077],[-69.4283,-38.5077],[-69.4283,-38.5078],[-69.4283,-38.5078],[-69.4283,-38.5078],[-69.4283,-38.5078],[-69.4283,-38.5078],[-69.4283,-38.5078],[-69.4283,-38.5078],[-69.4283,-38.5078],[-69.4283,-38.5078],[-69.4283,-38.5078],[-69.4283,-38.5078],[-69.4282,-38.5078],[-69.4282,-38.5078],[-69.4282,-38.5078],[-69.4282,-38.5078],[-69.4282,-38.5078],[-69.4282,-38.5079],[-69.4282,-38.5079],[-69.4282,-38.5079],[-69.4282,-38.5079],[-69.4282,-38.5079],[-69.4282,-38.5079],[-69.4282,-38.5079],[-69.4282,-38.5079],[-69.4282,-38.5079],[-69.4282,-38.5079],[-69.4282,-38.5079],[-69.4281,-38.5079],[-69.4281,-38.5079],[-69.4281,-38.5079],[-69.4281,-38.5079],[-69.4281,-38.508],[-69.4281,-38.508],[-69.4281,-38.508],[-69.4281,-38.508],[-69.4281,-38.508],[-69.4281,-38.508],[-69.4281,-38.508],[-69.4281,-38.508],[-69.4281,-38.508],[-69.4281,-38.508],[-69.4281,-38.508],[-69.4281,-38.508],[-69.428,-38.508],[-69.428,-38.508],[-69.428,-38.508],[-69.428,-38.508],[-69.428,-38.508],[-69.428,-38.508],[-69.428,-38.5081],[-69.428,-38.5081],[-69.428,-38.5081],[-69.428,-38.5081],[-69.428,-38.5081],[-69.428,-38.5081],[-69.428,-38.5081],[-69.4279,-38.5081],[-69.4279,-38.5081],[-69.4279,-38.5081],[-69.4279,-38.5081],[-69.4279,-38.5081],[-69.4279,-38.5081],[-69.4279,-38.5081],[-69.4279,-38.5081],[-69.4279,-38.5081],[-69.4279,-38.5081],[-69.4279,-38.5081],[-69.4279,-38.5081],[-69.4279,-38.5082],[-69.4279,-38.5082],[-69.4278,-38.5082],[-69.4278,-38.5082],[-69.4278,-38.5082],[-69.4278,-38.5082],[-69.4278,-38.5082],[-69.4278,-38.5082],[-69.4278,-38.5082],[-69.4278,-38.5082],[-69.4278,-38.5082],[-69.4278,-38.5082],[-69.4278,-38.5082],[-69.4278,-38.5082],[-69.4278,-38.5082],[-69.4278,-38.5082],[-69.4277,-38.5082],[-69.4277,-38.5082],[-69.4277,-38.5082],[-69.4277,-38.5083],[-69.4277,-38.5083],[-69.4277,-38.5083],[-69.4277,-38.5083],[-69.4277,-38.5083],[-69.4277,-38.5083],[-69.4277,-38.5083],[-69.4277,-38.5083],[-69.4277,-38.5083],[-69.4277,-38.5083],[-69.4277,-38.5083],[-69.4276,-38.5083],[-69.4276,-38.5083],[-69.4276,-38.5083],[-69.4276,-38.5083],[-69.4276,-38.5083],[-69.4276,-38.5083],[-69.4276,-38.5083],[-69.4276,-38.5083],[-69.4276,-38.5084],[-69.4276,-38.5084],[-69.4276,-38.5084],[-69.4276,-38.5084],[-69.4276,-38.5084],[-69.4275,-38.5084],[-69.4275,-38.5084],[-69.4275,-38.5084],[-69.4275,-38.5084],[-69.4275,-38.5084],[-69.4275,-38.5084],[-69.4275,-38.5084],[-69.4275,-38.5084],[-69.4275,-38.5084],[-69.4275,-38.5084],[-69.4275,-38.5084],[-69.4275,-38.5084],[-69.4275,-38.5084],[-69.4275,-38.5084],[-69.4274,-38.5084],[-69.4274,-38.5085],[-69.4274,-38.5085],[-69.4274,-38.5085],[-69.4274,-38.5085],[-69.4274,-38.5085],[-69.4274,-38.5085],[-69.4274,-38.5085],[-69.4274,-38.5085],[-69.4274,-38.5085],[-69.4274,-38.5085],[-69.4274,-38.5085],[-69.4274,-38.5085],[-69.4273,-38.5085],[-69.4273,-38.5085],[-69.4273,-38.5085],[-69.4273,-38.5085],[-69.4273,-38.5085],[-69.4273,-38.5085],[-69.4273,-38.5085],[-69.4273,-38.5085],[-69.4273,-38.5085],[-69.4273,-38.5085],[-69.4273,-38.5086],[-69.4273,-38.5086],[-69.4273,-38.5086],[-69.4272,-38.5086],[-69.4272,-38.5086],[-69.4272,-38.5086],[-69.4272,-38.5086],[-69.4272,-38.5086],[-69.4272,-38.5086],[-69.4272,-38.5086],[-69.4272,-38.5086],[-69.4272,-38.5086],[-69.4272,-38.5086],[-69.4272,-38.5086],[-69.4272,-38.5086],[-69.4272,-38.5086],[-69.4271,-38.5086],[-69.4271,-38.5086],[-69.4271,-38.5086],[-69.4271,-38.5086],[-69.4271,-38.5086],[-69.4271,-38.5087],[-69.4271,-38.5087],[-69.4271,-38.5087],[-69.4271,-38.5087],[-69.4271,-38.5087],[-69.4271,-38.5087],[-69.4271,-38.5087],[-69.4271,-38.5087],[-69.427,-38.5087],[-69.427,-38.5087],[-69.427,-38.5087],[-69.427,-38.5087],[-69.427,-38.5087],[-69.427,-38.5087],[-69.427,-38.5087],[-69.427,-38.5087],[-69.427,-38.5087],[-69.427,-38.5087],[-69.427,-38.5087],[-69.427,-38.5087],[-69.427,-38.5087],[-69.4269,-38.5087],[-69.4269,-38.5088],[-69.4269,-38.5088],[-69.4269,-38.5088],[-69.4269,-38.5088],[-69.4269,-38.5088],[-69.4269,-38.5088],[-69.4269,-38.5088],[-69.4269,-38.5088],[-69.4269,-38.5088],[-69.4269,-38.5088],[-69.4269,-38.5088],[-69.4269,-38.5088],[-69.4269,-38.5088],[-69.4268,-38.5088],[-69.4268,-38.5088],[-69.4268,-38.5088],[-69.4268,-38.5088],[-69.4268,-38.5088],[-69.4268,-38.5088],[-69.4268,-38.5088],[-69.4268,-38.5088],[-69.4268,-38.5089],[-69.4268,-38.5089],[-69.4268,-38.5089],[-69.4268,-38.5089],[-69.4268,-38.5089],[-69.4267,-38.5089],[-69.4267,-38.5089],[-69.4267,-38.5089],[-69.4267,-38.5089],[-69.4267,-38.5089],[-69.4267,-38.5089],[-69.4267,-38.5089],[-69.4267,-38.5089],[-69.4267,-38.5089],[-69.4267,-38.5089],[-69.4267,-38.5089],[-69.4267,-38.5089],[-69.4266,-38.5089],[-69.4266,-38.5089],[-69.4266,-38.5089],[-69.4266,-38.5089],[-69.4266,-38.5089],[-69.4266,-38.5089],[-69.4266,-38.5089],[-69.4266,-38.5089],[-69.4266,-38.5089],[-69.4266,-38.5089],[-69.4266,-38.5089],[-69.4265,-38.5089],[-69.4265,-38.5089],[-69.4265,-38.5089],[-69.4265,-38.5089],[-69.4265,-38.5089],[-69.4265,-38.5089],[-69.4265,-38.509],[-69.4265,-38.509],[-69.4265,-38.509],[-69.4265,-38.509],[-69.4265,-38.509],[-69.4265,-38.509],[-69.4264,-38.509],[-69.4264,-38.509],[-69.4264,-38.509],[-69.4264,-38.509],[-69.4264,-38.509],[-69.4264,-38.509],[-69.4264,-38.509],[-69.4264,-38.509],[-69.4264,-38.509],[-69.4264,-38.509],[-69.4264,-38.509],[-69.4263,-38.509],[-69.4263,-38.509],[-69.4263,-38.509],[-69.4263,-38.509],[-69.4263,-38.509],[-69.4263,-38.509],[-69.4263,-38.509],[-69.4263,-38.509],[-69.4263,-38.509],[-69.4263,-38.509],[-69.4263,-38.509],[-69.4263,-38.509],[-69.4262,-38.509],[-69.4262,-38.509],[-69.4262,-38.509],[-69.4262,-38.509],[-69.4262,-38.509],[-69.4262,-38.509],[-69.4262,-38.509],[-69.4262,-38.509],[-69.4262,-38.509],[-69.4262,-38.509],[-69.4262,-38.509],[-69.4261,-38.509],[-69.4261,-38.509],[-69.4261,-38.509],[-69.4261,-38.509],[-69.4261,-38.509],[-69.4261,-38.509],[-69.4261,-38.509],[-69.4261,-38.509],[-69.4261,-38.509],[-69.4261,-38.5091],[-69.4261,-38.5091],[-69.4261,-38.5091],[-69.426,-38.5091],[-69.426,-38.5091],[-69.426,-38.5091],[-69.426,-38.5091],[-69.426,-38.5091],[-69.426,-38.5091],[-69.426,-38.5091],[-69.426,-38.5091],[-69.426,-38.5091],[-69.426,-38.5091],[-69.426,-38.5091],[-69.4259,-38.5091],[-69.4259,-38.5091],[-69.4259,-38.5091],[-69.4259,-38.5091],[-69.4259,-38.5091],[-69.4259,-38.5091],[-69.4259,-38.5091],[-69.4259,-38.5091],[-69.4259,-38.5091],[-69.4259,-38.5091],[-69.4259,-38.5091],[-69.4259,-38.5091],[-69.4258,-38.5091],[-69.4258,-38.5091],[-69.4258,-38.5091],[-69.4258,-38.5091],[-69.4258,-38.5091],[-69.4258,-38.5091],[-69.4258,-38.5091],[-69.4258,-38.5091],[-69.4258,-38.5091],[-69.4258,-38.5091],[-69.4258,-38.5091],[-69.4257,-38.5091],[-69.4257,-38.5091],[-69.4257,-38.5091],[-69.4257,-38.5091],[-69.4257,-38.5091],[-69.4257,-38.5091],[-69.4257,-38.5091],[-69.4257,-38.5091],[-69.4257,-38.5091],[-69.4257,-38.5091],[-69.4257,-38.5091],[-69.4256,-38.5091],[-69.4256,-38.5092],[-69.4256,-38.5092],[-69.4256,-38.5092],[-69.4256,-38.5092],[-69.4256,-38.5092],[-69.4256,-38.5092],[-69.4256,-38.5092],[-69.4256,-38.5092],[-69.4256,-38.5092],[-69.4256,-38.5092],[-69.4256,-38.5092],[-69.4255,-38.5092],[-69.4255,-38.5092],[-69.4255,-38.5092],[-69.4255,-38.5092],[-69.4255,-38.5092],[-69.4255,-38.5092],[-69.4255,-38.5092],[-69.4255,-38.5092],[-69.4255,-38.5092],[-69.4255,-38.5092],[-69.4255,-38.5092],[-69.4254,-38.5092],[-69.4254,-38.5092],[-69.4254,-38.5092],[-69.4254,-38.5092],[-69.4254,-38.5092],[-69.4254,-38.5092],[-69.4254,-38.5092],[-69.4254,-38.5092],[-69.4254,-38.5092],[-69.4254,-38.5092],[-69.4254,-38.5092],[-69.4254,-38.5092],[-69.4253,-38.5092],[-69.4253,-38.5092],[-69.4253,-38.5092],[-69.4253,-38.5092],[-69.4253,-38.5092],[-69.4253,-38.5092],[-69.4253,-38.5092],[-69.4253,-38.5092],[-69.4253,-38.5092],[-69.4253,-38.5092],[-69.4253,-38.5092],[-69.4252,-38.5092],[-69.4252,-38.5092],[-69.4252,-38.5092],[-69.4252,-38.5092],[-69.4252,-38.5092],[-69.4252,-38.5092],[-69.4252,-38.5092],[-69.4252,-38.5092],[-69.4252,-38.5092],[-69.4252,-38.5092],[-69.4252,-38.5092],[-69.4252,-38.5092],[-69.4251,-38.5092],[-69.4251,-38.5092],[-69.4251,-38.5092],[-69.4251,-38.5092],[-69.4251,-38.5093],[-69.4251,-38.5093],[-69.4251,-38.5093],[-69.4251,-38.5093],[-69.4251,-38.5093],[-69.4251,-38.5093],[-69.4251,-38.5093],[-69.425,-38.5093],[-69.425,-38.5093],[-69.425,-38.5093],[-69.425,-38.5093],[-69.425,-38.5093],[-69.425,-38.5093],[-69.425,-38.5093],[-69.425,-38.5093],[-69.425,-38.5093],[-69.425,-38.5093],[-69.425,-38.5093],[-69.4249,-38.5093],[-69.4249,-38.5093],[-69.4249,-38.5093],[-69.4249,-38.5093],[-69.4249,-38.5093],[-69.4249,-38.5093],[-69.4249,-38.5093],[-69.4249,-38.5093],[-69.4249,-38.5093],[-69.4249,-38.5093],[-69.4249,-38.5093],[-69.4249,-38.5093],[-69.4248,-38.5093],[-69.4248,-38.5093],[-69.4248,-38.5093],[-69.4248,-38.5093],[-69.4248,-38.5093],[-69.4248,-38.5093],[-69.4248,-38.5093],[-69.4248,-38.5093],[-69.4248,-38.5093],[-69.4248,-38.5093],[-69.4248,-38.5093],[-69.4247,-38.5093],[-69.4247,-38.5093],[-69.4247,-38.5093],[-69.4247,-38.5093],[-69.4247,-38.5093],[-69.4247,-38.5093],[-69.4247,-38.5093],[-69.4247,-38.5093],[-69.4247,-38.5093],[-69.4247,-38.5093],[-69.4247,-38.5093],[-69.4246,-38.5093],[-69.4246,-38.5093],[-69.4246,-38.5093],[-69.4246,-38.5093],[-69.4246,-38.5093],[-69.4246,-38.5093],[-69.4246,-38.5093],[-69.4246,-38.5093],[-69.4246,-38.5093],[-69.4246,-38.5093],[-69.4246,-38.5093],[-69.4246,-38.5093],[-69.4245,-38.5093],[-69.4245,-38.5093],[-69.4245,-38.5093],[-69.4245,-38.5093],[-69.4245,-38.5093],[-69.4245,-38.5093],[-69.4245,-38.5093],[-69.4245,-38.5093],[-69.4245,-38.5093],[-69.4245,-38.5093],[-69.4245,-38.5093],[-69.4244,-38.5093],[-69.4244,-38.5093],[-69.4244,-38.5093],[-69.4244,-38.5093],[-69.4244,-38.5093],[-69.4244,-38.5093],[-69.4244,-38.5093],[-69.4244,-38.5093],[-69.4244,-38.5093],[-69.4244,-38.5093],[-69.4244,-38.5093],[-69.4243,-38.5093],[-69.4243,-38.5093],[-69.4243,-38.5093],[-69.4243,-38.5093],[-69.4243,-38.5094],[-69.4243,-38.5094],[-69.4243,-38.5094],[-69.4243,-38.5094],[-69.4243,-38.5094],[-69.4243,-38.5094],[-69.4243,-38.5094],[-69.4242,-38.5094],[-69.4242,-38.5094],[-69.4242,-38.5094],[-69.4242,-38.5094],[-69.4242,-38.5094],[-69.4242,-38.5094],[-69.4242,-38.5094],[-69.4242,-38.5094],[-69.4242,-38.5094],[-69.4242,-38.5094],[-69.4242,-38.5094],[-69.4241,-38.5094],[-69.4241,-38.5094],[-69.4241,-38.5094],[-69.4241,-38.5094],[-69.4241,-38.5094],[-69.4241,-38.5094],[-69.4241,-38.5094],[-69.4241,-38.5094],[-69.4241,-38.5094],[-69.4241,-38.5094],[-69.4241,-38.5094],[-69.4241,-38.5094],[-69.424,-38.5094],[-69.424,-38.5094],[-69.424,-38.5094],[-69.424,-38.5094],[-69.424,-38.5094],[-69.424,-38.5094],[-69.424,-38.5094],[-69.424,-38.5094],[-69.424,-38.5094],[-69.424,-38.5094],[-69.424,-38.5094],[-69.4239,-38.5094],[-69.4239,-38.5094],[-69.4239,-38.5094],[-69.4239,-38.5094],[-69.4239,-38.5094],[-69.4239,-38.5094],[-69.4239,-38.5094],[-69.4239,-38.5094],[-69.4239,-38.5094],[-69.4239,-38.5094],[-69.4239,-38.5094],[-69.4238,-38.5094],[-69.4238,-38.5094],[-69.4238,-38.5094],[-69.4238,-38.5094],[-69.4238,-38.5094],[-69.4238,-38.5094],[-69.4238,-38.5094],[-69.4238,-38.5094],[-69.4238,-38.5094],[-69.4238,-38.5094],[-69.4238,-38.5094],[-69.4237,-38.5094],[-69.4237,-38.5094],[-69.4237,-38.5094],[-69.4237,-38.5094],[-69.4237,-38.5094],[-69.4237,-38.5094],[-69.4237,-38.5094],[-69.4237,-38.5094],[-69.4237,-38.5094],[-69.4237,-38.5094],[-69.4237,-38.5094],[-69.4236,-38.5094],[-69.4236,-38.5094],[-69.4236,-38.5094],[-69.4236,-38.5094],[-69.4236,-38.5094],[-69.4236,-38.5094],[-69.4236,-38.5094],[-69.4236,-38.5094],[-69.4236,-38.5094],[-69.4236,-38.5094],[-69.4236,-38.5094],[-69.4236,-38.5094],[-69.4235,-38.5094],[-69.4235,-38.5094],[-69.4235,-38.5094],[-69.4235,-38.5094],[-69.4235,-38.5094],[-69.4235,-38.5094],[-69.4235,-38.5094],[-69.4235,-38.5094],[-69.4235,-38.5094],[-69.4235,-38.5094],[-69.4235,-38.5094],[-69.4234,-38.5094],[-69.4234,-38.5094],[-69.4234,-38.5094],[-69.4234,-38.5094],[-69.4234,-38.5094],[-69.4234,-38.5094],[-69.4234,-38.5094],[-69.4234,-38.5094],[-69.4234,-38.5094],[-69.4234,-38.5094],[-69.4234,-38.5094],[-69.4233,-38.5094],[-69.4233,-38.5094],[-69.4233,-38.5094],[-69.4233,-38.5094],[-69.4233,-38.5094],[-69.4233,-38.5094],[-69.4233,-38.5094],[-69.4233,-38.5094],[-69.4233,-38.5094],[-69.4233,-38.5094],[-69.4233,-38.5094],[-69.4232,-38.5094],[-69.4232,-38.5094],[-69.4232,-38.5094],[-69.4232,-38.5094],[-69.4232,-38.5094],[-69.4232,-38.5094],[-69.4232,-38.5094],[-69.4232,-38.5094],[-69.4232,-38.5094],[-69.4232,-38.5094],[-69.4232,-38.5094],[-69.4231,-38.5094],[-69.4231,-38.5094],[-69.4231,-38.5094],[-69.4231,-38.5094],[-69.4231,-38.5094],[-69.4231,-38.5094],[-69.4231,-38.5094],[-69.4231,-38.5094],[-69.4231,-38.5094],[-69.4231,-38.5094],[-69.4231,-38.5094],[-69.4231,-38.5094],[-69.423,-38.5094],[-69.423,-38.5094],[-69.423,-38.5094],[-69.423,-38.5094],[-69.423,-38.5094],[-69.423,-38.5094],[-69.423,-38.5094],[-69.423,-38.5094],[-69.423,-38.5094],[-69.423,-38.5094],[-69.423,-38.5094],[-69.4229,-38.5094],[-69.4229,-38.5094],[-69.4229,-38.5094],[-69.4229,-38.5094],[-69.4229,-38.5094],[-69.4229,-38.5094],[-69.4229,-38.5094],[-69.4229,-38.5094],[-69.4229,-38.5094],[-69.4229,-38.5094],[-69.4229,-38.5094],[-69.4228,-38.5094],[-69.4228,-38.5094],[-69.4228,-38.5094],[-69.4228,-38.5094],[-69.4228,-38.5094],[-69.4228,-38.5094],[-69.4228,-38.5094],[-69.4228,-38.5094],[-69.4228,-38.5094],[-69.4228,-38.5094],[-69.4228,-38.5094],[-69.4227,-38.5094],[-69.4227,-38.5094],[-69.4227,-38.5094],[-69.4227,-38.5094],[-69.4227,-38.5094],[-69.4227,-38.5094],[-69.4227,-38.5094],[-69.4227,-38.5094],[-69.4227,-38.5094],[-69.4227,-38.5094],[-69.4227,-38.5094],[-69.4226,-38.5094],[-69.4226,-38.5094],[-69.4226,-38.5094],[-69.4226,-38.5094],[-69.4226,-38.5094],[-69.4226,-38.5094],[-69.4226,-38.5094],[-69.4226,-38.5094],[-69.4226,-38.5094],[-69.4226,-38.5094],[-69.4226,-38.5094],[-69.4226,-38.5094],[-69.4225,-38.5094],[-69.4225,-38.5094],[-69.4225,-38.5094],[-69.4225,-38.5094],[-69.4225,-38.5094],[-69.4225,-38.5094],[-69.4225,-38.5094],[-69.4225,-38.5094],[-69.4225,-38.5094],[-69.4225,-38.5094],[-69.4225,-38.5094],[-69.4224,-38.5094],[-69.4224,-38.5094],[-69.4224,-38.5094],[-69.4224,-38.5094],[-69.4224,-38.5094],[-69.4224,-38.5094],[-69.4224,-38.5094],[-69.4224,-38.5094],[-69.4224,-38.5094],[-69.4224,-38.5094],[-69.4224,-38.5094],[-69.4223,-38.5094],[-69.4223,-38.5094],[-69.4223,-38.5094],[-69.4223,-38.5094],[-69.4223,-38.5094],[-69.4223,-38.5094],[-69.4223,-38.5094],[-69.4223,-38.5094],[-69.4223,-38.5094],[-69.4223,-38.5094],[-69.4223,-38.5094],[-69.4222,-38.5094],[-69.4222,-38.5094],[-69.4222,-38.5094],[-69.4222,-38.5094],[-69.4222,-38.5094],[-69.4222,-38.5094],[-69.4222,-38.5094],[-69.4222,-38.5094],[-69.4222,-38.5094],[-69.4222,-38.5094],[-69.4222,-38.5094],[-69.4221,-38.5094],[-69.4221,-38.5094],[-69.4221,-38.5094],[-69.4221,-38.5094],[-69.4221,-38.5094],[-69.4221,-38.5094],[-69.4221,-38.5094],[-69.4221,-38.5094],[-69.4221,-38.5094],[-69.4221,-38.5094],[-69.4221,-38.5094],[-69.4221,-38.5094],[-69.422,-38.5094],[-69.422,-38.5094],[-69.422,-38.5094],[-69.422,-38.5094],[-69.422,-38.5094],[-69.422,-38.5094],[-69.422,-38.5094],[-69.422,-38.5094],[-69.422,-38.5094],[-69.422,-38.5094],[-69.422,-38.5094],[-69.4219,-38.5094],[-69.4219,-38.5094],[-69.4219,-38.5094],[-69.4219,-38.5094],[-69.4219,-38.5094],[-69.4219,-38.5094],[-69.4219,-38.5094],[-69.4219,-38.5094],[-69.4219,-38.5094],[-69.4219,-38.5094],[-69.4219,-38.5094],[-69.4218,-38.5094],[-69.4218,-38.5094],[-69.4218,-38.5094],[-69.4218,-38.5094],[-69.4218,-38.5094],[-69.4218,-38.5094],[-69.4218,-38.5094],[-69.4218,-38.5094],[-69.4218,-38.5094],[-69.4218,-38.5094],[-69.4218,-38.5094],[-69.4217,-38.5094],[-69.4217,-38.5094],[-69.4217,-38.5094],[-69.4217,-38.5094],[-69.4217,-38.5094],[-69.4217,-38.5094],[-69.4217,-38.5094],[-69.4217,-38.5094],[-69.4217,-38.5094],[-69.4217,-38.5094],[-69.4217,-38.5094],[-69.4217,-38.5094],[-69.4216,-38.5094],[-69.4216,-38.5094],[-69.4216,-38.5094],[-69.4216,-38.5094],[-69.4216,-38.5094],[-69.4216,-38.5094],[-69.4216,-38.5094],[-69.4216,-38.5094],[-69.4216,-38.5094],[-69.4216,-38.5094],[-69.4216,-38.5094],[-69.4215,-38.5094],[-69.4215,-38.5094],[-69.4215,-38.5094],[-69.4215,-38.5095],[-69.4215,-38.5095],[-69.4215,-38.5095],[-69.4215,-38.5095],[-69.4215,-38.5095],[-69.4215,-38.5095],[-69.4215,-38.5095],[-69.4215,-38.5095],[-69.4214,-38.5095],[-69.4214,-38.5095],[-69.4214,-38.5095],[-69.4214,-38.5095],[-69.4214,-38.5095],[-69.4214,-38.5095],[-69.4214,-38.5095],[-69.4214,-38.5095],[-69.4214,-38.5095],[-69.4214,-38.5095],[-69.4214,-38.5095],[-69.4213,-38.5095],[-69.4213,-38.5095],[-69.4213,-38.5095],[-69.4213,-38.5095],[-69.4213,-38.5095],[-69.4213,-38.5095],[-69.4213,-38.5095],[-69.4213,-38.5095],[-69.4213,-38.5095],[-69.4213,-38.5095],[-69.4213,-38.5095],[-69.4213,-38.5095],[-69.4212,-38.5095],[-69.4212,-38.5095],[-69.4212,-38.5095],[-69.4212,-38.5095],[-69.4212,-38.5095],[-69.4212,-38.5095],[-69.4212,-38.5095],[-69.4212,-38.5095],[-69.4212,-38.5095],[-69.4212,-38.5095],[-69.4212,-38.5095],[-69.4211,-38.5095],[-69.4211,-38.5095],[-69.4211,-38.5095],[-69.4211,-38.5095],[-69.4211,-38.5095],[-69.4211,-38.5095],[-69.4211,-38.5095],[-69.4211,-38.5095],[-69.4211,-38.5095],[-69.4211,-38.5095],[-69.4211,-38.5095],[-69.421,-38.5095],[-69.421,-38.5095],[-69.421,-38.5095],[-69.421,-38.5095],[-69.421,-38.5095],[-69.421,-38.5095],[-69.421,-38.5095],[-69.421,-38.5095],[-69.421,-38.5095],[-69.421,-38.5095],[-69.421,-38.5095],[-69.4209,-38.5095],[-69.4209,-38.5095],[-69.4209,-38.5095],[-69.4209,-38.5095],[-69.4209,-38.5095],[-69.4209,-38.5095],[-69.4209,-38.5095],[-69.4209,-38.5095],[-69.4209,-38.5095],[-69.4209,-38.5095],[-69.4209,-38.5095],[-69.4209,-38.5095],[-69.4208,-38.5095],[-69.4208,-38.5095],[-69.4208,-38.5095],[-69.4208,-38.5095],[-69.4208,-38.5095],[-69.4208,-38.5095],[-69.4208,-38.5096],[-69.4208,-38.5096],[-69.4208,-38.5096],[-69.4208,-38.5096],[-69.4208,-38.5096],[-69.4207,-38.5096],[-69.4207,-38.5096],[-69.4207,-38.5096],[-69.4207,-38.5096],[-69.4207,-38.5096],[-69.4207,-38.5096],[-69.4207,-38.5096],[-69.4207,-38.5096],[-69.4207,-38.5096],[-69.4207,-38.5096],[-69.4207,-38.5096],[-69.4207,-38.5096],[-69.4206,-38.5096],[-69.4206,-38.5096],[-69.4206,-38.5096],[-69.4206,-38.5096],[-69.4206,-38.5096],[-69.4206,-38.5096],[-69.4206,-38.5096],[-69.4206,-38.5096],[-69.4206,-38.5096],[-69.4206,-38.5096],[-69.4206,-38.5096],[-69.4205,-38.5096],[-69.4205,-38.5096],[-69.4205,-38.5096],[-69.4205,-38.5096],[-69.4205,-38.5096],[-69.4205,-38.5096],[-69.4205,-38.5096],[-69.4205,-38.5096],[-69.4205,-38.5096],[-69.4205,-38.5096],[-69.4205,-38.5096],[-69.4204,-38.5096],[-69.4204,-38.5096],[-69.4204,-38.5096],[-69.4204,-38.5096],[-69.4204,-38.5096],[-69.4204,-38.5096],[-69.4204,-38.5096],[-69.4204,-38.5096],[-69.4204,-38.5096],[-69.4204,-38.5096],[-69.4204,-38.5096],[-69.4204,-38.5096],[-69.4203,-38.5096],[-69.4203,-38.5096],[-69.4203,-38.5096],[-69.4203,-38.5096],[-69.4203,-38.5096],[-69.4203,-38.5096],[-69.4203,-38.5097],[-69.4203,-38.5097],[-69.4203,-38.5097],[-69.4203,-38.5097],[-69.4203,-38.5097],[-69.4202,-38.5097],[-69.4202,-38.5097],[-69.4202,-38.5097],[-69.4202,-38.5097],[-69.4202,-38.5097],[-69.4202,-38.5097],[-69.4202,-38.5097],[-69.4202,-38.5097],[-69.4202,-38.5097],[-69.4202,-38.5097],[-69.4202,-38.5097],[-69.4202,-38.5097],[-69.4201,-38.5097],[-69.4201,-38.5097],[-69.4201,-38.5097],[-69.4201,-38.5097],[-69.4201,-38.5097],[-69.4201,-38.5097],[-69.4201,-38.5097],[-69.4201,-38.5097],[-69.4201,-38.5097],[-69.4201,-38.5097],[-69.4201,-38.5097],[-69.42,-38.5097],[-69.42,-38.5097],[-69.42,-38.5097],[-69.42,-38.5097],[-69.42,-38.5097],[-69.42,-38.5097],[-69.42,-38.5097],[-69.42,-38.5097],[-69.42,-38.5097],[-69.42,-38.5097],[-69.42,-38.5097],[-69.42,-38.5097],[-69.4199,-38.5097],[-69.4199,-38.5097],[-69.4199,-38.5097],[-69.4199,-38.5097],[-69.4199,-38.5097],[-69.4199,-38.5097],[-69.4199,-38.5097],[-69.4199,-38.5097],[-69.4199,-38.5097],[-69.4199,-38.5097],[-69.4199,-38.5097],[-69.4198,-38.5097],[-69.4198,-38.5097],[-69.4198,-38.5097],[-69.4198,-38.5098],[-69.4198,-38.5098],[-69.4198,-38.5098],[-69.4198,-38.5098],[-69.4198,-38.5098],[-69.4198,-38.5098],[-69.4198,-38.5098],[-69.4198,-38.5098],[-69.4198,-38.5098],[-69.4198,-38.5098],[-69.4197,-38.5098],[-69.4197,-38.5098],[-69.4197,-38.5098],[-69.4197,-38.5098],[-69.4197,-38.5098],[-69.4197,-38.5098],[-69.4197,-38.5098],[-69.4197,-38.5098],[-69.4197,-38.5098],[-69.4197,-38.5098],[-69.4197,-38.5098],[-69.4197,-38.5099],[-69.4197,-38.5099],[-69.4196,-38.5099],[-69.4196,-38.5099],[-69.4196,-38.5099],[-69.4196,-38.5099],[-69.4196,-38.5099],[-69.4196,-38.5099],[-69.4196,-38.5099],[-69.4196,-38.5099],[-69.4196,-38.5099],[-69.4196,-38.5099],[-69.4196,-38.5099],[-69.4196,-38.5099],[-69.4196,-38.5099],[-69.4196,-38.5099],[-69.4195,-38.5099],[-69.4195,-38.5099],[-69.4195,-38.5099],[-69.4195,-38.5099],[-69.4195,-38.51],[-69.4195,-38.51],[-69.4195,-38.51],[-69.4195,-38.51],[-69.4195,-38.51],[-69.4195,-38.51],[-69.4195,-38.51],[-69.4195,-38.51],[-69.4195,-38.51],[-69.4194,-38.51],[-69.4194,-38.51],[-69.4194,-38.51],[-69.4194,-38.51],[-69.4194,-38.51],[-69.4194,-38.51],[-69.4194,-38.51],[-69.4194,-38.51],[-69.4194,-38.51],[-69.4194,-38.51],[-69.4194,-38.51],[-69.4194,-38.51],[-69.4194,-38.5101],[-69.4193,-38.5101],[-69.4193,-38.5101],[-69.4193,-38.5101],[-69.4193,-38.5101],[-69.4193,-38.5101],[-69.4193,-38.5101],[-69.4193,-38.5101],[-69.4193,-38.5101],[-69.4193,-38.5101],[-69.4193,-38.5101],[-69.4193,-38.5101],[-69.4193,-38.5101],[-69.4193,-38.5101],[-69.4192,-38.5101],[-69.4192,-38.5101],[-69.4192,-38.5101],[-69.4192,-38.5101],[-69.4192,-38.5101],[-69.4192,-38.5101],[-69.4192,-38.5102],[-69.4192,-38.5102],[-69.4192,-38.5102],[-69.4192,-38.5102],[-69.4192,-38.5102],[-69.4192,-38.5102],[-69.4192,-38.5102],[-69.4192,-38.5102],[-69.4192,-38.5102],[-69.4191,-38.5102],[-69.4191,-38.5102],[-69.4191,-38.5102],[-69.4191,-38.5102],[-69.4191,-38.5102],[-69.4191,-38.5102],[-69.4191,-38.5102],[-69.4191,-38.5102],[-69.4191,-38.5103],[-69.4191,-38.5103],[-69.4191,-38.5103],[-69.4191,-38.5103],[-69.4191,-38.5103],[-69.4191,-38.5103],[-69.4191,-38.5103],[-69.419,-38.5103],[-69.419,-38.5103],[-69.419,-38.5103],[-69.419,-38.5103],[-69.419,-38.5103],[-69.419,-38.5103],[-69.419,-38.5103],[-69.419,-38.5103],[-69.419,-38.5103],[-69.419,-38.5103],[-69.419,-38.5104],[-69.419,-38.5104],[-69.419,-38.5104],[-69.419,-38.5104],[-69.419,-38.5104],[-69.4189,-38.5104],[-69.4189,-38.5104],[-69.4189,-38.5104],[-69.4189,-38.5104],[-69.4189,-38.5104],[-69.4189,-38.5104],[-69.4189,-38.5104],[-69.4189,-38.5104],[-69.4189,-38.5104],[-69.4189,-38.5104],[-69.4189,-38.5104],[-69.4189,-38.5104],[-69.4189,-38.5105],[-69.4189,-38.5105],[-69.4188,-38.5105],[-69.4188,-38.5105],[-69.4188,-38.5105],[-69.4188,-38.5105],[-69.4188,-38.5105],[-69.4188,-38.5105],[-69.4188,-38.5105],[-69.4188,-38.5105],[-69.4188,-38.5105],[-69.4188,-38.5105],[-69.4188,-38.5105],[-69.4188,-38.5105],[-69.4188,-38.5105],[-69.4188,-38.5105],[-69.4188,-38.5105],[-69.4187,-38.5106],[-69.4187,-38.5106],[-69.4187,-38.5106],[-69.4187,-38.5106],[-69.4187,-38.5106],[-69.4187,-38.5106],[-69.4187,-38.5106],[-69.4187,-38.5106],[-69.4187,-38.5106],[-69.4187,-38.5106],[-69.4187,-38.5106],[-69.4187,-38.5106],[-69.4187,-38.5106],[-69.4187,-38.5106],[-69.4187,-38.5106],[-69.4186,-38.5106],[-69.4186,-38.5106],[-69.4186,-38.5107],[-69.4186,-38.5107],[-69.4186,-38.5107],[-69.4186,-38.5107],[-69.4186,-38.5107],[-69.4186,-38.5107],[-69.4186,-38.5107],[-69.4186,-38.5107],[-69.4186,-38.5107],[-69.4186,-38.5107],[-69.4185,-38.5107],[-69.4185,-38.5107],[-69.4185,-38.5107],[-69.4185,-38.5107],[-69.4185,-38.5107],[-69.4185,-38.5107],[-69.4185,-38.5107],[-69.4185,-38.5107],[-69.4185,-38.5107],[-69.4185,-38.5107],[-69.4185,-38.5107],[-69.4185,-38.5107],[-69.4185,-38.5107],[-69.4184,-38.5107],[-69.4184,-38.5107],[-69.4184,-38.5107],[-69.4184,-38.5107],[-69.4184,-38.5107],[-69.4184,-38.5107],[-69.4184,-38.5108],[-69.4184,-38.5108],[-69.4184,-38.5108],[-69.4184,-38.5108],[-69.4184,-38.5108],[-69.4184,-38.5108],[-69.4183,-38.5108],[-69.4183,-38.5108],[-69.4183,-38.5108],[-69.4183,-38.5108],[-69.4183,-38.5108],[-69.4183,-38.5108],[-69.4183,-38.5108],[-69.4183,-38.5108],[-69.4183,-38.5108],[-69.4183,-38.5108],[-69.4183,-38.5108],[-69.4183,-38.5108],[-69.4182,-38.5108],[-69.4182,-38.5108],[-69.4182,-38.5108],[-69.4182,-38.5108],[-69.4182,-38.5108],[-69.4182,-38.5108],[-69.4182,-38.5108],[-69.4182,-38.5108],[-69.4182,-38.5108],[-69.4182,-38.5108],[-69.4182,-38.5109],[-69.4182,-38.5109],[-69.4181,-38.5109],[-69.4181,-38.5109],[-69.4181,-38.5109],[-69.4181,-38.5109],[-69.4181,-38.5109],[-69.4181,-38.5109],[-69.4181,-38.5109],[-69.4181,-38.5109],[-69.4181,-38.5109],[-69.4181,-38.5109],[-69.4181,-38.5109],[-69.4181,-38.5109],[-69.418,-38.5109],[-69.418,-38.5109],[-69.418,-38.5109],[-69.418,-38.5109],[-69.418,-38.5109],[-69.418,-38.5109],[-69.418,-38.5109],[-69.418,-38.5109],[-69.418,-38.5109],[-69.418,-38.5109],[-69.418,-38.5109],[-69.418,-38.5109],[-69.4179,-38.5109],[-69.4179,-38.5109],[-69.4179,-38.5109],[-69.4179,-38.511],[-69.4179,-38.511],[-69.4179,-38.511],[-69.4179,-38.511],[-69.4179,-38.511],[-69.4179,-38.511],[-69.4179,-38.511],[-69.4179,-38.511],[-69.4179,-38.511],[-69.4179,-38.511],[-69.4178,-38.511],[-69.4178,-38.511],[-69.4178,-38.511],[-69.4178,-38.511],[-69.4178,-38.511],[-69.4178,-38.511],[-69.4178,-38.511],[-69.4178,-38.511],[-69.4178,-38.511],[-69.4178,-38.511],[-69.4178,-38.511],[-69.4178,-38.511],[-69.4178,-38.511],[-69.4177,-38.5111],[-69.4177,-38.5111],[-69.4177,-38.5111],[-69.4177,-38.5111],[-69.4177,-38.5111],[-69.4177,-38.5111],[-69.4177,-38.5111],[-69.4177,-38.5111],[-69.4177,-38.5111],[-69.4177,-38.5111],[-69.4177,-38.5111],[-69.4177,-38.5111],[-69.4177,-38.5111],[-69.4176,-38.5111],[-69.4176,-38.5111],[-69.4176,-38.5111],[-69.4176,-38.5111],[-69.4176,-38.5111],[-69.4176,-38.5111],[-69.4176,-38.5111],[-69.4176,-38.5111],[-69.4176,-38.5112],[-69.4176,-38.5112],[-69.4176,-38.5112],[-69.4176,-38.5112],[-69.4176,-38.5112],[-69.4175,-38.5112],[-69.4175,-38.5112],[-69.4175,-38.5112],[-69.4175,-38.5112],[-69.4175,-38.5112],[-69.4175,-38.5112],[-69.4175,-38.5112],[-69.4175,-38.5112],[-69.4175,-38.5112],[-69.4175,-38.5112],[-69.4175,-38.5112],[-69.4175,-38.5112],[-69.4175,-38.5112],[-69.4175,-38.5112],[-69.4174,-38.5112],[-69.4174,-38.5112],[-69.4174,-38.5113],[-69.4174,-38.5113],[-69.4174,-38.5113],[-69.4174,-38.5113],[-69.4174,-38.5113],[-69.4174,-38.5113],[-69.4174,-38.5113],[-69.4174,-38.5113],[-69.4174,-38.5113],[-69.4174,-38.5113],[-69.4174,-38.5113],[-69.4173,-38.5113],[-69.4173,-38.5113],[-69.4173,-38.5113],[-69.4173,-38.5113],[-69.4173,-38.5113],[-69.4173,-38.5113],[-69.4173,-38.5113],[-69.4173,-38.5113],[-69.4173,-38.5113],[-69.4173,-38.5114],[-69.4173,-38.5114],[-69.4173,-38.5114],[-69.4173,-38.5114],[-69.4172,-38.5114],[-69.4172,-38.5114],[-69.4172,-38.5114],[-69.4172,-38.5114],[-69.4172,-38.5114],[-69.4172,-38.5114],[-69.4172,-38.5114],[-69.4172,-38.5114],[-69.4172,-38.5114],[-69.4172,-38.5114],[-69.4172,-38.5114],[-69.4172,-38.5114],[-69.4172,-38.5114],[-69.4171,-38.5114],[-69.4171,-38.5114],[-69.4171,-38.5114],[-69.4171,-38.5114],[-69.4171,-38.5114],[-69.4171,-38.5115],[-69.4171,-38.5115],[-69.4171,-38.5115],[-69.4171,-38.5115],[-69.4171,-38.5115],[-69.4171,-38.5115],[-69.4171,-38.5115],[-69.4171,-38.5115],[-69.4171,-38.5115],[-69.417,-38.5115],[-69.417,-38.5115],[-69.417,-38.5115],[-69.417,-38.5115],[-69.417,-38.5115],[-69.417,-38.5115],[-69.417,-38.5115],[-69.417,-38.5115],[-69.417,-38.5115],[-69.417,-38.5115],[-69.417,-38.5115],[-69.417,-38.5115],[-69.417,-38.5116],[-69.4169,-38.5116],[-69.4169,-38.5116],[-69.4169,-38.5116],[-69.4169,-38.5116],[-69.4169,-38.5116],[-69.4169,-38.5116],[-69.4169,-38.5116],[-69.4169,-38.5116],[-69.4169,-38.5116],[-69.4169,-38.5116],[-69.4169,-38.5116],[-69.4169,-38.5116],[-69.4169,-38.5116],[-69.4168,-38.5116],[-69.4168,-38.5116],[-69.4168,-38.5116],[-69.4168,-38.5116],[-69.4168,-38.5116],[-69.4168,-38.5116],[-69.4168,-38.5116],[-69.4168,-38.5116],[-69.4168,-38.5117],[-69.4168,-38.5117],[-69.4168,-38.5117],[-69.4168,-38.5117],[-69.4168,-38.5117],[-69.4167,-38.5117],[-69.4167,-38.5117],[-69.4167,-38.5117],[-69.4167,-38.5117],[-69.4167,-38.5117],[-69.4167,-38.5117],[-69.4167,-38.5117],[-69.4167,-38.5117],[-69.4167,-38.5117],[-69.4167,-38.5117],[-69.4167,-38.5117],[-69.4167,-38.5117],[-69.4167,-38.5117],[-69.4166,-38.5117],[-69.4166,-38.5117],[-69.4166,-38.5117],[-69.4166,-38.5117],[-69.4166,-38.5118],[-69.4166,-38.5118],[-69.4166,-38.5118],[-69.4166,-38.5118],[-69.4166,-38.5118],[-69.4166,-38.5118],[-69.4166,-38.5118],[-69.4166,-38.5118],[-69.4166,-38.5118],[-69.4165,-38.5118],[-69.4165,-38.5118],[-69.4165,-38.5118],[-69.4165,-38.5118],[-69.4165,-38.5118],[-69.4165,-38.5118],[-69.4165,-38.5118],[-69.4165,-38.5118],[-69.4165,-38.5118],[-69.4165,-38.5118],[-69.4165,-38.5118],[-69.4165,-38.5118],[-69.4165,-38.5118],[-69.4164,-38.5118],[-69.4164,-38.5119],[-69.4164,-38.5119],[-69.4164,-38.5119],[-69.4164,-38.5119],[-69.4164,-38.5119],[-69.4164,-38.5119],[-69.4164,-38.5119],[-69.4164,-38.5119],[-69.4164,-38.5119],[-69.4164,-38.5119],[-69.4164,-38.5119],[-69.4163,-38.5119],[-69.4163,-38.5119],[-69.4163,-38.5119],[-69.4163,-38.5119],[-69.4163,-38.5119],[-69.4163,-38.5119],[-69.4163,-38.5119],[-69.4163,-38.5119],[-69.4163,-38.5119],[-69.4163,-38.5119],[-69.4163,-38.5119],[-69.4163,-38.5119],[-69.4163,-38.512],[-69.4162,-38.512],[-69.4162,-38.512],[-69.4162,-38.512],[-69.4162,-38.512],[-69.4162,-38.512],[-69.4162,-38.512],[-69.4162,-38.512],[-69.4162,-38.512],[-69.4162,-38.512],[-69.4162,-38.512],[-69.4162,-38.512],[-69.4162,-38.512],[-69.4162,-38.512],[-69.4161,-38.512],[-69.4161,-38.512],[-69.4161,-38.512],[-69.4161,-38.512],[-69.4161,-38.512],[-69.4161,-38.512],[-69.4161,-38.512],[-69.4161,-38.512],[-69.4161,-38.5121],[-69.4161,-38.5121],[-69.4161,-38.5121],[-69.4161,-38.5121],[-69.4161,-38.5121],[-69.4161,-38.5121],[-69.4161,-38.5121],[-69.416,-38.5121],[-69.416,-38.5121],[-69.416,-38.5121],[-69.416,-38.5121],[-69.416,-38.5121],[-69.416,-38.5121],[-69.416,-38.5121],[-69.416,-38.5121],[-69.416,-38.5122],[-69.416,-38.5122],[-69.416,-38.5122],[-69.416,-38.5122],[-69.416,-38.5122],[-69.416,-38.5122],[-69.416,-38.5122],[-69.416,-38.5122],[-69.4159,-38.5122],[-69.4159,-38.5122],[-69.4159,-38.5122],[-69.4159,-38.5122],[-69.4159,-38.5122],[-69.4159,-38.5122],[-69.4159,-38.5122],[-69.4159,-38.5123],[-69.4159,-38.5123],[-69.4159,-38.5123],[-69.4159,-38.5123],[-69.4159,-38.5123],[-69.4159,-38.5123],[-69.4159,-38.5123],[-69.4159,-38.5123],[-69.4159,-38.5123],[-69.4159,-38.5123],[-69.4158,-38.5123],[-69.4158,-38.5123],[-69.4158,-38.5123],[-69.4158,-38.5123],[-69.4158,-38.5123],[-69.4158,-38.5124],[-69.4158,-38.5124],[-69.4158,-38.5124],[-69.4158,-38.5124],[-69.4158,-38.5124],[-69.4158,-38.5124],[-69.4158,-38.5124],[-69.4158,-38.5124],[-69.4158,-38.5124],[-69.4158,-38.5124],[-69.4158,-38.5124],[-69.4157,-38.5124],[-69.4157,-38.5124],[-69.4157,-38.5124],[-69.4157,-38.5124],[-69.4157,-38.5125],[-69.4157,-38.5125],[-69.4157,-38.5125],[-69.4157,-38.5125],[-69.4157,-38.5125],[-69.4157,-38.5125],[-69.4157,-38.5125],[-69.4157,-38.5125],[-69.4157,-38.5125],[-69.4157,-38.5125],[-69.4157,-38.5125],[-69.4157,-38.5125],[-69.4157,-38.5125],[-69.4156,-38.5125],[-69.4156,-38.5125],[-69.4156,-38.5125],[-69.4156,-38.5126],[-69.4156,-38.5126],[-69.4156,-38.5126],[-69.4156,-38.5126],[-69.4156,-38.5126],[-69.4156,-38.5126],[-69.4156,-38.5126],[-69.4156,-38.5126],[-69.4156,-38.5126],[-69.4156,-38.5126],[-69.4156,-38.5126],[-69.4156,-38.5126],[-69.4156,-38.5126],[-69.4156,-38.5127],[-69.4156,-38.5127],[-69.4156,-38.5127],[-69.4155,-38.5127],[-69.4155,-38.5127],[-69.4155,-38.5127],[-69.4155,-38.5127],[-69.4155,-38.5127],[-69.4155,-38.5127],[-69.4155,-38.5127],[-69.4155,-38.5127],[-69.4155,-38.5127],[-69.4155,-38.5127],[-69.4155,-38.5128],[-69.4155,-38.5128],[-69.4155,-38.5128],[-69.4155,-38.5128],[-69.4155,-38.5128],[-69.4155,-38.5128],[-69.4155,-38.5128],[-69.4155,-38.5128],[-69.4155,-38.5128],[-69.4155,-38.5128],[-69.4155,-38.5128],[-69.4154,-38.5128],[-69.4154,-38.5128],[-69.4154,-38.5128],[-69.4154,-38.5129],[-69.4154,-38.5129],[-69.4154,-38.5129],[-69.4154,-38.5129],[-69.4154,-38.5129],[-69.4154,-38.5129],[-69.4154,-38.5129],[-69.4154,-38.5129],[-69.4154,-38.5129],[-69.4154,-38.5129],[-69.4154,-38.5129],[-69.4154,-38.5129],[-69.4154,-38.5129],[-69.4154,-38.513],[-69.4154,-38.513],[-69.4154,-38.513],[-69.4154,-38.513],[-69.4154,-38.513],[-69.4154,-38.513],[-69.4154,-38.513],[-69.4154,-38.513],[-69.4153,-38.513],[-69.4153,-38.513],[-69.4153,-38.513],[-69.4153,-38.513],[-69.4153,-38.5131],[-69.4153,-38.5131],[-69.4153,-38.5131],[-69.4153,-38.5131],[-69.4153,-38.5131],[-69.4153,-38.5131],[-69.4153,-38.5131],[-69.4153,-38.5131],[-69.4153,-38.5131],[-69.4153,-38.5131],[-69.4153,-38.5131],[-69.4153,-38.5131],[-69.4153,-38.5132],[-69.4153,-38.5132],[-69.4153,-38.5132],[-69.4153,-38.5132],[-69.4153,-38.5132],[-69.4153,-38.5132],[-69.4153,-38.5132],[-69.4153,-38.5132],[-69.4153,-38.5132],[-69.4153,-38.5132],[-69.4153,-38.5132],[-69.4153,-38.5132],[-69.4153,-38.5133],[-69.4153,-38.5133],[-69.4153,-38.5133],[-69.4153,-38.5133],[-69.4153,-38.5133],[-69.4153,-38.5133],[-69.4153,-38.5133],[-69.4153,-38.5133],[-69.4153,-38.5133],[-69.4153,-38.5133],[-69.4153,-38.5133],[-69.4153,-38.5133],[-69.4153,-38.5134],[-69.4153,-38.5134],[-69.4153,-38.5134],[-69.4153,-38.5134],[-69.4153,-38.5134],[-69.4153,-38.5134],[-69.4153,-38.5134],[-69.4153,-38.5134],[-69.4153,-38.5134],[-69.4153,-38.5134],[-69.4153,-38.5134],[-69.4153,-38.5134],[-69.4153,-38.5135],[-69.4153,-38.5135],[-69.4153,-38.5135],[-69.4153,-38.5135],[-69.4153,-38.5135],[-69.4153,-38.5135],[-69.4154,-38.5135],[-69.4154,-38.5135],[-69.4154,-38.5135],[-69.4154,-38.5135],[-69.4154,-38.5135],[-69.4154,-38.5135],[-69.4154,-38.5136],[-69.4154,-38.5136],[-69.4154,-38.5136],[-69.4154,-38.5136],[-69.4154,-38.5136],[-69.4154,-38.5136],[-69.4154,-38.5136],[-69.4154,-38.5136],[-69.4154,-38.5136],[-69.4154,-38.5136],[-69.4154,-38.5136],[-69.4155,-38.5136],[-69.4155,-38.5136],[-69.4155,-38.5136],[-69.4155,-38.5136],[-69.4155,-38.5136],[-69.4155,-38.5136],[-69.4155,-38.5136],[-69.4155,-38.5136],[-69.4155,-38.5136],[-69.4155,-38.5136],[-69.4155,-38.5136],[-69.4155,-38.5136],[-69.4156,-38.5136],[-69.4156,-38.5136],[-69.4156,-38.5136],[-69.4156,-38.5136],[-69.4156,-38.5137],[-69.4156,-38.5137],[-69.4156,-38.5137],[-69.4156,-38.5137],[-69.4156,-38.5137],[-69.4156,-38.5137],[-69.4156,-38.5137],[-69.4156,-38.5137],[-69.4157,-38.5137],[-69.4157,-38.5137],[-69.4157,-38.5137],[-69.4157,-38.5137],[-69.4157,-38.5137],[-69.4157,-38.5137],[-69.4157,-38.5137],[-69.4157,-38.5137],[-69.4157,-38.5137],[-69.4157,-38.5137],[-69.4157,-38.5137],[-69.4157,-38.5137],[-69.4158,-38.5137],[-69.4158,-38.5137],[-69.4158,-38.5137],[-69.4158,-38.5137],[-69.4158,-38.5137],[-69.4158,-38.5138],[-69.4158,-38.5138],[-69.4158,-38.5138],[-69.4158,-38.5138],[-69.4158,-38.5138],[-69.4158,-38.5138],[-69.4158,-38.5138],[-69.4158,-38.5138],[-69.4158,-38.5138],[-69.4158,-38.5138],[-69.4158,-38.5138],[-69.4159,-38.5138],[-69.4159,-38.5138],[-69.4159,-38.5138],[-69.4159,-38.5138],[-69.4159,-38.5138],[-69.4159,-38.5139],[-69.4159,-38.5139],[-69.4159,-38.5139],[-69.4159,-38.5139],[-69.4159,-38.5139],[-69.4159,-38.5139],[-69.4159,-38.5139],[-69.4159,-38.5139],[-69.4159,-38.5139],[-69.4159,-38.5139],[-69.4159,-38.5139],[-69.4159,-38.5139],[-69.416,-38.5139],[-69.416,-38.5139],[-69.416,-38.5139],[-69.416,-38.5139],[-69.416,-38.514],[-69.416,-38.514],[-69.416,-38.514],[-69.416,-38.514],[-69.416,-38.514],[-69.416,-38.514],[-69.416,-38.514],[-69.416,-38.514],[-69.416,-38.514],[-69.416,-38.514],[-69.416,-38.514],[-69.416,-38.514],[-69.4161,-38.514],[-69.4161,-38.514],[-69.4161,-38.514],[-69.4161,-38.5141],[-69.4161,-38.5141],[-69.4161,-38.5141],[-69.4161,-38.5141],[-69.4161,-38.5141],[-69.4161,-38.5141],[-69.4161,-38.5141],[-69.4161,-38.5141],[-69.4161,-38.5141],[-69.4161,-38.5141],[-69.4161,-38.5141],[-69.4161,-38.5141],[-69.4161,-38.5141],[-69.4162,-38.5141],[-69.4162,-38.5141],[-69.4162,-38.5141],[-69.4162,-38.5142],[-69.4162,-38.5142],[-69.4162,-38.5142],[-69.4162,-38.5142],[-69.4162,-38.5142],[-69.4162,-38.5142],[-69.4162,-38.5142],[-69.4162,-38.5142],[-69.4162,-38.5142],[-69.4162,-38.5142],[-69.4162,-38.5142],[-69.4162,-38.5142],[-69.4162,-38.5142],[-69.4163,-38.5142],[-69.4163,-38.5142],[-69.4163,-38.5143],[-69.4163,-38.5143],[-69.4163,-38.5143],[-69.4163,-38.5143],[-69.4163,-38.5143],[-69.4163,-38.5143],[-69.4163,-38.5143],[-69.4163,-38.5143],[-69.4163,-38.5143],[-69.4163,-38.5143],[-69.4163,-38.5143],[-69.4163,-38.5143],[-69.4163,-38.5143],[-69.4163,-38.5143],[-69.4163,-38.5143],[-69.4164,-38.5144],[-69.4164,-38.5144],[-69.4164,-38.5144],[-69.4164,-38.5144],[-69.4164,-38.5144],[-69.4164,-38.5144],[-69.4164,-38.5144],[-69.4164,-38.5144],[-69.4164,-38.5144],[-69.4164,-38.5144],[-69.4164,-38.5144],[-69.4164,-38.5144],[-69.4164,-38.5144],[-69.4164,-38.5144],[-69.4164,-38.5144],[-69.4164,-38.5145],[-69.4165,-38.5145],[-69.4165,-38.5145],[-69.4165,-38.5145],[-69.4165,-38.5145],[-69.4165,-38.5145],[-69.4165,-38.5145],[-69.4165,-38.5145],[-69.4165,-38.5145],[-69.4165,-38.5145],[-69.4165,-38.5145],[-69.4165,-38.5145],[-69.4165,-38.5145],[-69.4165,-38.5145],[-69.4165,-38.5145],[-69.4165,-38.5145],[-69.4165,-38.5146],[-69.4165,-38.5146],[-69.4166,-38.5146],[-69.4166,-38.5146],[-69.4166,-38.5146],[-69.4166,-38.5146],[-69.4166,-38.5146],[-69.4166,-38.5146],[-69.4166,-38.5146],[-69.4166,-38.5146],[-69.4166,-38.5146],[-69.4166,-38.5146],[-69.4166,-38.5146],[-69.4166,-38.5146],[-69.4166,-38.5147],[-69.4166,-38.5147],[-69.4166,-38.5147],[-69.4166,-38.5147],[-69.4166,-38.5147],[-69.4167,-38.5147],[-69.4167,-38.5147],[-69.4167,-38.5147],[-69.4167,-38.5147],[-69.4167,-38.5147],[-69.4167,-38.5147],[-69.4167,-38.5147],[-69.4167,-38.5147],[-69.4167,-38.5147],[-69.4167,-38.5148],[-69.4167,-38.5148],[-69.4167,-38.5148],[-69.4167,-38.5148],[-69.4167,-38.5148],[-69.4167,-38.5148],[-69.4167,-38.5148],[-69.4167,-38.5148],[-69.4167,-38.5148],[-69.4167,-38.5148],[-69.4168,-38.5148],[-69.4168,-38.5148],[-69.4168,-38.5148],[-69.4168,-38.5148],[-69.4168,-38.5149],[-69.4168,-38.5149],[-69.4168,-38.5149],[-69.4168,-38.5149],[-69.4168,-38.5149],[-69.4168,-38.5149],[-69.4168,-38.5149],[-69.4168,-38.5149],[-69.4168,-38.5149],[-69.4168,-38.5149],[-69.4168,-38.5149],[-69.4168,-38.5149],[-69.4168,-38.5149],[-69.4168,-38.5149],[-69.4168,-38.515],[-69.4169,-38.515],[-69.4169,-38.515],[-69.4169,-38.515],[-69.4169,-38.515],[-69.4169,-38.515],[-69.4169,-38.515],[-69.4169,-38.515],[-69.4169,-38.515],[-69.4169,-38.515],[-69.4169,-38.515],[-69.4169,-38.515],[-69.4169,-38.515],[-69.4169,-38.515],[-69.4169,-38.515],[-69.4169,-38.5151],[-69.4169,-38.5151],[-69.4169,-38.5151],[-69.4169,-38.5151],[-69.417,-38.5151],[-69.417,-38.5151],[-69.417,-38.5151],[-69.417,-38.5151],[-69.417,-38.5151],[-69.417,-38.5151],[-69.417,-38.5151],[-69.417,-38.5151],[-69.417,-38.5151],[-69.417,-38.5151],[-69.417,-38.5152],[-69.417,-38.5152],[-69.417,-38.5152],[-69.417,-38.5152],[-69.417,-38.5152],[-69.417,-38.5152],[-69.417,-38.5152],[-69.417,-38.5152],[-69.417,-38.5152],[-69.417,-38.5152],[-69.417,-38.5152],[-69.417,-38.5152],[-69.417,-38.5153],[-69.417,-38.5153],[-69.417,-38.5153],[-69.417,-38.5153],[-69.417,-38.5153],[-69.417,-38.5153],[-69.4171,-38.5153],[-69.4171,-38.5153],[-69.4171,-38.5153],[-69.4171,-38.5153],[-69.4171,-38.5153],[-69.4171,-38.5154],[-69.4171,-38.5154],[-69.4171,-38.5154],[-69.4171,-38.5154],[-69.4171,-38.5154],[-69.4171,-38.5154],[-69.4171,-38.5154],[-69.4171,-38.5154],[-69.4171,-38.5154],[-69.4171,-38.5154],[-69.4171,-38.5154],[-69.4171,-38.5154],[-69.4171,-38.5155],[-69.4171,-38.5155],[-69.4171,-38.5155],[-69.4171,-38.5155],[-69.4171,-38.5155],[-69.4171,-38.5155],[-69.4171,-38.5155],[-69.4171,-38.5155],[-69.4171,-38.5155],[-69.4171,-38.5155],[-69.4171,-38.5155],[-69.4171,-38.5156],[-69.4171,-38.5156],[-69.4171,-38.5156],[-69.4171,-38.5156],[-69.4171,-38.5156],[-69.4171,-38.5156],[-69.4171,-38.5156],[-69.4171,-38.5156],[-69.4171,-38.5156],[-69.4171,-38.5156],[-69.4171,-38.5156],[-69.4171,-38.5157],[-69.4171,-38.5157],[-69.4171,-38.5157],[-69.4171,-38.5157],[-69.4171,-38.5157],[-69.4171,-38.5157],[-69.4171,-38.5157],[-69.4171,-38.5157],[-69.4171,-38.5157],[-69.4171,-38.5157],[-69.4171,-38.5157],[-69.4171,-38.5157],[-69.4171,-38.5158],[-69.4171,-38.5158],[-69.4171,-38.5158],[-69.4171,-38.5158],[-69.4171,-38.5158],[-69.4171,-38.5158],[-69.4171,-38.5158],[-69.4171,-38.5158],[-69.4171,-38.5158],[-69.4171,-38.5158],[-69.4171,-38.5158],[-69.4171,-38.5159],[-69.4171,-38.5159],[-69.4171,-38.5159],[-69.4171,-38.5159],[-69.4171,-38.5159],[-69.4171,-38.5159],[-69.4171,-38.5159],[-69.4171,-38.5159],[-69.4171,-38.5159],[-69.4171,-38.5159],[-69.4171,-38.5159],[-69.4171,-38.516],[-69.4171,-38.516],[-69.4171,-38.516],[-69.4171,-38.516],[-69.4171,-38.516],[-69.4171,-38.516],[-69.4171,-38.516],[-69.4171,-38.516],[-69.4171,-38.516],[-69.4171,-38.516],[-69.4171,-38.516],[-69.4171,-38.516],[-69.4171,-38.5161],[-69.4171,-38.5161],[-69.4171,-38.5161],[-69.4171,-38.5161],[-69.4171,-38.5161],[-69.4171,-38.5161],[-69.4171,-38.5161],[-69.4171,-38.5161],[-69.4171,-38.5161],[-69.4171,-38.5161],[-69.4171,-38.5161],[-69.4171,-38.5162],[-69.4171,-38.5162],[-69.4171,-38.5162],[-69.4171,-38.5162],[-69.4171,-38.5162],[-69.4171,-38.5162],[-69.4171,-38.5162],[-69.4171,-38.5162],[-69.4171,-38.5162],[-69.4171,-38.5162],[-69.417,-38.5162],[-69.417,-38.5162],[-69.417,-38.5163],[-69.417,-38.5163],[-69.417,-38.5163],[-69.417,-38.5163],[-69.417,-38.5163],[-69.417,-38.5163],[-69.417,-38.5163],[-69.417,-38.5163],[-69.417,-38.5163],[-69.417,-38.5163],[-69.417,-38.5163],[-69.417,-38.5164],[-69.417,-38.5164],[-69.417,-38.5164],[-69.417,-38.5164],[-69.417,-38.5164],[-69.417,-38.5164],[-69.417,-38.5164],[-69.417,-38.5164],[-69.417,-38.5164],[-69.417,-38.5164],[-69.417,-38.5164],[-69.417,-38.5164],[-69.417,-38.5165],[-69.417,-38.5165],[-69.417,-38.5165],[-69.417,-38.5165],[-69.417,-38.5165],[-69.417,-38.5165],[-69.417,-38.5165],[-69.417,-38.5165],[-69.417,-38.5165],[-69.417,-38.5165],[-69.417,-38.5165],[-69.417,-38.5166],[-69.417,-38.5166],[-69.417,-38.5166],[-69.417,-38.5166],[-69.417,-38.5166],[-69.417,-38.5166],[-69.417,-38.5166],[-69.417,-38.5166],[-69.417,-38.5166],[-69.417,-38.5166],[-69.417,-38.5166],[-69.417,-38.5166],[-69.4169,-38.5167],[-69.4169,-38.5167],[-69.4169,-38.5167],[-69.4169,-38.5167],[-69.4169,-38.5167],[-69.4169,-38.5167],[-69.4169,-38.5167],[-69.4169,-38.5167],[-69.4169,-38.5167],[-69.4169,-38.5167],[-69.4169,-38.5167],[-69.4169,-38.5167],[-69.4169,-38.5168],[-69.4169,-38.5168],[-69.4169,-38.5168],[-69.4169,-38.5168],[-69.4169,-38.5168],[-69.4169,-38.5168],[-69.4169,-38.5168],[-69.4169,-38.5168],[-69.4169,-38.5168],[-69.4169,-38.5168],[-69.4169,-38.5168],[-69.4169,-38.5169],[-69.4169,-38.5169],[-69.4169,-38.5169],[-69.4169,-38.5169],[-69.4169,-38.5169],[-69.4169,-38.5169],[-69.4169,-38.5169],[-69.4169,-38.5169],[-69.4169,-38.5169],[-69.4169,-38.5169],[-69.4169,-38.5169],[-69.4169,-38.5169],[-69.4169,-38.517],[-69.4169,-38.517],[-69.4169,-38.517],[-69.4169,-38.517],[-69.4168,-38.517],[-69.4168,-38.517],[-69.4168,-38.517],[-69.4168,-38.517],[-69.4168,-38.517],[-69.4168,-38.517],[-69.4168,-38.517],[-69.4168,-38.517],[-69.4168,-38.5171],[-69.4168,-38.5171],[-69.4168,-38.5171],[-69.4168,-38.5171],[-69.4168,-38.5171],[-69.4168,-38.5171],[-69.4168,-38.5171],[-69.4168,-38.5171],[-69.4168,-38.5171],[-69.4168,-38.5171],[-69.4168,-38.5171],[-69.4168,-38.5172],[-69.4168,-38.5172],[-69.4168,-38.5172],[-69.4168,-38.5172],[-69.4168,-38.5172],[-69.4168,-38.5172],[-69.4168,-38.5172],[-69.4168,-38.5172],[-69.4168,-38.5172],[-69.4168,-38.5172],[-69.4168,-38.5172],[-69.4168,-38.5172],[-69.4168,-38.5173],[-69.4168,-38.5173],[-69.4168,-38.5173],[-69.4168,-38.5173],[-69.4168,-38.5173],[-69.4168,-38.5173],[-69.4168,-38.5173],[-69.4168,-38.5173],[-69.4167,-38.5173],[-69.4167,-38.5173],[-69.4167,-38.5173],[-69.4167,-38.5173],[-69.4167,-38.5174],[-69.4167,-38.5174],[-69.4167,-38.5174],[-69.4167,-38.5174],[-69.4167,-38.5174],[-69.4167,-38.5174],[-69.4167,-38.5174],[-69.4167,-38.5174],[-69.4167,-38.5174],[-69.4167,-38.5174],[-69.4167,-38.5174],[-69.4167,-38.5174],[-69.4167,-38.5174],[-69.4167,-38.5174],[-69.4166,-38.5174],[-69.4166,-38.5174],[-69.4166,-38.5174],[-69.4166,-38.5175],[-69.4166,-38.5175],[-69.4166,-38.5175],[-69.4166,-38.5175],[-69.4166,-38.5175],[-69.4166,-38.5175],[-69.4166,-38.5175],[-69.4166,-38.5175],[-69.4166,-38.5175],[-69.4166,-38.5175],[-69.4165,-38.5175],[-69.4165,-38.5175],[-69.4165,-38.5175],[-69.4165,-38.5175],[-69.4165,-38.5175],[-69.4165,-38.5175],[-69.4165,-38.5175],[-69.4165,-38.5175],[-69.4165,-38.5175],[-69.4165,-38.5175],[-69.4165,-38.5176],[-69.4165,-38.5176],[-69.4165,-38.5176],[-69.4165,-38.5176],[-69.4164,-38.5176],[-69.4164,-38.5176],[-69.4164,-38.5176],[-69.4164,-38.5176],[-69.4164,-38.5176],[-69.4164,-38.5176],[-69.4164,-38.5176],[-69.4164,-38.5176],[-69.4164,-38.5176],[-69.4164,-38.5176],[-69.4164,-38.5176],[-69.4164,-38.5176],[-69.4164,-38.5176],[-69.4163,-38.5176],[-69.4163,-38.5176],[-69.4163,-38.5177],[-69.4163,-38.5177],[-69.4163,-38.5177],[-69.4163,-38.5177],[-69.4163,-38.5177],[-69.4163,-38.5177],[-69.4163,-38.5177],[-69.4163,-38.5177],[-69.4163,-38.5177],[-69.4163,-38.5177],[-69.4163,-38.5177],[-69.4163,-38.5177],[-69.4162,-38.5177],[-69.4162,-38.5177],[-69.4162,-38.5177],[-69.4162,-38.5177],[-69.4162,-38.5177],[-69.4162,-38.5177],[-69.4162,-38.5177],[-69.4162,-38.5178],[-69.4162,-38.5178],[-69.4162,-38.5178],[-69.4162,-38.5178],[-69.4162,-38.5178],[-69.4162,-38.5178],[-69.4162,-38.5178],[-69.4162,-38.5178],[-69.4161,-38.5178],[-69.4161,-38.5178],[-69.4161,-38.5178],[-69.4161,-38.5178],[-69.4161,-38.5178],[-69.4161,-38.5178],[-69.4161,-38.5178],[-69.4161,-38.5178],[-69.4161,-38.5178],[-69.4161,-38.5178],[-69.4161,-38.5179],[-69.4161,-38.5179],[-69.4161,-38.5179],[-69.4161,-38.5179],[-69.416,-38.5179],[-69.416,-38.5179],[-69.416,-38.5179],[-69.416,-38.5179],[-69.416,-38.5179],[-69.416,-38.5179],[-69.416,-38.5179],[-69.416,-38.5179],[-69.416,-38.5179],[-69.416,-38.5179],[-69.416,-38.5179],[-69.416,-38.5179],[-69.416,-38.5179],[-69.416,-38.5179],[-69.4159,-38.518],[-69.4159,-38.518],[-69.4159,-38.518],[-69.4159,-38.518],[-69.4159,-38.518],[-69.4159,-38.518],[-69.4159,-38.518],[-69.4159,-38.518],[-69.4159,-38.518],[-69.4159,-38.518],[-69.4159,-38.518],[-69.4159,-38.518],[-69.4159,-38.518],[-69.4159,-38.518],[-69.4158,-38.518],[-69.4158,-38.518],[-69.4158,-38.518],[-69.4158,-38.5181],[-69.4158,-38.5181],[-69.4158,-38.5181],[-69.4158,-38.5181],[-69.4158,-38.5181],[-69.4158,-38.5181],[-69.4158,-38.5181],[-69.4158,-38.5181],[-69.4158,-38.5181],[-69.4158,-38.5181],[-69.4158,-38.5181],[-69.4157,-38.5181],[-69.4157,-38.5181],[-69.4157,-38.5181],[-69.4157,-38.5181],[-69.4157,-38.5181],[-69.4157,-38.5181],[-69.4157,-38.5181],[-69.4157,-38.5182],[-69.4157,-38.5182],[-69.4157,-38.5182],[-69.4157,-38.5182],[-69.4157,-38.5182],[-69.4157,-38.5182],[-69.4157,-38.5182],[-69.4157,-38.5182],[-69.4156,-38.5182],[-69.4156,-38.5182],[-69.4156,-38.5182],[-69.4156,-38.5182],[-69.4156,-38.5182],[-69.4156,-38.5182],[-69.4156,-38.5182],[-69.4156,-38.5182],[-69.4156,-38.5182],[-69.4156,-38.5182],[-69.4156,-38.5182],[-69.4156,-38.5183],[-69.4156,-38.5183],[-69.4156,-38.5183],[-69.4155,-38.5183],[-69.4155,-38.5183],[-69.4155,-38.5183],[-69.4155,-38.5183],[-69.4155,-38.5183],[-69.4155,-38.5183],[-69.4155,-38.5183],[-69.4155,-38.5183],[-69.4155,-38.5183],[-69.4155,-38.5183],[-69.4155,-38.5183],[-69.4155,-38.5183],[-69.4155,-38.5183],[-69.4154,-38.5183],[-69.4154,-38.5183],[-69.4154,-38.5183],[-69.4154,-38.5183],[-69.4154,-38.5184],[-69.4154,-38.5184],[-69.4154,-38.5184],[-69.4154,-38.5184],[-69.4154,-38.5184],[-69.4154,-38.5184],[-69.4154,-38.5184],[-69.4154,-38.5184],[-69.4154,-38.5184],[-69.4154,-38.5184],[-69.4153,-38.5184],[-69.4153,-38.5184],[-69.4153,-38.5184],[-69.4153,-38.5184],[-69.4153,-38.5184],[-69.4153,-38.5184],[-69.4153,-38.5184],[-69.4153,-38.5184],[-69.4153,-38.5184],[-69.4153,-38.5184],[-69.4153,-38.5185],[-69.4153,-38.5185],[-69.4153,-38.5185],[-69.4152,-38.5185],[-69.4152,-38.5185],[-69.4152,-38.5185],[-69.4152,-38.5185],[-69.4152,-38.5185],[-69.4152,-38.5185],[-69.4152,-38.5185],[-69.4152,-38.5185],[-69.4152,-38.5185],[-69.4152,-38.5185],[-69.4152,-38.5185],[-69.4152,-38.5185],[-69.4152,-38.5185],[-69.4152,-38.5185],[-69.4151,-38.5185],[-69.4151,-38.5185],[-69.4151,-38.5185],[-69.4151,-38.5186],[-69.4151,-38.5186],[-69.4151,-38.5186],[-69.4151,-38.5186],[-69.4151,-38.5186],[-69.4151,-38.5186],[-69.4151,-38.5186],[-69.4151,-38.5186],[-69.4151,-38.5186],[-69.4151,-38.5186],[-69.415,-38.5186],[-69.415,-38.5186],[-69.415,-38.5186],[-69.415,-38.5186],[-69.415,-38.5186],[-69.415,-38.5186],[-69.415,-38.5186],[-69.415,-38.5186],[-69.415,-38.5186],[-69.415,-38.5186],[-69.415,-38.5187],[-69.415,-38.5187],[-69.415,-38.5187],[-69.415,-38.5187],[-69.4149,-38.5187],[-69.4149,-38.5187],[-69.4149,-38.5187],[-69.4149,-38.5187],[-69.4149,-38.5187],[-69.4149,-38.5187],[-69.4149,-38.5187],[-69.4149,-38.5187],[-69.4149,-38.5187],[-69.4149,-38.5187],[-69.4149,-38.5187],[-69.4149,-38.5187],[-69.4149,-38.5187],[-69.4148,-38.5187],[-69.4148,-38.5187],[-69.4148,-38.5187],[-69.4148,-38.5188],[-69.4148,-38.5188],[-69.4148,-38.5188],[-69.4148,-38.5188],[-69.4148,-38.5188],[-69.4148,-38.5188],[-69.4148,-38.5188],[-69.4148,-38.5188],[-69.4148,-38.5188],[-69.4148,-38.5188],[-69.4148,-38.5188],[-69.4148,-38.5188],[-69.4148,-38.5188],[-69.4148,-38.5188],[-69.4147,-38.5188],[-69.4147,-38.5189],[-69.4147,-38.5189],[-69.4147,-38.5189],[-69.4147,-38.5189],[-69.4147,-38.5189],[-69.4147,-38.5189],[-69.4147,-38.5189],[-69.4147,-38.5189],[-69.4147,-38.5189],[-69.4147,-38.5189],[-69.4147,-38.5189],[-69.4147,-38.5189],[-69.4147,-38.5189],[-69.4147,-38.519],[-69.4147,-38.519],[-69.4147,-38.519],[-69.4147,-38.519],[-69.4147,-38.519],[-69.4147,-38.519],[-69.4146,-38.519],[-69.4146,-38.519],[-69.4146,-38.519],[-69.4146,-38.519],[-69.4146,-38.519],[-69.4146,-38.519],[-69.4146,-38.519],[-69.4146,-38.519],[-69.4146,-38.5191],[-69.4146,-38.5191],[-69.4146,-38.5191],[-69.4146,-38.5191],[-69.4146,-38.5191],[-69.4146,-38.5191],[-69.4146,-38.5191],[-69.4146,-38.5191],[-69.4146,-38.5191],[-69.4146,-38.5191],[-69.4146,-38.5191],[-69.4146,-38.5191],[-69.4145,-38.5191],[-69.4145,-38.5192],[-69.4145,-38.5192],[-69.4145,-38.5192],[-69.4145,-38.5192],[-69.4145,-38.5192],[-69.4145,-38.5192],[-69.4145,-38.5192],[-69.4145,-38.5192],[-69.4145,-38.5192],[-69.4145,-38.5192],[-69.4145,-38.5192],[-69.4145,-38.5192],[-69.4145,-38.5192],[-69.4145,-38.5192],[-69.4145,-38.5193],[-69.4145,-38.5193],[-69.4145,-38.5193],[-69.4145,-38.5193],[-69.4145,-38.5193],[-69.4144,-38.5193],[-69.4144,-38.5193],[-69.4144,-38.5193],[-69.4144,-38.5193],[-69.4144,-38.5193],[-69.4144,-38.5193],[-69.4144,-38.5193],[-69.4144,-38.5193],[-69.4144,-38.5194],[-69.4144,-38.5194],[-69.4144,-38.5194],[-69.4144,-38.5194],[-69.4144,-38.5194],[-69.4144,-38.5194],[-69.4144,-38.5194],[-69.4144,-38.5194],[-69.4144,-38.5194],[-69.4144,-38.5194],[-69.4144,-38.5194],[-69.4144,-38.5194],[-69.4144,-38.5194],[-69.4143,-38.5195],[-69.4143,-38.5195],[-69.4143,-38.5195],[-69.4143,-38.5195],[-69.4143,-38.5195],[-69.4143,-38.5195],[-69.4143,-38.5195],[-69.4143,-38.5195],[-69.4143,-38.5195],[-69.4143,-38.5195],[-69.4143,-38.5195],[-69.4143,-38.5195],[-69.4143,-38.5195],[-69.4143,-38.5196],[-69.4143,-38.5196],[-69.4143,-38.5196],[-69.4143,-38.5196],[-69.4143,-38.5196],[-69.4143,-38.5196],[-69.4143,-38.5196],[-69.4143,-38.5196],[-69.4143,-38.5196],[-69.4143,-38.5196],[-69.4142,-38.5196],[-69.4142,-38.5196],[-69.4142,-38.5196],[-69.4142,-38.5197],[-69.4142,-38.5197],[-69.4142,-38.5197],[-69.4142,-38.5197],[-69.4142,-38.5197],[-69.4142,-38.5197],[-69.4142,-38.5197],[-69.4142,-38.5197],[-69.4142,-38.5197],[-69.4142,-38.5197],[-69.4142,-38.5197],[-69.4142,-38.5197],[-69.4142,-38.5198],[-69.4142,-38.5198],[-69.4142,-38.5198],[-69.4142,-38.5198],[-69.4142,-38.5198],[-69.4142,-38.5198],[-69.4142,-38.5198],[-69.4142,-38.5198],[-69.4142,-38.5198],[-69.4141,-38.5198],[-69.4141,-38.5198],[-69.4141,-38.5198],[-69.4141,-38.5198],[-69.4141,-38.5199],[-69.4141,-38.5199],[-69.4141,-38.5199],[-69.4141,-38.5199],[-69.4141,-38.5199],[-69.4141,-38.5199],[-69.4141,-38.5199],[-69.4141,-38.5199],[-69.4141,-38.5199],[-69.4141,-38.5199],[-69.4141,-38.5199],[-69.4141,-38.5199],[-69.4141,-38.5199],[-69.4141,-38.52],[-69.4141,-38.52],[-69.4141,-38.52],[-69.4141,-38.52],[-69.4141,-38.52],[-69.4141,-38.52],[-69.414,-38.52],[-69.414,-38.52],[-69.414,-38.52],[-69.414,-38.52],[-69.414,-38.52],[-69.414,-38.52],[-69.414,-38.5201],[-69.414,-38.5201],[-69.414,-38.5201],[-69.414,-38.5201],[-69.414,-38.5201],[-69.414,-38.5201],[-69.414,-38.5201],[-69.414,-38.5201],[-69.414,-38.5201],[-69.414,-38.5201],[-69.414,-38.5201],[-69.414,-38.5201],[-69.414,-38.5201],[-69.414,-38.5202],[-69.414,-38.5202],[-69.414,-38.5202],[-69.414,-38.5202],[-69.414,-38.5202],[-69.4139,-38.5202],[-69.4139,-38.5202],[-69.4139,-38.5202],[-69.4139,-38.5202],[-69.4139,-38.5202],[-69.4139,-38.5202],[-69.4139,-38.5202],[-69.4139,-38.5202],[-69.4139,-38.5203],[-69.4139,-38.5203],[-69.4139,-38.5203],[-69.4139,-38.5203],[-69.4139,-38.5203],[-69.4139,-38.5203],[-69.4139,-38.5203],[-69.4139,-38.5203],[-69.4139,-38.5203],[-69.4139,-38.5203],[-69.4139,-38.5203],[-69.4139,-38.5203],[-69.4139,-38.5204],[-69.4139,-38.5204],[-69.4139,-38.5204],[-69.4138,-38.5204],[-69.4138,-38.5204],[-69.4138,-38.5204],[-69.4138,-38.5204],[-69.4138,-38.5204],[-69.4138,-38.5204],[-69.4138,-38.5204],[-69.4138,-38.5204],[-69.4138,-38.5204],[-69.4138,-38.5204],[-69.4138,-38.5205],[-69.4138,-38.5205],[-69.4138,-38.5205],[-69.4138,-38.5205],[-69.4138,-38.5205],[-69.4138,-38.5205],[-69.4138,-38.5205],[-69.4138,-38.5205],[-69.4138,-38.5205],[-69.4138,-38.5205],[-69.4138,-38.5205],[-69.4138,-38.5205],[-69.4138,-38.5206],[-69.4138,-38.5206],[-69.4138,-38.5206],[-69.4138,-38.5206],[-69.4138,-38.5206],[-69.4138,-38.5206],[-69.4138,-38.5206],[-69.4138,-38.5206],[-69.4138,-38.5206],[-69.4137,-38.5206],[-69.4137,-38.5206],[-69.4137,-38.5207],[-69.4137,-38.5207],[-69.4137,-38.5207],[-69.4137,-38.5207],[-69.4137,-38.5207],[-69.4137,-38.5207],[-69.4137,-38.5207],[-69.4137,-38.5207],[-69.4137,-38.5207],[-69.4137,-38.5207],[-69.4137,-38.5207],[-69.4137,-38.5207],[-69.4137,-38.5208],[-69.4137,-38.5208],[-69.4137,-38.5208],[-69.4137,-38.5208],[-69.4137,-38.5208],[-69.4137,-38.5208],[-69.4137,-38.5208],[-69.4137,-38.5208],[-69.4137,-38.5208],[-69.4137,-38.5208],[-69.4137,-38.5208],[-69.4137,-38.5208],[-69.4137,-38.5209],[-69.4137,-38.5209],[-69.4137,-38.5209],[-69.4137,-38.5209],[-69.4137,-38.5209],[-69.4136,-38.5209],[-69.4136,-38.5209],[-69.4136,-38.5209],[-69.4136,-38.5209],[-69.4136,-38.5209],[-69.4136,-38.5209],[-69.4136,-38.5209],[-69.4136,-38.521],[-69.4136,-38.521],[-69.4136,-38.521],[-69.4136,-38.521],[-69.4136,-38.521],[-69.4136,-38.521],[-69.4136,-38.521],[-69.4136,-38.521],[-69.4136,-38.521],[-69.4136,-38.521],[-69.4136,-38.521],[-69.4136,-38.521],[-69.4136,-38.5211],[-69.4136,-38.5211],[-69.4136,-38.5211],[-69.4136,-38.5211],[-69.4136,-38.5211],[-69.4136,-38.5211],[-69.4136,-38.5211],[-69.4136,-38.5211],[-69.4136,-38.5211],[-69.4136,-38.5211],[-69.4136,-38.5211],[-69.4136,-38.5211],[-69.4135,-38.5212],[-69.4135,-38.5212],[-69.4135,-38.5212],[-69.4135,-38.5212],[-69.4135,-38.5212],[-69.4135,-38.5212],[-69.4135,-38.5212],[-69.4135,-38.5212],[-69.4135,-38.5212],[-69.4135,-38.5212],[-69.4135,-38.5212],[-69.4135,-38.5212],[-69.4135,-38.5213],[-69.4135,-38.5213],[-69.4135,-38.5213],[-69.4135,-38.5213],[-69.4135,-38.5213],[-69.4135,-38.5213],[-69.4135,-38.5213],[-69.4135,-38.5213],[-69.4135,-38.5213],[-69.4135,-38.5213],[-69.4135,-38.5213],[-69.4135,-38.5213],[-69.4135,-38.5214],[-69.4135,-38.5214],[-69.4135,-38.5214],[-69.4135,-38.5214],[-69.4135,-38.5214],[-69.4135,-38.5214],[-69.4135,-38.5214],[-69.4135,-38.5214],[-69.4134,-38.5214],[-69.4134,-38.5214],[-69.4134,-38.5214],[-69.4134,-38.5214],[-69.4134,-38.5215],[-69.4134,-38.5215],[-69.4134,-38.5215],[-69.4134,-38.5215],[-69.4134,-38.5215],[-69.4134,-38.5215],[-69.4134,-38.5215],[-69.4134,-38.5215],[-69.4134,-38.5215],[-69.4134,-38.5215],[-69.4134,-38.5215],[-69.4134,-38.5215],[-69.4134,-38.5215],[-69.4134,-38.5215],[-69.4134,-38.5215],[-69.4133,-38.5216],[-69.4133,-38.5216],[-69.4133,-38.5216],[-69.4133,-38.5216],[-69.4133,-38.5216],[-69.4133,-38.5216],[-69.4133,-38.5216],[-69.4133,-38.5216],[-69.4133,-38.5216],[-69.4133,-38.5216],[-69.4133,-38.5216],[-69.4133,-38.5216],[-69.4133,-38.5216],[-69.4133,-38.5216],[-69.4132,-38.5216],[-69.4132,-38.5216],[-69.4132,-38.5216],[-69.4132,-38.5216],[-69.4132,-38.5217],[-69.4132,-38.5217],[-69.4132,-38.5217],[-69.4132,-38.5217],[-69.4132,-38.5217],[-69.4132,-38.5217],[-69.4132,-38.5217],[-69.4132,-38.5217],[-69.4132,-38.5217],[-69.4132,-38.5217],[-69.4131,-38.5217],[-69.4131,-38.5217],[-69.4131,-38.5217],[-69.4131,-38.5217],[-69.4131,-38.5217],[-69.4131,-38.5217],[-69.4131,-38.5217],[-69.4131,-38.5217],[-69.4131,-38.5218],[-69.4131,-38.5218],[-69.4131,-38.5218],[-69.4131,-38.5218],[-69.4131,-38.5218],[-69.4131,-38.5218],[-69.413,-38.5218],[-69.413,-38.5218],[-69.413,-38.5218],[-69.413,-38.5218],[-69.413,-38.5218],[-69.413,-38.5218],[-69.413,-38.5218],[-69.413,-38.5218],[-69.413,-38.5218],[-69.413,-38.5218],[-69.413,-38.5218],[-69.413,-38.5218],[-69.413,-38.5219],[-69.413,-38.5219],[-69.413,-38.5219],[-69.4129,-38.5219],[-69.4129,-38.5219],[-69.4129,-38.5219],[-69.4129,-38.5219],[-69.4129,-38.5219],[-69.4129,-38.5219],[-69.4129,-38.5219],[-69.4129,-38.5219],[-69.4129,-38.5219],[-69.4129,-38.5219],[-69.4129,-38.5219],[-69.4129,-38.5219],[-69.4129,-38.5219],[-69.4129,-38.5219],[-69.4128,-38.5219],[-69.4128,-38.522],[-69.4128,-38.522],[-69.4128,-38.522],[-69.4128,-38.522],[-69.4128,-38.522],[-69.4128,-38.522],[-69.4128,-38.522],[-69.4128,-38.522],[-69.4128,-38.522],[-69.4128,-38.522],[-69.4128,-38.522],[-69.4128,-38.522],[-69.4128,-38.522],[-69.4128,-38.522],[-69.4127,-38.522],[-69.4127,-38.522],[-69.4127,-38.522],[-69.4127,-38.522],[-69.4127,-38.522],[-69.4127,-38.5221],[-69.4127,-38.5221],[-69.4127,-38.5221],[-69.4127,-38.5221],[-69.4127,-38.5221],[-69.4127,-38.5221],[-69.4127,-38.5221],[-69.4127,-38.5221],[-69.4127,-38.5221],[-69.4126,-38.5221],[-69.4126,-38.5221],[-69.4126,-38.5221],[-69.4126,-38.5221],[-69.4126,-38.5221],[-69.4126,-38.5221],[-69.4126,-38.5221],[-69.4126,-38.5221],[-69.4126,-38.5221],[-69.4126,-38.5221],[-69.4126,-38.5221],[-69.4126,-38.5221],[-69.4126,-38.5222],[-69.4125,-38.5222],[-69.4125,-38.5222],[-69.4125,-38.5222],[-69.4125,-38.5222],[-69.4125,-38.5222],[-69.4125,-38.5222],[-69.4125,-38.5222],[-69.4125,-38.5222],[-69.4125,-38.5222],[-69.4125,-38.5222],[-69.4125,-38.5222],[-69.4125,-38.5222],[-69.4125,-38.5222],[-69.4124,-38.5222],[-69.4124,-38.5222],[-69.4124,-38.5222],[-69.4124,-38.5222],[-69.4124,-38.5222],[-69.4124,-38.5222],[-69.4124,-38.5222],[-69.4124,-38.5223],[-69.4124,-38.5223],[-69.4124,-38.5223],[-69.4124,-38.5223],[-69.4124,-38.5223],[-69.4124,-38.5223],[-69.4123,-38.5223],[-69.4123,-38.5223],[-69.4123,-38.5223],[-69.4123,-38.5223],[-69.4123,-38.5223],[-69.4123,-38.5223],[-69.4123,-38.5223],[-69.4123,-38.5223],[-69.4123,-38.5223],[-69.4123,-38.5223],[-69.4123,-38.5223],[-69.4123,-38.5223],[-69.4123,-38.5223],[-69.4122,-38.5223],[-69.4122,-38.5223],[-69.4122,-38.5224],[-69.4122,-38.5224],[-69.4122,-38.5224],[-69.4122,-38.5224],[-69.4122,-38.5224],[-69.4122,-38.5224],[-69.4122,-38.5224],[-69.4122,-38.5224],[-69.4122,-38.5224],[-69.4122,-38.5224],[-69.4122,-38.5224],[-69.4121,-38.5224],[-69.4121,-38.5224],[-69.4121,-38.5224],[-69.4121,-38.5224],[-69.4121,-38.5224],[-69.4121,-38.5224],[-69.4121,-38.5224],[-69.4121,-38.5224],[-69.4121,-38.5224],[-69.4121,-38.5224],[-69.4121,-38.5224],[-69.4121,-38.5225],[-69.4121,-38.5225],[-69.412,-38.5225],[-69.412,-38.5225],[-69.412,-38.5225],[-69.412,-38.5225],[-69.412,-38.5225],[-69.412,-38.5225],[-69.412,-38.5225],[-69.412,-38.5225],[-69.412,-38.5225],[-69.412,-38.5225],[-69.412,-38.5225],[-69.412,-38.5225],[-69.412,-38.5225],[-69.412,-38.5225],[-69.4119,-38.5225],[-69.4119,-38.5225],[-69.4119,-38.5225],[-69.4119,-38.5225],[-69.4119,-38.5225],[-69.4119,-38.5226],[-69.4119,-38.5226],[-69.4119,-38.5226],[-69.4119,-38.5226],[-69.4119,-38.5226],[-69.4119,-38.5226],[-69.4119,-38.5226],[-69.4119,-38.5226],[-69.4118,-38.5226],[-69.4118,-38.5226],[-69.4118,-38.5226],[-69.4118,-38.5226],[-69.4118,-38.5226],[-69.4118,-38.5226],[-69.4118,-38.5226],[-69.4118,-38.5226],[-69.4118,-38.5226],[-69.4118,-38.5226],[-69.4118,-38.5226],[-69.4118,-38.5226],[-69.4118,-38.5226],[-69.4117,-38.5227],[-69.4117,-38.5227],[-69.4117,-38.5227],[-69.4117,-38.5227],[-69.4117,-38.5227],[-69.4117,-38.5227],[-69.4117,-38.5227],[-69.4117,-38.5227],[-69.4117,-38.5227],[-69.4117,-38.5227],[-69.4117,-38.5227],[-69.4117,-38.5227],[-69.4117,-38.5227],[-69.4116,-38.5227],[-69.4116,-38.5227],[-69.4116,-38.5227],[-69.4116,-38.5227],[-69.4116,-38.5227],[-69.4116,-38.5227],[-69.4116,-38.5227],[-69.4116,-38.5227],[-69.4116,-38.5227],[-69.4116,-38.5227],[-69.4116,-38.5228],[-69.4116,-38.5228],[-69.4115,-38.5228],[-69.4115,-38.5228],[-69.4115,-38.5228],[-69.4115,-38.5228],[-69.4115,-38.5228],[-69.4115,-38.5228],[-69.4115,-38.5228],[-69.4115,-38.5228],[-69.4115,-38.5228],[-69.4115,-38.5228],[-69.4115,-38.5228],[-69.4115,-38.5228],[-69.4114,-38.5228],[-69.4114,-38.5228],[-69.4114,-38.5228],[-69.4114,-38.5228],[-69.4114,-38.5228],[-69.4114,-38.5228],[-69.4114,-38.5228],[-69.4114,-38.5228],[-69.4114,-38.5228],[-69.4114,-38.5228],[-69.4114,-38.5228],[-69.4114,-38.5228],[-69.4113,-38.5228],[-69.4113,-38.5228],[-69.4113,-38.5228],[-69.4113,-38.5228],[-69.4113,-38.5228],[-69.4113,-38.5228],[-69.4113,-38.5229],[-69.4113,-38.5229],[-69.4113,-38.5229],[-69.4113,-38.5229],[-69.4113,-38.5229],[-69.4113,-38.5229],[-69.4112,-38.5229],[-69.4112,-38.5229],[-69.4112,-38.5229],[-69.4112,-38.5229],[-69.4112,-38.5229],[-69.4112,-38.5229],[-69.4112,-38.5229],[-69.4112,-38.5229],[-69.4112,-38.5229],[-69.4112,-38.5229],[-69.4112,-38.5229],[-69.4112,-38.5229],[-69.4111,-38.5229],[-69.4111,-38.5229],[-69.4111,-38.5229],[-69.4111,-38.5229],[-69.4111,-38.5229],[-69.4111,-38.5229],[-69.4111,-38.5229],[-69.4111,-38.5229],[-69.4111,-38.5229],[-69.4111,-38.5229],[-69.4111,-38.5229],[-69.4111,-38.5229],[-69.411,-38.5229],[-69.411,-38.5229],[-69.411,-38.5229],[-69.411,-38.523],[-69.411,-38.523],[-69.411,-38.523],[-69.411,-38.523],[-69.411,-38.523],[-69.411,-38.523],[-69.411,-38.523],[-69.411,-38.523],[-69.411,-38.523],[-69.4109,-38.523],[-69.4109,-38.523],[-69.4109,-38.523],[-69.4109,-38.523],[-69.4109,-38.523],[-69.4109,-38.523],[-69.4109,-38.523],[-69.4109,-38.523],[-69.4109,-38.523],[-69.4109,-38.523],[-69.4109,-38.523],[-69.4109,-38.523],[-69.4108,-38.523],[-69.4108,-38.523],[-69.4108,-38.523],[-69.4108,-38.523],[-69.4108,-38.523],[-69.4108,-38.523],[-69.4108,-38.523],[-69.4108,-38.523],[-69.4108,-38.523],[-69.4108,-38.523],[-69.4108,-38.523],[-69.4108,-38.5231],[-69.4107,-38.5231],[-69.4107,-38.5231],[-69.4107,-38.5231],[-69.4107,-38.5231],[-69.4107,-38.5231],[-69.4107,-38.5231],[-69.4107,-38.5231],[-69.4107,-38.5231],[-69.4107,-38.5231],[-69.4107,-38.5231],[-69.4107,-38.5231],[-69.4107,-38.5231],[-69.4106,-38.5231],[-69.4106,-38.5231],[-69.4106,-38.5231],[-69.4106,-38.5231],[-69.4106,-38.5231],[-69.4106,-38.5231],[-69.4106,-38.5231],[-69.4106,-38.5231],[-69.4106,-38.5231],[-69.4106,-38.5231],[-69.4106,-38.5231],[-69.4106,-38.5231],[-69.4105,-38.5231],[-69.4105,-38.5231],[-69.4105,-38.5231],[-69.4105,-38.5231],[-69.4105,-38.5231],[-69.4105,-38.5231],[-69.4105,-38.5231],[-69.4105,-38.5231],[-69.4105,-38.5231],[-69.4105,-38.5231],[-69.4105,-38.5231],[-69.4104,-38.5231],[-69.4104,-38.5231],[-69.4104,-38.5231],[-69.4104,-38.5231],[-69.4104,-38.5231],[-69.4104,-38.5231],[-69.4104,-38.5231],[-69.4104,-38.5231],[-69.4104,-38.5232],[-69.4104,-38.5232],[-69.4104,-38.5232],[-69.4103,-38.5232],[-69.4103,-38.5232],[-69.4103,-38.5232],[-69.4103,-38.5232],[-69.4103,-38.5232],[-69.4103,-38.5232],[-69.4103,-38.5232],[-69.4103,-38.5232],[-69.4103,-38.5232],[-69.4103,-38.5232],[-69.4103,-38.5232],[-69.4103,-38.5232],[-69.4102,-38.5232],[-69.4102,-38.5232],[-69.4102,-38.5232],[-69.4102,-38.5232],[-69.4102,-38.5232],[-69.4102,-38.5232],[-69.4102,-38.5232],[-69.4102,-38.5232],[-69.4102,-38.5232],[-69.4102,-38.5232],[-69.4102,-38.5232],[-69.4101,-38.5232],[-69.4101,-38.5232],[-69.4101,-38.5232],[-69.4101,-38.5232],[-69.4101,-38.5232],[-69.4101,-38.5232],[-69.4101,-38.5232],[-69.4101,-38.5232],[-69.4101,-38.5232],[-69.4101,-38.5232],[-69.4101,-38.5232],[-69.41,-38.5232],[-69.41,-38.5232],[-69.41,-38.5232],[-69.41,-38.5232],[-69.41,-38.5232],[-69.41,-38.5232],[-69.41,-38.5232],[-69.41,-38.5232],[-69.41,-38.5232],[-69.41,-38.5232],[-69.41,-38.5232],[-69.41,-38.5232],[-69.4099,-38.5232],[-69.4099,-38.5232],[-69.4099,-38.5232],[-69.4099,-38.5232],[-69.4099,-38.5232],[-69.4099,-38.5232],[-69.4099,-38.5232],[-69.4099,-38.5232],[-69.4099,-38.5232],[-69.4099,-38.5232],[-69.4099,-38.5232],[-69.4098,-38.5232],[-69.4098,-38.5232],[-69.4098,-38.5232],[-69.4098,-38.5232],[-69.4098,-38.5232],[-69.4098,-38.5232],[-69.4098,-38.5232],[-69.4098,-38.5232],[-69.4098,-38.5232],[-69.4098,-38.5233],[-69.4098,-38.5233],[-69.4097,-38.5233],[-69.4097,-38.5233],[-69.4097,-38.5233],[-69.4097,-38.5233],[-69.4097,-38.5233],[-69.4097,-38.5233],[-69.4097,-38.5233],[-69.4097,-38.5233],[-69.4097,-38.5233],[-69.4097,-38.5233],[-69.4097,-38.5233],[-69.4096,-38.5233],[-69.4096,-38.5233],[-69.4096,-38.5233],[-69.4096,-38.5233],[-69.4096,-38.5233],[-69.4096,-38.5233],[-69.4096,-38.5233],[-69.4096,-38.5233],[-69.4096,-38.5233],[-69.4096,-38.5233],[-69.4096,-38.5233],[-69.4096,-38.5233],[-69.4095,-38.5233],[-69.4095,-38.5233],[-69.4095,-38.5233],[-69.4095,-38.5233],[-69.4095,-38.5233],[-69.4095,-38.5233],[-69.4095,-38.5233],[-69.4095,-38.5233],[-69.4095,-38.5233],[-69.4095,-38.5233],[-69.4095,-38.5233],[-69.4094,-38.5233],[-69.4094,-38.5233],[-69.4094,-38.5233],[-69.4094,-38.5233],[-69.4094,-38.5233],[-69.4094,-38.5233],[-69.4094,-38.5233],[-69.4094,-38.5233],[-69.4094,-38.5233],[-69.4094,-38.5233],[-69.4094,-38.5233],[-69.4093,-38.5233],[-69.4093,-38.5233],[-69.4093,-38.5233],[-69.4093,-38.5233],[-69.4093,-38.5233],[-69.4093,-38.5233],[-69.4093,-38.5233],[-69.4093,-38.5233],[-69.4093,-38.5233],[-69.4093,-38.5233],[-69.4093,-38.5233],[-69.4093,-38.5233],[-69.4092,-38.5233],[-69.4092,-38.5233],[-69.4092,-38.5233],[-69.4092,-38.5233],[-69.4092,-38.5233],[-69.4092,-38.5233],[-69.4092,-38.5233],[-69.4092,-38.5233],[-69.4092,-38.5233],[-69.4092,-38.5233],[-69.4092,-38.5233],[-69.4091,-38.5233],[-69.4091,-38.5233],[-69.4091,-38.5233],[-69.4091,-38.5233],[-69.4091,-38.5233],[-69.4091,-38.5233],[-69.4091,-38.5233],[-69.4091,-38.5233],[-69.4091,-38.5233],[-69.4091,-38.5233],[-69.4091,-38.5233],[-69.409,-38.5233],[-69.409,-38.5233],[-69.409,-38.5233],[-69.409,-38.5233],[-69.409,-38.5233],[-69.409,-38.5233],[-69.409,-38.5233],[-69.409,-38.5233],[-69.409,-38.5233],[-69.409,-38.5233],[-69.409,-38.5233],[-69.4089,-38.5233],[-69.4089,-38.5233],[-69.4089,-38.5233],[-69.4089,-38.5233],[-69.4089,-38.5233],[-69.4089,-38.5233],[-69.4089,-38.5233],[-69.4089,-38.5233],[-69.4089,-38.5233],[-69.4089,-38.5233],[-69.4089,-38.5233],[-69.4088,-38.5233],[-69.4088,-38.5233],[-69.4088,-38.5233],[-69.4088,-38.5233],[-69.4088,-38.5233],[-69.4088,-38.5233],[-69.4088,-38.5233],[-69.4088,-38.5233],[-69.4088,-38.5233],[-69.4088,-38.5233],[-69.4088,-38.5233],[-69.4087,-38.5233],[-69.4087,-38.5233],[-69.4087,-38.5233],[-69.4087,-38.5233],[-69.4087,-38.5233],[-69.4087,-38.5233],[-69.4087,-38.5233],[-69.4087,-38.5233],[-69.4087,-38.5233],[-69.4087,-38.5233],[-69.4087,-38.5233],[-69.4087,-38.5233],[-69.4086,-38.5233],[-69.4086,-38.5233],[-69.4086,-38.5233],[-69.4086,-38.5233],[-69.4086,-38.5233],[-69.4086,-38.5233],[-69.4086,-38.5233],[-69.4086,-38.5233],[-69.4086,-38.5233],[-69.4086,-38.5233],[-69.4086,-38.5233],[-69.4085,-38.5233],[-69.4085,-38.5233],[-69.4085,-38.5233],[-69.4085,-38.5233],[-69.4085,-38.5233],[-69.4085,-38.5233],[-69.4085,-38.5233],[-69.4085,-38.5233],[-69.4085,-38.5233],[-69.4085,-38.5233],[-69.4085,-38.5233],[-69.4084,-38.5233],[-69.4084,-38.5233],[-69.4084,-38.5233],[-69.4084,-38.5233],[-69.4084,-38.5233],[-69.4084,-38.5233],[-69.4084,-38.5233],[-69.4084,-38.5233],[-69.4084,-38.5233],[-69.4084,-38.5233],[-69.4084,-38.5233],[-69.4083,-38.5233],[-69.4083,-38.5233],[-69.4083,-38.5233],[-69.4083,-38.5233],[-69.4083,-38.5233],[-69.4083,-38.5233],[-69.4083,-38.5233],[-69.4083,-38.5233],[-69.4083,-38.5233],[-69.4083,-38.5233],[-69.4083,-38.5233],[-69.4082,-38.5233],[-69.4082,-38.5233],[-69.4082,-38.5233],[-69.4082,-38.5233],[-69.4082,-38.5233],[-69.4082,-38.5233],[-69.4082,-38.5233],[-69.4082,-38.5233],[-69.4082,-38.5233],[-69.4082,-38.5233],[-69.4082,-38.5233],[-69.4081,-38.5233],[-69.4081,-38.5233],[-69.4081,-38.5233],[-69.4081,-38.5233],[-69.4081,-38.5233],[-69.4081,-38.5233],[-69.4081,-38.5233],[-69.4081,-38.5233],[-69.4081,-38.5233],[-69.4081,-38.5233],[-69.4081,-38.5233],[-69.4081,-38.5233],[-69.408,-38.5233],[-69.408,-38.5233],[-69.408,-38.5233],[-69.408,-38.5233],[-69.408,-38.5233],[-69.408,-38.5233],[-69.408,-38.5233],[-69.408,-38.5233],[-69.408,-38.5233],[-69.408,-38.5233],[-69.408,-38.5233],[-69.4079,-38.5233],[-69.4079,-38.5233],[-69.4079,-38.5233],[-69.4079,-38.5233],[-69.4079,-38.5233],[-69.4079,-38.5233],[-69.4079,-38.5233],[-69.4079,-38.5233],[-69.4079,-38.5233],[-69.4079,-38.5233],[-69.4079,-38.5233],[-69.4078,-38.5233],[-69.4078,-38.5233],[-69.4078,-38.5233],[-69.4078,-38.5233],[-69.4078,-38.5233],[-69.4078,-38.5233],[-69.4078,-38.5233],[-69.4078,-38.5233],[-69.4078,-38.5233],[-69.4078,-38.5233],[-69.4078,-38.5233],[-69.4077,-38.5233],[-69.4077,-38.5233],[-69.4077,-38.5233],[-69.4077,-38.5233],[-69.4077,-38.5233],[-69.4077,-38.5233],[-69.4077,-38.5233],[-69.4077,-38.5233],[-69.4077,-38.5233],[-69.4077,-38.5233],[-69.4077,-38.5233],[-69.4076,-38.5233],[-69.4076,-38.5233],[-69.4076,-38.5233],[-69.4076,-38.5233],[-69.4076,-38.5233],[-69.4076,-38.5233],[-69.4076,-38.5233],[-69.4076,-38.5233],[-69.4076,-38.5233],[-69.4076,-38.5233],[-69.4076,-38.5233],[-69.4075,-38.5233],[-69.4075,-38.5233],[-69.4075,-38.5233],[-69.4075,-38.5234],[-69.4075,-38.5234],[-69.4075,-38.5234],[-69.4075,-38.5234],[-69.4075,-38.5234],[-69.4075,-38.5234],[-69.4075,-38.5234],[-69.4075,-38.5234],[-69.4074,-38.5234],[-69.4074,-38.5234],[-69.4074,-38.5234],[-69.4074,-38.5234],[-69.4074,-38.5234],[-69.4074,-38.5234],[-69.4074,-38.5234],[-69.4074,-38.5234],[-69.4074,-38.5234],[-69.4074,-38.5234],[-69.4074,-38.5234],[-69.4073,-38.5234],[-69.4073,-38.5234],[-69.4073,-38.5234],[-69.4073,-38.5234],[-69.4073,-38.5234],[-69.4073,-38.5234],[-69.4073,-38.5234],[-69.4073,-38.5234],[-69.4073,-38.5234],[-69.4073,-38.5234],[-69.4073,-38.5234],[-69.4073,-38.5234],[-69.4072,-38.5234],[-69.4072,-38.5234],[-69.4072,-38.5234],[-69.4072,-38.5234],[-69.4072,-38.5234],[-69.4072,-38.5234],[-69.4072,-38.5234],[-69.4072,-38.5234],[-69.4072,-38.5234],[-69.4072,-38.5234],[-69.4072,-38.5234],[-69.4071,-38.5234],[-69.4071,-38.5234],[-69.4071,-38.5234],[-69.4071,-38.5234],[-69.4071,-38.5234],[-69.4071,-38.5234],[-69.4071,-38.5234],[-69.4071,-38.5234],[-69.4071,-38.5234],[-69.4071,-38.5234],[-69.4071,-38.5234],[-69.407,-38.5234],[-69.407,-38.5234],[-69.407,-38.5234],[-69.407,-38.5234],[-69.407,-38.5234],[-69.407,-38.5234],[-69.407,-38.5234],[-69.407,-38.5234],[-69.407,-38.5234],[-69.407,-38.5234],[-69.407,-38.5234],[-69.4069,-38.5234],[-69.4069,-38.5234],[-69.4069,-38.5234],[-69.4069,-38.5234],[-69.4069,-38.5234],[-69.4069,-38.5234],[-69.4069,-38.5234],[-69.4069,-38.5234],[-69.4069,-38.5234],[-69.4069,-38.5234],[-69.4069,-38.5234],[-69.4068,-38.5234],[-69.4068,-38.5234],[-69.4068,-38.5234],[-69.4068,-38.5234],[-69.4068,-38.5234],[-69.4068,-38.5234],[-69.4068,-38.5234],[-69.4068,-38.5234],[-69.4068,-38.5234],[-69.4068,-38.5234],[-69.4068,-38.5234],[-69.4068,-38.5234],[-69.4067,-38.5234],[-69.4067,-38.5234],[-69.4067,-38.5234],[-69.4067,-38.5234],[-69.4067,-38.5234],[-69.4067,-38.5234],[-69.4067,-38.5234],[-69.4067,-38.5234],[-69.4067,-38.5234],[-69.4067,-38.5234],[-69.4067,-38.5234],[-69.4066,-38.5234],[-69.4066,-38.5234],[-69.4066,-38.5234],[-69.4066,-38.5234],[-69.4066,-38.5234],[-69.4066,-38.5234],[-69.4066,-38.5234],[-69.4066,-38.5234],[-69.4066,-38.5234],[-69.4066,-38.5234],[-69.4066,-38.5234],[-69.4065,-38.5234],[-69.4065,-38.5234],[-69.4065,-38.5234],[-69.4065,-38.5234],[-69.4065,-38.5234],[-69.4065,-38.5234],[-69.4065,-38.5234],[-69.4065,-38.5234],[-69.4065,-38.5234],[-69.4065,-38.5234],[-69.4065,-38.5235],[-69.4064,-38.5235],[-69.4064,-38.5235],[-69.4064,-38.5235],[-69.4064,-38.5235],[-69.4064,-38.5235],[-69.4064,-38.5235],[-69.4064,-38.5235],[-69.4064,-38.5235],[-69.4064,-38.5235],[-69.4064,-38.5235],[-69.4064,-38.5235],[-69.4064,-38.5235],[-69.4063,-38.5235],[-69.4063,-38.5235],[-69.4063,-38.5235],[-69.4063,-38.5235],[-69.4063,-38.5235],[-69.4063,-38.5235],[-69.4063,-38.5235],[-69.4063,-38.5235],[-69.4063,-38.5235],[-69.4063,-38.5235],[-69.4063,-38.5235],[-69.4062,-38.5235],[-69.4062,-38.5235],[-69.4062,-38.5235],[-69.4062,-38.5235],[-69.4062,-38.5235],[-69.4062,-38.5235],[-69.4062,-38.5235],[-69.4062,-38.5235],[-69.4062,-38.5235],[-69.4062,-38.5235],[-69.4062,-38.5235],[-69.4061,-38.5235],[-69.4061,-38.5235],[-69.4061,-38.5235],[-69.4061,-38.5235],[-69.4061,-38.5235],[-69.4061,-38.5235],[-69.4061,-38.5235],[-69.4061,-38.5235],[-69.4061,-38.5235],[-69.4061,-38.5235],[-69.4061,-38.5235],[-69.4061,-38.5235],[-69.406,-38.5235],[-69.406,-38.5235],[-69.406,-38.5235],[-69.406,-38.5235],[-69.406,-38.5235],[-69.406,-38.5235],[-69.406,-38.5235],[-69.406,-38.5235],[-69.406,-38.5235],[-69.406,-38.5235],[-69.406,-38.5235],[-69.4059,-38.5235],[-69.4059,-38.5235],[-69.4059,-38.5235],[-69.4059,-38.5235],[-69.4059,-38.5235],[-69.4059,-38.5235],[-69.4059,-38.5235],[-69.4059,-38.5235],[-69.4059,-38.5235],[-69.4059,-38.5235],[-69.4059,-38.5235],[-69.4059,-38.5236],[-69.4058,-38.5236],[-69.4058,-38.5236],[-69.4058,-38.5236],[-69.4058,-38.5236],[-69.4058,-38.5236],[-69.4058,-38.5236],[-69.4058,-38.5236],[-69.4058,-38.5236],[-69.4058,-38.5236],[-69.4058,-38.5236],[-69.4058,-38.5236],[-69.4057,-38.5236],[-69.4057,-38.5236],[-69.4057,-38.5236],[-69.4057,-38.5236],[-69.4057,-38.5236],[-69.4057,-38.5236],[-69.4057,-38.5236],[-69.4057,-38.5236],[-69.4057,-38.5236],[-69.4057,-38.5236],[-69.4057,-38.5236],[-69.4057,-38.5236],[-69.4056,-38.5236],[-69.4056,-38.5236],[-69.4056,-38.5236],[-69.4056,-38.5236],[-69.4056,-38.5236],[-69.4056,-38.5236],[-69.4056,-38.5236],[-69.4056,-38.5236],[-69.4056,-38.5236],[-69.4056,-38.5236],[-69.4056,-38.5236],[-69.4055,-38.5236],[-69.4055,-38.5236],[-69.4055,-38.5236],[-69.4055,-38.5236],[-69.4055,-38.5236],[-69.4055,-38.5237],[-69.4055,-38.5237],[-69.4055,-38.5237],[-69.4055,-38.5237],[-69.4055,-38.5237],[-69.4055,-38.5237],[-69.4055,-38.5237],[-69.4054,-38.5237],[-69.4054,-38.5237],[-69.4054,-38.5237],[-69.4054,-38.5237],[-69.4054,-38.5237],[-69.4054,-38.5237],[-69.4054,-38.5237],[-69.4054,-38.5237],[-69.4054,-38.5237],[-69.4054,-38.5237],[-69.4054,-38.5237],[-69.4054,-38.5237],[-69.4053,-38.5237],[-69.4053,-38.5237],[-69.4053,-38.5237],[-69.4053,-38.5237],[-69.4053,-38.5237],[-69.4053,-38.5237],[-69.4053,-38.5237],[-69.4053,-38.5237],[-69.4053,-38.5237],[-69.4053,-38.5237],[-69.4053,-38.5237],[-69.4052,-38.5237],[-69.4052,-38.5237],[-69.4052,-38.5237],[-69.4052,-38.5237],[-69.4052,-38.5237],[-69.4052,-38.5237],[-69.4052,-38.5237],[-69.4052,-38.5237],[-69.4052,-38.5237],[-69.4052,-38.5237],[-69.4052,-38.5238],[-69.4052,-38.5238],[-69.4051,-38.5238],[-69.4051,-38.5238],[-69.4051,-38.5238],[-69.4051,-38.5238],[-69.4051,-38.5238],[-69.4051,-38.5238],[-69.4051,-38.5238],[-69.4051,-38.5238],[-69.4051,-38.5238],[-69.4051,-38.5238],[-69.4051,-38.5238],[-69.4051,-38.5238],[-69.405,-38.5238],[-69.405,-38.5238],[-69.405,-38.5238],[-69.405,-38.5238],[-69.405,-38.5238],[-69.405,-38.5238],[-69.405,-38.5238],[-69.405,-38.5238],[-69.405,-38.5238],[-69.405,-38.5238],[-69.405,-38.5238],[-69.4049,-38.5238],[-69.4049,-38.5238],[-69.4049,-38.5238],[-69.4049,-38.5238],[-69.4049,-38.5238],[-69.4049,-38.5238],[-69.4049,-38.5238],[-69.4049,-38.5238],[-69.4049,-38.5238],[-69.4049,-38.5238],[-69.4049,-38.5238],[-69.4049,-38.5238],[-69.4048,-38.5238],[-69.4048,-38.5238],[-69.4048,-38.5238],[-69.4048,-38.5239],[-69.4048,-38.5239],[-69.4048,-38.5239],[-69.4048,-38.5239],[-69.4048,-38.5239],[-69.4048,-38.5239],[-69.4048,-38.5239],[-69.4048,-38.5239],[-69.4047,-38.5239],[-69.4047,-38.5239],[-69.4047,-38.5239],[-69.4047,-38.5239],[-69.4047,-38.5239],[-69.4047,-38.5239],[-69.4047,-38.5239],[-69.4047,-38.5239],[-69.4047,-38.5239],[-69.4047,-38.5239],[-69.4047,-38.5239],[-69.4047,-38.5239],[-69.4046,-38.5239],[-69.4046,-38.5239],[-69.4046,-38.5239],[-69.4046,-38.5239],[-69.4046,-38.5239],[-69.4046,-38.5239],[-69.4046,-38.5239],[-69.4046,-38.5239],[-69.4046,-38.5239],[-69.4046,-38.5239],[-69.4046,-38.5239],[-69.4046,-38.5239],[-69.4045,-38.5239],[-69.4045,-38.5239],[-69.4045,-38.5239],[-69.4045,-38.5239],[-69.4045,-38.524],[-69.4045,-38.524],[-69.4045,-38.524],[-69.4045,-38.524],[-69.4045,-38.524],[-69.4045,-38.524],[-69.4045,-38.524],[-69.4045,-38.524],[-69.4044,-38.524],[-69.4044,-38.524],[-69.4044,-38.524],[-69.4044,-38.524],[-69.4044,-38.524],[-69.4044,-38.524],[-69.4044,-38.524],[-69.4044,-38.524],[-69.4044,-38.524],[-69.4044,-38.524],[-69.4044,-38.524],[-69.4044,-38.524],[-69.4043,-38.524],[-69.4043,-38.524],[-69.4043,-38.524],[-69.4043,-38.524],[-69.4043,-38.524],[-69.4043,-38.524],[-69.4043,-38.524],[-69.4043,-38.524],[-69.4043,-38.524],[-69.4043,-38.524],[-69.4043,-38.524],[-69.4042,-38.524],[-69.4042,-38.5241],[-69.4042,-38.5241],[-69.4042,-38.5241],[-69.4042,-38.5241],[-69.4042,-38.5241],[-69.4042,-38.5241],[-69.4042,-38.5241],[-69.4042,-38.5241],[-69.4042,-38.5241],[-69.4042,-38.5241],[-69.4042,-38.5241],[-69.4041,-38.5241],[-69.4041,-38.5241],[-69.4041,-38.5241],[-69.4041,-38.5241],[-69.4041,-38.5241],[-69.4041,-38.5241],[-69.4041,-38.5241],[-69.4041,-38.5241],[-69.4041,-38.5241],[-69.4041,-38.5241],[-69.4041,-38.5241],[-69.4041,-38.5241],[-69.404,-38.5241],[-69.404,-38.5241],[-69.404,-38.5241],[-69.404,-38.5241],[-69.404,-38.5241],[-69.404,-38.5241],[-69.404,-38.5241],[-69.404,-38.5241],[-69.404,-38.5241],[-69.404,-38.5242],[-69.404,-38.5242],[-69.404,-38.5242],[-69.4039,-38.5242],[-69.4039,-38.5242],[-69.4039,-38.5242],[-69.4039,-38.5242],[-69.4039,-38.5242],[-69.4039,-38.5242],[-69.4039,-38.5242],[-69.4039,-38.5242],[-69.4039,-38.5242],[-69.4039,-38.5242],[-69.4039,-38.5242],[-69.4039,-38.5242],[-69.4038,-38.5242],[-69.4038,-38.5242],[-69.4038,-38.5242],[-69.4038,-38.5242],[-69.4038,-38.5242],[-69.4038,-38.5242],[-69.4038,-38.5242],[-69.4038,-38.5242],[-69.4038,-38.5242],[-69.4038,-38.5242],[-69.4038,-38.5242],[-69.4038,-38.5242],[-69.4037,-38.5242],[-69.4037,-38.5242],[-69.4037,-38.5242],[-69.4037,-38.5242],[-69.4037,-38.5243],[-69.4037,-38.5243],[-69.4037,-38.5243],[-69.4037,-38.5243],[-69.4037,-38.5243],[-69.4037,-38.5243],[-69.4037,-38.5243],[-69.4037,-38.5243],[-69.4037,-38.5243],[-69.4037,-38.5243],[-69.4037,-38.5243],[-69.4037,-38.5243],[-69.4037,-38.5243],[-69.4037,-38.5244],[-69.4037,-38.5244],[-69.4037,-38.5244],[-69.4036,-38.5244],[-69.4036,-38.5244],[-69.4036,-38.5244],[-69.4036,-38.5244],[-69.4036,-38.5244],[-69.4036,-38.5244],[-69.4036,-38.5244],[-69.4036,-38.5244],[-69.4036,-38.5244],[-69.4036,-38.5245],[-69.4036,-38.5245],[-69.4036,-38.5245],[-69.4036,-38.5245],[-69.4036,-38.5245],[-69.4036,-38.5245],[-69.4036,-38.5245],[-69.4036,-38.5245],[-69.4036,-38.5245],[-69.4036,-38.5245],[-69.4036,-38.5245],[-69.4036,-38.5245],[-69.4036,-38.5245],[-69.4035,-38.5246],[-69.4035,-38.5246],[-69.4035,-38.5246],[-69.4035,-38.5246],[-69.4035,-38.5246],[-69.4035,-38.5246],[-69.4035,-38.5246],[-69.4035,-38.5246],[-69.4035,-38.5246],[-69.4035,-38.5246],[-69.4035,-38.5246],[-69.4035,-38.5246],[-69.4035,-38.5246],[-69.4035,-38.5247],[-69.4035,-38.5247],[-69.4035,-38.5247],[-69.4035,-38.5247],[-69.4035,-38.5247],[-69.4035,-38.5247],[-69.4035,-38.5247],[-69.4035,-38.5247],[-69.4035,-38.5247],[-69.4035,-38.5247],[-69.4034,-38.5247],[-69.4034,-38.5247],[-69.4034,-38.5247],[-69.4034,-38.5248],[-69.4034,-38.5248],[-69.4034,-38.5248],[-69.4034,-38.5248],[-69.4034,-38.5248],[-69.4034,-38.5248],[-69.4034,-38.5248],[-69.4034,-38.5248],[-69.4034,-38.5248],[-69.4034,-38.5248],[-69.4034,-38.5248],[-69.4034,-38.5249],[-69.4034,-38.5249],[-69.4034,-38.5249],[-69.4034,-38.5249],[-69.4034,-38.5249],[-69.4034,-38.5249],[-69.4034,-38.5249],[-69.4034,-38.5249],[-69.4034,-38.5249],[-69.4034,-38.5249],[-69.4034,-38.5249],[-69.4034,-38.525],[-69.4034,-38.525],[-69.4034,-38.525],[-69.4034,-38.525],[-69.4034,-38.525],[-69.4034,-38.525],[-69.4034,-38.525],[-69.4034,-38.525],[-69.4034,-38.525],[-69.4034,-38.525],[-69.4034,-38.525],[-69.4034,-38.5251],[-69.4034,-38.5251],[-69.4034,-38.5251],[-69.4034,-38.5251],[-69.4034,-38.5251],[-69.4034,-38.5251],[-69.4034,-38.5251],[-69.4034,-38.5251],[-69.4034,-38.5251],[-69.4034,-38.5251],[-69.4034,-38.5251],[-69.4034,-38.5251],[-69.4034,-38.5252],[-69.4034,-38.5252],[-69.4034,-38.5252],[-69.4034,-38.5252],[-69.4034,-38.5252],[-69.4034,-38.5252],[-69.4034,-38.5252],[-69.4034,-38.5252],[-69.4034,-38.5252],[-69.4034,-38.5252],[-69.4034,-38.5252],[-69.4034,-38.5253],[-69.4034,-38.5253],[-69.4034,-38.5253],[-69.4034,-38.5253],[-69.4034,-38.5253],[-69.4034,-38.5253],[-69.4034,-38.5253],[-69.4034,-38.5253],[-69.4034,-38.5253],[-69.4034,-38.5253],[-69.4034,-38.5253],[-69.4034,-38.5254],[-69.4034,-38.5254],[-69.4034,-38.5254],[-69.4034,-38.5254],[-69.4034,-38.5254],[-69.4034,-38.5254],[-69.4034,-38.5254],[-69.4034,-38.5254],[-69.4034,-38.5254],[-69.4034,-38.5254],[-69.4034,-38.5254],[-69.4034,-38.5255],[-69.4034,-38.5255],[-69.4034,-38.5255],[-69.4034,-38.5255],[-69.4034,-38.5255],[-69.4034,-38.5255],[-69.4034,-38.5255],[-69.4034,-38.5255],[-69.4034,-38.5255],[-69.4034,-38.5255],[-69.4034,-38.5255],[-69.4034,-38.5256],[-69.4034,-38.5256],[-69.4034,-38.5256],[-69.4034,-38.5256],[-69.4034,-38.5256],[-69.4034,-38.5256],[-69.4034,-38.5256],[-69.4034,-38.5256],[-69.4034,-38.5256],[-69.4034,-38.5256],[-69.4034,-38.5256],[-69.4034,-38.5257],[-69.4034,-38.5257],[-69.4034,-38.5257],[-69.4034,-38.5257],[-69.4034,-38.5257],[-69.4034,-38.5257],[-69.4034,-38.5257],[-69.4034,-38.5257],[-69.4034,-38.5257],[-69.4034,-38.5257],[-69.4034,-38.5257],[-69.4034,-38.5257],[-69.4034,-38.5258],[-69.4034,-38.5258],[-69.4034,-38.5258],[-69.4034,-38.5258],[-69.4034,-38.5258],[-69.4034,-38.5258],[-69.4034,-38.5258],[-69.4034,-38.5258],[-69.4034,-38.5258],[-69.4034,-38.5258],[-69.4034,-38.5258],[-69.4034,-38.5259],[-69.4034,-38.5259],[-69.4034,-38.5259],[-69.4034,-38.5259],[-69.4034,-38.5259],[-69.4034,-38.5259],[-69.4034,-38.5259],[-69.4034,-38.5259],[-69.4034,-38.5259],[-69.4034,-38.5259],[-69.4034,-38.5259],[-69.4034,-38.526],[-69.4034,-38.526],[-69.4034,-38.526],[-69.4034,-38.526],[-69.4034,-38.526],[-69.4034,-38.526],[-69.4034,-38.526],[-69.4034,-38.526],[-69.4034,-38.526],[-69.4034,-38.526],[-69.4034,-38.526],[-69.4034,-38.5261],[-69.4034,-38.5261],[-69.4034,-38.5261],[-69.4034,-38.5261],[-69.4034,-38.5261],[-69.4034,-38.5261],[-69.4034,-38.5261],[-69.4034,-38.5261],[-69.4034,-38.5261],[-69.4034,-38.5261],[-69.4034,-38.5261],[-69.4034,-38.5262],[-69.4034,-38.5262],[-69.4034,-38.5262],[-69.4034,-38.5262],[-69.4034,-38.5262],[-69.4034,-38.5262],[-69.4034,-38.5262],[-69.4034,-38.5262],[-69.4034,-38.5262],[-69.4034,-38.5262],[-69.4034,-38.5262],[-69.4034,-38.5263],[-69.4034,-38.5263],[-69.4034,-38.5263],[-69.4034,-38.5263],[-69.4034,-38.5263],[-69.4034,-38.5263],[-69.4034,-38.5263],[-69.4034,-38.5263],[-69.4034,-38.5263],[-69.4034,-38.5263],[-69.4034,-38.5263],[-69.4034,-38.5263],[-69.4034,-38.5264],[-69.4034,-38.5264],[-69.4034,-38.5264],[-69.4034,-38.5264],[-69.4034,-38.5264],[-69.4034,-38.5264],[-69.4034,-38.5264],[-69.4034,-38.5264],[-69.4034,-38.5264],[-69.4034,-38.5264],[-69.4034,-38.5264],[-69.4034,-38.5265],[-69.4034,-38.5265],[-69.4034,-38.5265],[-69.4034,-38.5265],[-69.4034,-38.5265],[-69.4034,-38.5265],[-69.4034,-38.5265],[-69.4034,-38.5265],[-69.4034,-38.5265],[-69.4034,-38.5265],[-69.4034,-38.5265],[-69.4034,-38.5266],[-69.4034,-38.5266],[-69.4034,-38.5266],[-69.4034,-38.5266],[-69.4034,-38.5266],[-69.4035,-38.5266],[-69.4035,-38.5266],[-69.4035,-38.5266],[-69.4035,-38.5266],[-69.4035,-38.5266],[-69.4035,-38.5266],[-69.4035,-38.5267],[-69.4035,-38.5267],[-69.4035,-38.5267],[-69.4035,-38.5267],[-69.4035,-38.5267],[-69.4035,-38.5267],[-69.4035,-38.5267],[-69.4035,-38.5267],[-69.4035,-38.5267],[-69.4035,-38.5267],[-69.4035,-38.5267],[-69.4035,-38.5268],[-69.4035,-38.5268],[-69.4035,-38.5268],[-69.4035,-38.5268],[-69.4035,-38.5268],[-69.4035,-38.5268],[-69.4035,-38.5268],[-69.4035,-38.5268],[-69.4035,-38.5268],[-69.4035,-38.5268],[-69.4035,-38.5268],[-69.4035,-38.5269],[-69.4035,-38.5269],[-69.4035,-38.5269],[-69.4035,-38.5269],[-69.4035,-38.5269],[-69.4035,-38.5269],[-69.4035,-38.5269],[-69.4035,-38.5269],[-69.4035,-38.5269],[-69.4035,-38.5269],[-69.4035,-38.5269],[-69.4035,-38.527],[-69.4035,-38.527],[-69.4035,-38.527],[-69.4035,-38.527],[-69.4035,-38.527],[-69.4035,-38.527],[-69.4035,-38.527],[-69.4035,-38.527],[-69.4035,-38.527],[-69.4035,-38.527],[-69.4035,-38.527],[-69.4035,-38.527],[-69.4035,-38.5271],[-69.4035,-38.5271],[-69.4035,-38.5271],[-69.4035,-38.5271],[-69.4035,-38.5271],[-69.4035,-38.5271],[-69.4035,-38.5271],[-69.4035,-38.5271],[-69.4035,-38.5271],[-69.4035,-38.5271],[-69.4035,-38.5271],[-69.4035,-38.5272],[-69.4035,-38.5272],[-69.4035,-38.5272],[-69.4035,-38.5272],[-69.4035,-38.5272],[-69.4035,-38.5272],[-69.4035,-38.5272],[-69.4035,-38.5272],[-69.4035,-38.5272],[-69.4035,-38.5272],[-69.4035,-38.5272],[-69.4035,-38.5273],[-69.4035,-38.5273],[-69.4035,-38.5273],[-69.4035,-38.5273],[-69.4035,-38.5273],[-69.4035,-38.5273],[-69.4035,-38.5273],[-69.4035,-38.5273],[-69.4035,-38.5273],[-69.4035,-38.5273],[-69.4035,-38.5273],[-69.4035,-38.5273],[-69.4035,-38.5274],[-69.4035,-38.5274],[-69.4035,-38.5274],[-69.4036,-38.5274],[-69.4036,-38.5274],[-69.4036,-38.5274],[-69.4036,-38.5274],[-69.4036,-38.5274],[-69.4036,-38.5274],[-69.4036,-38.5274],[-69.4036,-38.5274],[-69.4036,-38.5274],[-69.4036,-38.5275],[-69.4036,-38.5275],[-69.4036,-38.5275],[-69.4036,-38.5275],[-69.4036,-38.5275],[-69.4036,-38.5275],[-69.4036,-38.5275],[-69.4036,-38.5275],[-69.4036,-38.5275],[-69.4036,-38.5275],[-69.4036,-38.5275],[-69.4036,-38.5275],[-69.4036,-38.5276],[-69.4036,-38.5276],[-69.4036,-38.5276],[-69.4036,-38.5276],[-69.4036,-38.5276],[-69.4036,-38.5276],[-69.4036,-38.5276],[-69.4036,-38.5276],[-69.4036,-38.5276],[-69.4036,-38.5276],[-69.4036,-38.5276],[-69.4036,-38.5276],[-69.4037,-38.5277],[-69.4037,-38.5277],[-69.4037,-38.5277],[-69.4037,-38.5277],[-69.4037,-38.5277],[-69.4037,-38.5277],[-69.4037,-38.5277],[-69.4037,-38.5277],[-69.4037,-38.5277],[-69.4037,-38.5277],[-69.4037,-38.5277],[-69.4037,-38.5278],[-69.4037,-38.5278],[-69.4037,-38.5278],[-69.4037,-38.5278],[-69.4037,-38.5278],[-69.4037,-38.5278],[-69.4037,-38.5278],[-69.4037,-38.5278],[-69.4037,-38.5278],[-69.4037,-38.5278],[-69.4037,-38.5278],[-69.4037,-38.5278],[-69.4037,-38.5279],[-69.4037,-38.5279],[-69.4037,-38.5279],[-69.4037,-38.5279],[-69.4037,-38.5279],[-69.4037,-38.5279],[-69.4037,-38.5279],[-69.4037,-38.5279],[-69.4037,-38.5279],[-69.4037,-38.5279],[-69.4037,-38.5279],[-69.4038,-38.5279],[-69.4038,-38.528],[-69.4038,-38.528],[-69.4038,-38.528],[-69.4038,-38.528],[-69.4038,-38.528],[-69.4038,-38.528],[-69.4038,-38.528],[-69.4038,-38.528],[-69.4038,-38.528],[-69.4038,-38.528],[-69.4038,-38.528],[-69.4038,-38.528],[-69.4038,-38.5281],[-69.4038,-38.5281],[-69.4038,-38.5281],[-69.4038,-38.5281],[-69.4038,-38.5281],[-69.4038,-38.5281],[-69.4038,-38.5281],[-69.4038,-38.5281],[-69.4038,-38.5281],[-69.4038,-38.5281],[-69.4038,-38.5281],[-69.4038,-38.5281],[-69.4038,-38.5282],[-69.4038,-38.5282],[-69.4038,-38.5282],[-69.4038,-38.5282],[-69.4038,-38.5282],[-69.4038,-38.5282],[-69.4038,-38.5282],[-69.4038,-38.5282],[-69.4039,-38.5282],[-69.4039,-38.5282],[-69.4039,-38.5282],[-69.4039,-38.5282],[-69.4039,-38.5283],[-69.4039,-38.5283],[-69.4039,-38.5283],[-69.4039,-38.5283],[-69.4039,-38.5283],[-69.4039,-38.5283],[-69.4039,-38.5283],[-69.4039,-38.5283],[-69.4039,-38.5283],[-69.4039,-38.5283],[-69.4039,-38.5283],[-69.4039,-38.5283],[-69.4039,-38.5284],[-69.4039,-38.5284],[-69.4039,-38.5284],[-69.4039,-38.5284],[-69.4039,-38.5284],[-69.4039,-38.5284],[-69.4039,-38.5284],[-69.4039,-38.5284],[-69.4039,-38.5284],[-69.4039,-38.5284],[-69.4039,-38.5284],[-69.4039,-38.5284],[-69.4039,-38.5285],[-69.4039,-38.5285],[-69.4039,-38.5285],[-69.4039,-38.5285],[-69.4039,-38.5285],[-69.404,-38.5285],[-69.404,-38.5285],[-69.404,-38.5285],[-69.404,-38.5285],[-69.404,-38.5285],[-69.404,-38.5285],[-69.404,-38.5286],[-69.404,-38.5286],[-69.404,-38.5286],[-69.404,-38.5286],[-69.404,-38.5286],[-69.404,-38.5286],[-69.404,-38.5286],[-69.404,-38.5286],[-69.404,-38.5286],[-69.404,-38.5286],[-69.404,-38.5286],[-69.404,-38.5286],[-69.404,-38.5287],[-69.404,-38.5287],[-69.404,-38.5287],[-69.404,-38.5287],[-69.404,-38.5287],[-69.404,-38.5287],[-69.404,-38.5287],[-69.404,-38.5287],[-69.404,-38.5287],[-69.404,-38.5287],[-69.404,-38.5287],[-69.404,-38.5287],[-69.404,-38.5288],[-69.404,-38.5288],[-69.404,-38.5288],[-69.404,-38.5288],[-69.404,-38.5288],[-69.404,-38.5288],[-69.404,-38.5288],[-69.4041,-38.5288],[-69.4041,-38.5288],[-69.4041,-38.5288],[-69.4041,-38.5288],[-69.4041,-38.5289],[-69.4041,-38.5289],[-69.4041,-38.5289],[-69.4041,-38.5289],[-69.4041,-38.5289],[-69.4041,-38.5289],[-69.4041,-38.5289],[-69.4041,-38.5289],[-69.4041,-38.5289],[-69.4041,-38.5289],[-69.4041,-38.5289],[-69.4041,-38.5289],[-69.4041,-38.529],[-69.4041,-38.529],[-69.4041,-38.529],[-69.4041,-38.529],[-69.4041,-38.529],[-69.4041,-38.529],[-69.4041,-38.529],[-69.4041,-38.529],[-69.4041,-38.529],[-69.4041,-38.529],[-69.4041,-38.529],[-69.4041,-38.529],[-69.4041,-38.5291],[-69.4041,-38.5291],[-69.4041,-38.5291],[-69.4041,-38.5291],[-69.4041,-38.5291],[-69.4041,-38.5291],[-69.4041,-38.5291],[-69.4041,-38.5291],[-69.4041,-38.5291],[-69.4041,-38.5291],[-69.4042,-38.5291],[-69.4042,-38.5292],[-69.4042,-38.5292],[-69.4042,-38.5292],[-69.4042,-38.5292],[-69.4042,-38.5292],[-69.4042,-38.5292],[-69.4042,-38.5292],[-69.4042,-38.5292],[-69.4042,-38.5292],[-69.4042,-38.5292],[-69.4042,-38.5292],[-69.4042,-38.5292],[-69.4042,-38.5293],[-69.4042,-38.5293],[-69.4042,-38.5293],[-69.4042,-38.5293],[-69.4042,-38.5293],[-69.4042,-38.5293],[-69.4042,-38.5293],[-69.4042,-38.5293],[-69.4042,-38.5293],[-69.4042,-38.5293],[-69.4042,-38.5293],[-69.4042,-38.5293],[-69.4042,-38.5294],[-69.4042,-38.5294],[-69.4042,-38.5294],[-69.4042,-38.5294],[-69.4042,-38.5294],[-69.4042,-38.5294],[-69.4042,-38.5294],[-69.4042,-38.5294],[-69.4042,-38.5294],[-69.4042,-38.5294],[-69.4042,-38.5294],[-69.4042,-38.5295],[-69.4042,-38.5295],[-69.4042,-38.5295],[-69.4043,-38.5295],[-69.4043,-38.5295],[-69.4043,-38.5295],[-69.4043,-38.5295],[-69.4043,-38.5295],[-69.4043,-38.5295],[-69.4043,-38.5295],[-69.4043,-38.5295],[-69.4043,-38.5295],[-69.4043,-38.5296],[-69.4043,-38.5296],[-69.4043,-38.5296],[-69.4043,-38.5296],[-69.4043,-38.5296],[-69.4043,-38.5296],[-69.4043,-38.5296],[-69.4043,-38.5296],[-69.4043,-38.5296],[-69.4043,-38.5296],[-69.4043,-38.5296],[-69.4043,-38.5296],[-69.4043,-38.5297],[-69.4043,-38.5297],[-69.4043,-38.5297],[-69.4043,-38.5297],[-69.4043,-38.5297],[-69.4043,-38.5297],[-69.4043,-38.5297],[-69.4043,-38.5297],[-69.4043,-38.5297],[-69.4043,-38.5297],[-69.4043,-38.5297],[-69.4043,-38.5298],[-69.4043,-38.5298],[-69.4043,-38.5298],[-69.4043,-38.5298],[-69.4043,-38.5298],[-69.4043,-38.5298],[-69.4043,-38.5298],[-69.4044,-38.5298],[-69.4044,-38.5298],[-69.4044,-38.5298],[-69.4044,-38.5298],[-69.4044,-38.5298],[-69.4044,-38.5299],[-69.4044,-38.5299],[-69.4044,-38.5299],[-69.4044,-38.5299],[-69.4044,-38.5299],[-69.4044,-38.5299],[-69.4044,-38.5299],[-69.4044,-38.5299],[-69.4044,-38.5299],[-69.4044,-38.5299],[-69.4044,-38.5299],[-69.4044,-38.53],[-69.4044,-38.53],[-69.4044,-38.53],[-69.4044,-38.53],[-69.4044,-38.53],[-69.4044,-38.53],[-69.4044,-38.53],[-69.4044,-38.53],[-69.4044,-38.53],[-69.4044,-38.53],[-69.4044,-38.53],[-69.4044,-38.53],[-69.4044,-38.5301],[-69.4044,-38.5301],[-69.4044,-38.5301],[-69.4044,-38.5301],[-69.4044,-38.5301],[-69.4044,-38.5301],[-69.4044,-38.5301],[-69.4044,-38.5301],[-69.4044,-38.5301],[-69.4044,-38.5301],[-69.4044,-38.5301],[-69.4044,-38.5302],[-69.4044,-38.5302],[-69.4044,-38.5302],[-69.4044,-38.5302],[-69.4044,-38.5302],[-69.4044,-38.5302],[-69.4044,-38.5302],[-69.4044,-38.5302],[-69.4044,-38.5302],[-69.4044,-38.5302],[-69.4044,-38.5302],[-69.4044,-38.5303],[-69.4044,-38.5303],[-69.4044,-38.5303],[-69.4044,-38.5303],[-69.4044,-38.5303],[-69.4044,-38.5303],[-69.4044,-38.5303],[-69.4044,-38.5303],[-69.4044,-38.5303],[-69.4044,-38.5303],[-69.4044,-38.5303],[-69.4044,-38.5303],[-69.4044,-38.5304],[-69.4044,-38.5304],[-69.4044,-38.5304],[-69.4044,-38.5304],[-69.4044,-38.5304],[-69.4044,-38.5304],[-69.4044,-38.5304],[-69.4044,-38.5304],[-69.4044,-38.5304],[-69.4045,-38.5304],[-69.4045,-38.5304],[-69.4045,-38.5305],[-69.4045,-38.5305],[-69.4045,-38.5305],[-69.4045,-38.5305],[-69.4045,-38.5305],[-69.4045,-38.5305],[-69.4045,-38.5305],[-69.4045,-38.5305],[-69.4045,-38.5305],[-69.4045,-38.5305],[-69.4045,-38.5305],[-69.4045,-38.5306],[-69.4045,-38.5306],[-69.4045,-38.5306],[-69.4045,-38.5306],[-69.4045,-38.5306],[-69.4045,-38.5306],[-69.4045,-38.5306],[-69.4045,-38.5306],[-69.4045,-38.5306],[-69.4045,-38.5306],[-69.4045,-38.5306],[-69.4045,-38.5306],[-69.4045,-38.5307],[-69.4045,-38.5307],[-69.4045,-38.5307],[-69.4045,-38.5307],[-69.4045,-38.5307],[-69.4045,-38.5307],[-69.4045,-38.5307],[-69.4045,-38.5307],[-69.4045,-38.5307],[-69.4045,-38.5307],[-69.4045,-38.5307],[-69.4045,-38.5308],[-69.4045,-38.5308],[-69.4045,-38.5308],[-69.4045,-38.5308],[-69.4045,-38.5308],[-69.4045,-38.5308],[-69.4045,-38.5308],[-69.4045,-38.5308],[-69.4045,-38.5308],[-69.4045,-38.5308],[-69.4045,-38.5308],[-69.4045,-38.5308],[-69.4045,-38.5309],[-69.4045,-38.5309],[-69.4046,-38.5309],[-69.4046,-38.5309],[-69.4046,-38.5309],[-69.4046,-38.5309],[-69.4046,-38.5309],[-69.4046,-38.5309],[-69.4046,-38.5309],[-69.4046,-38.5309],[-69.4046,-38.5309],[-69.4046,-38.5309],[-69.4046,-38.531],[-69.4046,-38.531],[-69.4046,-38.531],[-69.4046,-38.531],[-69.4046,-38.531],[-69.4046,-38.531],[-69.4046,-38.531],[-69.4046,-38.531],[-69.4046,-38.531],[-69.4046,-38.531],[-69.4046,-38.531],[-69.4046,-38.531],[-69.4046,-38.5311],[-69.4046,-38.5311],[-69.4046,-38.5311],[-69.4046,-38.5311],[-69.4046,-38.5311],[-69.4046,-38.5311],[-69.4046,-38.5311],[-69.4046,-38.5311],[-69.4046,-38.5311],[-69.4047,-38.5311],[-69.4047,-38.5311],[-69.4047,-38.5311],[-69.4047,-38.5312],[-69.4047,-38.5312],[-69.4047,-38.5312],[-69.4047,-38.5312],[-69.4047,-38.5312],[-69.4047,-38.5312],[-69.4047,-38.5312],[-69.4047,-38.5312],[-69.4047,-38.5312],[-69.4047,-38.5312],[-69.4047,-38.5312],[-69.4047,-38.5312],[-69.4047,-38.5312],[-69.4047,-38.5312],[-69.4048,-38.5312],[-69.4048,-38.5312],[-69.4048,-38.5312],[-69.4048,-38.5312],[-69.4048,-38.5312],[-69.4048,-38.5312],[-69.4048,-38.5312],[-69.4048,-38.5312],[-69.4048,-38.5312],[-69.4048,-38.5312],[-69.4048,-38.5311],[-69.4048,-38.5311],[-69.4049,-38.5311],[-69.4049,-38.5311],[-69.4049,-38.5311],[-69.4049,-38.5311],[-69.4049,-38.5311],[-69.4049,-38.5311],[-69.4049,-38.5311],[-69.4049,-38.5311],[-69.4049,-38.5311],[-69.4049,-38.5311],[-69.4049,-38.5311],[-69.4049,-38.5311],[-69.405,-38.5311],[-69.405,-38.5311],[-69.405,-38.5311],[-69.405,-38.5311],[-69.405,-38.5311],[-69.405,-38.5311],[-69.405,-38.5311],[-69.405,-38.5311],[-69.405,-38.5311],[-69.405,-38.5311],[-69.405,-38.5311],[-69.4051,-38.5311],[-69.4051,-38.5311],[-69.4051,-38.5311],[-69.4051,-38.5311],[-69.4051,-38.5311],[-69.4051,-38.5311],[-69.4051,-38.5311],[-69.4051,-38.5311],[-69.4051,-38.5311],[-69.4051,-38.5311],[-69.4051,-38.5311],[-69.4051,-38.5311],[-69.4052,-38.5311],[-69.4052,-38.5311],[-69.4052,-38.5311],[-69.4052,-38.5311],[-69.4052,-38.5311],[-69.4052,-38.5311],[-69.4052,-38.5311],[-69.4052,-38.5311],[-69.4052,-38.5311],[-69.4052,-38.5311],[-69.4052,-38.5311],[-69.4052,-38.5311],[-69.4052,-38.5311],[-69.4052,-38.5311],[-69.4052,-38.5311],[-69.4052,-38.5311],[-69.4053,-38.5311],[-69.4053,-38.5312],[-69.4053,-38.5312],[-69.4053,-38.5312],[-69.4053,-38.5312],[-69.4053,-38.5312],[-69.4053,-38.5312],[-69.4053,-38.5312],[-69.4053,-38.5312],[-69.4053,-38.5312],[-69.4053,-38.5312],[-69.4053,-38.5312],[-69.4053,-38.5312],[-69.4053,-38.5312],[-69.4053,-38.5312],[-69.4053,-38.5312],[-69.4054,-38.5313],[-69.4054,-38.5313],[-69.4054,-38.5313],[-69.4054,-38.5313],[-69.4054,-38.5313],[-69.4054,-38.5313],[-69.4054,-38.5313],[-69.4054,-38.5313],[-69.4054,-38.5313],[-69.4054,-38.5313],[-69.4054,-38.5313],[-69.4054,-38.5313],[-69.4054,-38.5313],[-69.4054,-38.5313],[-69.4054,-38.5313],[-69.4054,-38.5313],[-69.4055,-38.5314],[-69.4055,-38.5314],[-69.4055,-38.5314],[-69.4055,-38.5314],[-69.4055,-38.5314],[-69.4055,-38.5314],[-69.4055,-38.5314],[-69.4055,-38.5314],[-69.4055,-38.5314],[-69.4055,-38.5314],[-69.4055,-38.5314],[-69.4055,-38.5314],[-69.4055,-38.5314],[-69.4055,-38.5314],[-69.4055,-38.5314],[-69.4055,-38.5315],[-69.4055,-38.5315],[-69.4056,-38.5315],[-69.4056,-38.5315],[-69.4056,-38.5315],[-69.4056,-38.5315],[-69.4056,-38.5315],[-69.4056,-38.5315],[-69.4056,-38.5315],[-69.4056,-38.5315],[-69.4056,-38.5315],[-69.4056,-38.5315],[-69.4056,-38.5315],[-69.4056,-38.5315],[-69.4056,-38.5316],[-69.4056,-38.5316],[-69.4056,-38.5316],[-69.4056,-38.5316],[-69.4056,-38.5316],[-69.4056,-38.5316],[-69.4056,-38.5316],[-69.4057,-38.5316],[-69.4057,-38.5316],[-69.4057,-38.5316],[-69.4057,-38.5316],[-69.4057,-38.5316],[-69.4057,-38.5316],[-69.4057,-38.5316],[-69.4057,-38.5317],[-69.4057,-38.5317],[-69.4057,-38.5317],[-69.4057,-38.5317],[-69.4057,-38.5317],[-69.4057,-38.5317],[-69.4057,-38.5317],[-69.4057,-38.5317],[-69.4057,-38.5317],[-69.4057,-38.5317],[-69.4057,-38.5317],[-69.4057,-38.5317],[-69.4058,-38.5317],[-69.4058,-38.5318],[-69.4058,-38.5318],[-69.4058,-38.5318],[-69.4058,-38.5318],[-69.4058,-38.5318],[-69.4058,-38.5318],[-69.4058,-38.5318],[-69.4058,-38.5318],[-69.4058,-38.5318],[-69.4058,-38.5318],[-69.4058,-38.5318],[-69.4058,-38.5318],[-69.4058,-38.5318],[-69.4058,-38.5318],[-69.4058,-38.5319],[-69.4058,-38.5319],[-69.4058,-38.5319],[-69.4058,-38.5319],[-69.4058,-38.5319],[-69.4058,-38.5319],[-69.4059,-38.5319],[-69.4059,-38.5319],[-69.4059,-38.5319],[-69.4059,-38.5319],[-69.4059,-38.5319],[-69.4059,-38.5319],[-69.4059,-38.532],[-69.4059,-38.532],[-69.4059,-38.532],[-69.4059,-38.532],[-69.4059,-38.532],[-69.4059,-38.532],[-69.4059,-38.532],[-69.4059,-38.532],[-69.4059,-38.532],[-69.4059,-38.532],[-69.4059,-38.532],[-69.4059,-38.532],[-69.4059,-38.5321],[-69.4059,-38.5321],[-69.4059,-38.5321],[-69.4059,-38.5321],[-69.4059,-38.5321],[-69.4059,-38.5321],[-69.4059,-38.5321],[-69.4059,-38.5321],[-69.4059,-38.5321],[-69.4059,-38.5321],[-69.4059,-38.5321],[-69.4059,-38.5321],[-69.4059,-38.5322],[-69.406,-38.5322],[-69.406,-38.5322],[-69.406,-38.5322],[-69.406,-38.5322],[-69.406,-38.5322],[-69.406,-38.5322],[-69.406,-38.5322],[-69.406,-38.5322],[-69.406,-38.5322],[-69.406,-38.5322],[-69.406,-38.5322],[-69.406,-38.5323],[-69.406,-38.5323],[-69.406,-38.5323],[-69.406,-38.5323],[-69.406,-38.5323],[-69.406,-38.5323],[-69.406,-38.5323],[-69.406,-38.5323],[-69.406,-38.5323],[-69.406,-38.5323],[-69.406,-38.5323],[-69.406,-38.5323],[-69.406,-38.5324],[-69.406,-38.5324],[-69.406,-38.5324],[-69.406,-38.5324],[-69.406,-38.5324],[-69.4061,-38.5324],[-69.4061,-38.5324],[-69.4061,-38.5324],[-69.4061,-38.5324],[-69.4061,-38.5324],[-69.4061,-38.5324],[-69.4061,-38.5324],[-69.4061,-38.5324],[-69.4061,-38.5325],[-69.4061,-38.5325],[-69.4061,-38.5325],[-69.4061,-38.5325],[-69.4061,-38.5325],[-69.4061,-38.5325],[-69.4061,-38.5325],[-69.4061,-38.5325],[-69.4061,-38.5325],[-69.4061,-38.5325],[-69.4061,-38.5325],[-69.4061,-38.5325],[-69.4061,-38.5325],[-69.4061,-38.5326],[-69.4062,-38.5326],[-69.4062,-38.5326],[-69.4062,-38.5326],[-69.4062,-38.5326],[-69.4062,-38.5326],[-69.4062,-38.5326],[-69.4062,-38.5326],[-69.4062,-38.5326],[-69.4062,-38.5326],[-69.4062,-38.5326],[-69.4062,-38.5326],[-69.4062,-38.5326],[-69.4062,-38.5326],[-69.4062,-38.5327],[-69.4062,-38.5327],[-69.4062,-38.5327],[-69.4062,-38.5327],[-69.4062,-38.5327],[-69.4062,-38.5327],[-69.4062,-38.5327],[-69.4062,-38.5327],[-69.4062,-38.5327],[-69.4063,-38.5327],[-69.4063,-38.5327],[-69.4063,-38.5327],[-69.4063,-38.5327],[-69.4063,-38.5328],[-69.4063,-38.5328],[-69.4063,-38.5328],[-69.4063,-38.5328],[-69.4063,-38.5328],[-69.4063,-38.5328],[-69.4063,-38.5328],[-69.4063,-38.5328],[-69.4063,-38.5328],[-69.4063,-38.5328],[-69.4063,-38.5328],[-69.4063,-38.5328],[-69.4063,-38.5328],[-69.4063,-38.5329],[-69.4063,-38.5329],[-69.4063,-38.5329],[-69.4063,-38.5329],[-69.4063,-38.5329],[-69.4064,-38.5329],[-69.4064,-38.5329],[-69.4064,-38.5329],[-69.4064,-38.5329],[-69.4064,-38.5329],[-69.4064,-38.5329],[-69.4064,-38.5329],[-69.4064,-38.5329],[-69.4064,-38.533],[-69.4064,-38.533],[-69.4064,-38.533],[-69.4064,-38.533],[-69.4064,-38.533],[-69.4064,-38.533],[-69.4064,-38.533],[-69.4064,-38.533],[-69.4064,-38.533],[-69.4064,-38.533],[-69.4064,-38.533],[-69.4064,-38.533],[-69.4064,-38.533],[-69.4064,-38.5331],[-69.4065,-38.5331],[-69.4065,-38.5331],[-69.4065,-38.5331],[-69.4065,-38.5331],[-69.4065,-38.5331],[-69.4065,-38.5331],[-69.4065,-38.5331],[-69.4065,-38.5331],[-69.4065,-38.5331],[-69.4065,-38.5331],[-69.4065,-38.5331],[-69.4065,-38.5331],[-69.4065,-38.5332],[-69.4065,-38.5332],[-69.4065,-38.5332],[-69.4065,-38.5332],[-69.4065,-38.5332],[-69.4065,-38.5332],[-69.4065,-38.5332],[-69.4065,-38.5332],[-69.4065,-38.5332],[-69.4066,-38.5332],[-69.4066,-38.5332],[-69.4066,-38.5332],[-69.4066,-38.5332],[-69.4066,-38.5333],[-69.4066,-38.5333],[-69.4066,-38.5333],[-69.4066,-38.5333],[-69.4066,-38.5333],[-69.4066,-38.5333],[-69.4066,-38.5333],[-69.4066,-38.5333],[-69.4066,-38.5333],[-69.4066,-38.5333],[-69.4066,-38.5333],[-69.4066,-38.5333],[-69.4066,-38.5333],[-69.4066,-38.5334],[-69.4066,-38.5334],[-69.4066,-38.5334],[-69.4066,-38.5334],[-69.4067,-38.5334],[-69.4067,-38.5334],[-69.4067,-38.5334],[-69.4067,-38.5334],[-69.4067,-38.5334],[-69.4067,-38.5334],[-69.4067,-38.5334],[-69.4067,-38.5334],[-69.4067,-38.5334],[-69.4067,-38.5335],[-69.4067,-38.5335],[-69.4067,-38.5335],[-69.4067,-38.5335],[-69.4067,-38.5335],[-69.4067,-38.5335],[-69.4067,-38.5335],[-69.4067,-38.5335],[-69.4067,-38.5335],[-69.4067,-38.5335],[-69.4067,-38.5335],[-69.4067,-38.5335],[-69.4067,-38.5335],[-69.4068,-38.5336],[-69.4068,-38.5336],[-69.4068,-38.5336],[-69.4068,-38.5336],[-69.4068,-38.5336],[-69.4068,-38.5336],[-69.4068,-38.5336],[-69.4068,-38.5336],[-69.4068,-38.5336],[-69.4068,-38.5336],[-69.4068,-38.5336],[-69.4068,-38.5336],[-69.4068,-38.5336],[-69.4068,-38.5337],[-69.4068,-38.5337],[-69.4068,-38.5337],[-69.4068,-38.5337],[-69.4068,-38.5337],[-69.4068,-38.5337],[-69.4068,-38.5337],[-69.4068,-38.5337],[-69.4069,-38.5337],[-69.4069,-38.5337],[-69.4069,-38.5337],[-69.4069,-38.5337],[-69.4069,-38.5337],[-69.4069,-38.5338],[-69.4069,-38.5338],[-69.4069,-38.5338],[-69.4069,-38.5338],[-69.4069,-38.5338],[-69.4069,-38.5338],[-69.4069,-38.5338],[-69.4069,-38.5338],[-69.4069,-38.5338],[-69.4069,-38.5338],[-69.4069,-38.5338],[-69.4069,-38.5338],[-69.4069,-38.5338],[-69.4069,-38.5338],[-69.4069,-38.5339],[-69.4069,-38.5339],[-69.407,-38.5339],[-69.407,-38.5339],[-69.407,-38.5339],[-69.407,-38.5339],[-69.407,-38.5339],[-69.407,-38.5339],[-69.407,-38.5339],[-69.407,-38.5339],[-69.407,-38.5339],[-69.407,-38.5339],[-69.407,-38.5339],[-69.407,-38.534],[-69.407,-38.534],[-69.407,-38.534],[-69.407,-38.534],[-69.407,-38.534],[-69.407,-38.534],[-69.407,-38.534],[-69.407,-38.534],[-69.407,-38.534],[-69.407,-38.534],[-69.407,-38.534],[-69.4071,-38.534],[-69.4071,-38.534],[-69.4071,-38.5341],[-69.4071,-38.5341],[-69.4071,-38.5341],[-69.4071,-38.5341],[-69.4071,-38.5341],[-69.4071,-38.5341],[-69.4071,-38.5341],[-69.4071,-38.5341],[-69.4071,-38.5341],[-69.4071,-38.5341],[-69.4071,-38.5341],[-69.4071,-38.5341],[-69.4071,-38.5341],[-69.4071,-38.5341],[-69.4071,-38.5341],[-69.4072,-38.5342],[-69.4072,-38.5342],[-69.4072,-38.5342],[-69.4072,-38.5342],[-69.4072,-38.5342],[-69.4072,-38.5342],[-69.4072,-38.5342],[-69.4072,-38.5342],[-69.4072,-38.5342],[-69.4072,-38.5342],[-69.4072,-38.5342],[-69.4072,-38.5342],[-69.4072,-38.5342],[-69.4072,-38.5342],[-69.4072,-38.5342],[-69.4072,-38.5343],[-69.4073,-38.5343],[-69.4073,-38.5343],[-69.4073,-38.5343],[-69.4073,-38.5343],[-69.4073,-38.5343],[-69.4073,-38.5343],[-69.4073,-38.5343],[-69.4073,-38.5343],[-69.4073,-38.5343],[-69.4073,-38.5343],[-69.4073,-38.5343],[-69.4073,-38.5343],[-69.4073,-38.5343],[-69.4073,-38.5343],[-69.4073,-38.5344],[-69.4073,-38.5344],[-69.4073,-38.5344],[-69.4074,-38.5344],[-69.4074,-38.5344],[-69.4074,-38.5344],[-69.4074,-38.5344],[-69.4074,-38.5344],[-69.4074,-38.5344],[-69.4074,-38.5344],[-69.4074,-38.5344],[-69.4074,-38.5344],[-69.4074,-38.5344],[-69.4074,-38.5344],[-69.4074,-38.5344],[-69.4074,-38.5345],[-69.4074,-38.5345],[-69.4074,-38.5345],[-69.4074,-38.5345],[-69.4074,-38.5345],[-69.4075,-38.5345],[-69.4075,-38.5345],[-69.4075,-38.5345],[-69.4075,-38.5345],[-69.4075,-38.5345],[-69.4075,-38.5345],[-69.4075,-38.5345],[-69.4075,-38.5345],[-69.4075,-38.5345],[-69.4075,-38.5345],[-69.4075,-38.5346],[-69.4075,-38.5346],[-69.4075,-38.5346],[-69.4075,-38.5346],[-69.4075,-38.5346],[-69.4075,-38.5346],[-69.4075,-38.5346],[-69.4075,-38.5346],[-69.4076,-38.5346],[-69.4076,-38.5346],[-69.4076,-38.5346],[-69.4076,-38.5346],[-69.4076,-38.5346],[-69.4076,-38.5346],[-69.4076,-38.5347],[-69.4076,-38.5347],[-69.4076,-38.5347],[-69.4076,-38.5347],[-69.4076,-38.5347],[-69.4076,-38.5347],[-69.4076,-38.5347],[-69.4076,-38.5347],[-69.4076,-38.5347],[-69.4076,-38.5347],[-69.4076,-38.5347],[-69.4076,-38.5347],[-69.4077,-38.5347],[-69.4077,-38.5347],[-69.4077,-38.5348],[-69.4077,-38.5348],[-69.4077,-38.5348],[-69.4077,-38.5348],[-69.4077,-38.5348],[-69.4077,-38.5348],[-69.4077,-38.5348],[-69.4077,-38.5348],[-69.4077,-38.5348],[-69.4077,-38.5348],[-69.4077,-38.5348],[-69.4077,-38.5348],[-69.4077,-38.5348],[-69.4077,-38.5348],[-69.4077,-38.5348],[-69.4077,-38.5349],[-69.4077,-38.5349],[-69.4078,-38.5349],[-69.4078,-38.5349],[-69.4078,-38.5349],[-69.4078,-38.5349],[-69.4078,-38.5349],[-69.4078,-38.5349],[-69.4078,-38.5349],[-69.4078,-38.5349],[-69.4078,-38.5349],[-69.4078,-38.5349],[-69.4078,-38.5349],[-69.4078,-38.5349],[-69.4078,-38.535],[-69.4078,-38.535],[-69.4078,-38.535],[-69.4078,-38.535],[-69.4078,-38.535],[-69.4078,-38.535],[-69.4079,-38.535],[-69.4079,-38.535],[-69.4079,-38.535],[-69.4079,-38.535],[-69.4079,-38.535],[-69.4079,-38.535],[-69.4079,-38.535],[-69.4079,-38.535],[-69.4079,-38.5351],[-69.4079,-38.5351],[-69.4079,-38.5351],[-69.4079,-38.5351],[-69.4079,-38.5351],[-69.4079,-38.5351],[-69.4079,-38.5351],[-69.4079,-38.5351],[-69.4079,-38.5351],[-69.4079,-38.5351],[-69.408,-38.5351],[-69.408,-38.5351],[-69.408,-38.5351],[-69.408,-38.5351],[-69.408,-38.5352],[-69.408,-38.5352],[-69.408,-38.5352],[-69.408,-38.5352],[-69.408,-38.5352],[-69.408,-38.5352],[-69.408,-38.5352],[-69.408,-38.5352],[-69.408,-38.5352],[-69.408,-38.5352],[-69.408,-38.5352],[-69.408,-38.5352],[-69.408,-38.5352],[-69.408,-38.5352],[-69.408,-38.5353],[-69.4081,-38.5353],[-69.4081,-38.5353],[-69.4081,-38.5353],[-69.4081,-38.5353],[-69.4081,-38.5353],[-69.4081,-38.5353],[-69.4081,-38.5353],[-69.4081,-38.5353],[-69.4081,-38.5353],[-69.4081,-38.5353],[-69.4081,-38.5353],[-69.4081,-38.5353],[-69.4081,-38.5354],[-69.4081,-38.5354],[-69.4081,-38.5354],[-69.4081,-38.5354],[-69.4081,-38.5354],[-69.4081,-38.5354],[-69.4081,-38.5354],[-69.4081,-38.5354],[-69.4081,-38.5354],[-69.4081,-38.5354],[-69.4082,-38.5354],[-69.4082,-38.5354],[-69.4082,-38.5354],[-69.4082,-38.5355],[-69.4082,-38.5355],[-69.4082,-38.5355],[-69.4082,-38.5355],[-69.4082,-38.5355],[-69.4082,-38.5355],[-69.4082,-38.5355],[-69.4082,-38.5355],[-69.4082,-38.5355],[-69.4082,-38.5355],[-69.4082,-38.5355],[-69.4082,-38.5355],[-69.4082,-38.5355],[-69.4082,-38.5356],[-69.4082,-38.5356],[-69.4082,-38.5356],[-69.4082,-38.5356],[-69.4082,-38.5356],[-69.4082,-38.5356],[-69.4083,-38.5356],[-69.4083,-38.5356],[-69.4083,-38.5356],[-69.4083,-38.5356],[-69.4083,-38.5356],[-69.4083,-38.5356],[-69.4083,-38.5356],[-69.4083,-38.5357],[-69.4083,-38.5357],[-69.4083,-38.5357],[-69.4083,-38.5357],[-69.4083,-38.5357],[-69.4083,-38.5357],[-69.4083,-38.5357],[-69.4083,-38.5357],[-69.4083,-38.5357],[-69.4083,-38.5357],[-69.4083,-38.5357],[-69.4083,-38.5357],[-69.4083,-38.5357],[-69.4083,-38.5357],[-69.4084,-38.5358],[-69.4084,-38.5358],[-69.4084,-38.5358],[-69.4084,-38.5358],[-69.4084,-38.5358],[-69.4084,-38.5358],[-69.4084,-38.5358],[-69.4084,-38.5358],[-69.4084,-38.5358],[-69.4084,-38.5358],[-69.4084,-38.5358],[-69.4084,-38.5358],[-69.4084,-38.5358],[-69.4084,-38.5359],[-69.4084,-38.5359],[-69.4084,-38.5359],[-69.4084,-38.5359],[-69.4084,-38.5359],[-69.4084,-38.5359],[-69.4084,-38.5359],[-69.4084,-38.5359],[-69.4084,-38.5359],[-69.4085,-38.5359],[-69.4085,-38.5359],[-69.4085,-38.5359],[-69.4085,-38.5359],[-69.4085,-38.536],[-69.4085,-38.536],[-69.4085,-38.536],[-69.4085,-38.536],[-69.4085,-38.536],[-69.4085,-38.536],[-69.4085,-38.536],[-69.4085,-38.536],[-69.4085,-38.536],[-69.4085,-38.536],[-69.4085,-38.536],[-69.4085,-38.536],[-69.4085,-38.536],[-69.4085,-38.5361],[-69.4085,-38.5361],[-69.4085,-38.5361],[-69.4085,-38.5361],[-69.4085,-38.5361],[-69.4085,-38.5361],[-69.4086,-38.5361],[-69.4086,-38.5361],[-69.4086,-38.5361],[-69.4086,-38.5361],[-69.4086,-38.5361],[-69.4086,-38.5361],[-69.4086,-38.5362],[-69.4086,-38.5362],[-69.4086,-38.5362],[-69.4086,-38.5362],[-69.4086,-38.5362],[-69.4086,-38.5362],[-69.4086,-38.5362],[-69.4086,-38.5362],[-69.4086,-38.5362],[-69.4086,-38.5362],[-69.4086,-38.5362],[-69.4086,-38.5362],[-69.4086,-38.5362],[-69.4086,-38.5363],[-69.4086,-38.5363],[-69.4086,-38.5363],[-69.4087,-38.5363],[-69.4087,-38.5363],[-69.4087,-38.5363],[-69.4087,-38.5363],[-69.4087,-38.5363],[-69.4087,-38.5363],[-69.4087,-38.5363],[-69.4087,-38.5363],[-69.4087,-38.5363],[-69.4087,-38.5363],[-69.4087,-38.5364],[-69.4087,-38.5364],[-69.4087,-38.5364],[-69.4087,-38.5364],[-69.4087,-38.5364],[-69.4087,-38.5364],[-69.4087,-38.5364],[-69.4087,-38.5364],[-69.4087,-38.5364],[-69.4087,-38.5364],[-69.4087,-38.5364],[-69.4087,-38.5364],[-69.4087,-38.5364],[-69.4088,-38.5365],[-69.4088,-38.5365],[-69.4088,-38.5365],[-69.4088,-38.5365],[-69.4088,-38.5365],[-69.4088,-38.5365],[-69.4088,-38.5365],[-69.4088,-38.5365],[-69.4088,-38.5365],[-69.4088,-38.5365],[-69.4088,-38.5365],[-69.4088,-38.5365],[-69.4088,-38.5365],[-69.4088,-38.5366],[-69.4088,-38.5366],[-69.4088,-38.5366],[-69.4088,-38.5366],[-69.4088,-38.5366],[-69.4088,-38.5366],[-69.4088,-38.5366],[-69.4088,-38.5366],[-69.4088,-38.5366],[-69.4088,-38.5366],[-69.4089,-38.5366],[-69.4089,-38.5366],[-69.4089,-38.5367],[-69.4089,-38.5367],[-69.4089,-38.5367],[-69.4089,-38.5367],[-69.4089,-38.5367],[-69.4089,-38.5367],[-69.4089,-38.5367],[-69.4089,-38.5367],[-69.4089,-38.5367],[-69.4089,-38.5367],[-69.4089,-38.5367],[-69.4089,-38.5367],[-69.4089,-38.5367],[-69.4089,-38.5368],[-69.4089,-38.5368],[-69.4089,-38.5368],[-69.4089,-38.5368],[-69.4089,-38.5368],[-69.4089,-38.5368],[-69.4089,-38.5368],[-69.4089,-38.5368],[-69.4089,-38.5368],[-69.4089,-38.5368],[-69.4089,-38.5368],[-69.4089,-38.5368],[-69.4089,-38.5369],[-69.409,-38.5369],[-69.409,-38.5369],[-69.409,-38.5369],[-69.409,-38.5369],[-69.409,-38.5369],[-69.409,-38.5369],[-69.409,-38.5369],[-69.409,-38.5369],[-69.409,-38.5369],[-69.409,-38.5369],[-69.409,-38.5369],[-69.409,-38.537],[-69.409,-38.537],[-69.409,-38.537],[-69.409,-38.537],[-69.409,-38.537],[-69.409,-38.537],[-69.409,-38.537],[-69.409,-38.537],[-69.409,-38.537],[-69.409,-38.537],[-69.409,-38.537],[-69.409,-38.537],[-69.409,-38.5371],[-69.409,-38.5371],[-69.409,-38.5371],[-69.409,-38.5371],[-69.409,-38.5371],[-69.409,-38.5371],[-69.409,-38.5371],[-69.409,-38.5371],[-69.409,-38.5371],[-69.4091,-38.5371],[-69.4091,-38.5371],[-69.4091,-38.5371],[-69.4091,-38.5372],[-69.4091,-38.5372],[-69.4091,-38.5372],[-69.4091,-38.5372],[-69.4091,-38.5372],[-69.4091,-38.5372],[-69.4091,-38.5372],[-69.4091,-38.5372],[-69.4091,-38.5372],[-69.4091,-38.5372],[-69.4091,-38.5372],[-69.4091,-38.5372],[-69.4091,-38.5373],[-69.4091,-38.5373],[-69.4091,-38.5373],[-69.4091,-38.5373],[-69.4091,-38.5373],[-69.4091,-38.5373],[-69.4091,-38.5373],[-69.4091,-38.5373],[-69.4091,-38.5373],[-69.4091,-38.5373],[-69.4091,-38.5373],[-69.4091,-38.5374],[-69.4091,-38.5374],[-69.4091,-38.5374],[-69.4091,-38.5374],[-69.4091,-38.5374],[-69.4091,-38.5374],[-69.4091,-38.5374],[-69.4092,-38.5374],[-69.4092,-38.5374],[-69.4092,-38.5374],[-69.4092,-38.5374],[-69.4092,-38.5374],[-69.4092,-38.5375],[-69.4092,-38.5375],[-69.4092,-38.5375],[-69.4092,-38.5375],[-69.4092,-38.5375],[-69.4092,-38.5375],[-69.4092,-38.5375],[-69.4092,-38.5375],[-69.4092,-38.5375],[-69.4092,-38.5375],[-69.4092,-38.5375],[-69.4092,-38.5375],[-69.4092,-38.5376],[-69.4092,-38.5376],[-69.4092,-38.5376],[-69.4092,-38.5376],[-69.4092,-38.5376],[-69.4092,-38.5376],[-69.4092,-38.5376],[-69.4092,-38.5376],[-69.4092,-38.5376],[-69.4092,-38.5376],[-69.4092,-38.5376],[-69.4092,-38.5376],[-69.4092,-38.5377],[-69.4092,-38.5377],[-69.4092,-38.5377],[-69.4093,-38.5377],[-69.4093,-38.5377],[-69.4093,-38.5377],[-69.4093,-38.5377],[-69.4093,-38.5377],[-69.4093,-38.5377],[-69.4093,-38.5377],[-69.4093,-38.5377],[-69.4093,-38.5377],[-69.4093,-38.5378],[-69.4093,-38.5378],[-69.4093,-38.5378],[-69.4093,-38.5378],[-69.4093,-38.5378],[-69.4093,-38.5378],[-69.4093,-38.5378],[-69.4093,-38.5378],[-69.4093,-38.5378],[-69.4093,-38.5378],[-69.4093,-38.5378],[-69.4093,-38.5379],[-69.4093,-38.5379],[-69.4093,-38.5379],[-69.4093,-38.5379],[-69.4093,-38.5379],[-69.4093,-38.5379],[-69.4093,-38.5379],[-69.4093,-38.5379],[-69.4093,-38.5379],[-69.4093,-38.5379],[-69.4093,-38.5379],[-69.4093,-38.538],[-69.4093,-38.538],[-69.4093,-38.538],[-69.4093,-38.538],[-69.4093,-38.538],[-69.4093,-38.538],[-69.4093,-38.538],[-69.4093,-38.538],[-69.4093,-38.538],[-69.4093,-38.538],[-69.4093,-38.538],[-69.4093,-38.5381],[-69.4093,-38.5381],[-69.4093,-38.5381],[-69.4093,-38.5381],[-69.4093,-38.5381],[-69.4093,-38.5381],[-69.4093,-38.5381],[-69.4093,-38.5381],[-69.4093,-38.5381],[-69.4093,-38.5381],[-69.4093,-38.5381],[-69.4093,-38.5382],[-69.4093,-38.5382],[-69.4093,-38.5382],[-69.4093,-38.5382],[-69.4093,-38.5382],[-69.4093,-38.5382],[-69.4093,-38.5382],[-69.4093,-38.5382],[-69.4093,-38.5382],[-69.4093,-38.5382],[-69.4093,-38.5382],[-69.4093,-38.5382],[-69.4093,-38.5383],[-69.4093,-38.5383],[-69.4093,-38.5383],[-69.4093,-38.5383],[-69.4093,-38.5383],[-69.4093,-38.5383],[-69.4093,-38.5383],[-69.4093,-38.5383],[-69.4093,-38.5383],[-69.4093,-38.5383],[-69.4093,-38.5383],[-69.4093,-38.5384],[-69.4093,-38.5384],[-69.4093,-38.5384],[-69.4093,-38.5384],[-69.4093,-38.5384],[-69.4093,-38.5384],[-69.4093,-38.5384],[-69.4093,-38.5384],[-69.4093,-38.5384],[-69.4093,-38.5384],[-69.4093,-38.5384],[-69.4093,-38.5385],[-69.4093,-38.5385],[-69.4093,-38.5385],[-69.4093,-38.5385],[-69.4093,-38.5385],[-69.4093,-38.5385],[-69.4093,-38.5385],[-69.4093,-38.5385],[-69.4093,-38.5385],[-69.4093,-38.5385],[-69.4093,-38.5385],[-69.4093,-38.5386],[-69.4093,-38.5386],[-69.4093,-38.5386],[-69.4093,-38.5386],[-69.4093,-38.5386],[-69.4093,-38.5386],[-69.4093,-38.5386],[-69.4093,-38.5386],[-69.4093,-38.5386],[-69.4093,-38.5386],[-69.4093,-38.5386],[-69.4093,-38.5387],[-69.4093,-38.5387],[-69.4093,-38.5387],[-69.4093,-38.5387],[-69.4093,-38.5387],[-69.4093,-38.5387],[-69.4093,-38.5387],[-69.4093,-38.5387],[-69.4093,-38.5387],[-69.4093,-38.5387],[-69.4093,-38.5387],[-69.4093,-38.5388],[-69.4093,-38.5388],[-69.4093,-38.5388],[-69.4093,-38.5388],[-69.4093,-38.5388],[-69.4093,-38.5388],[-69.4093,-38.5388],[-69.4093,-38.5388],[-69.4093,-38.5388],[-69.4093,-38.5388],[-69.4093,-38.5388],[-69.4093,-38.5388],[-69.4093,-38.5389],[-69.4093,-38.5389],[-69.4093,-38.5389],[-69.4093,-38.5389],[-69.4093,-38.5389],[-69.4093,-38.5389],[-69.4093,-38.5389],[-69.4093,-38.5389],[-69.4093,-38.5389],[-69.4093,-38.5389],[-69.4093,-38.5389],[-69.4093,-38.539],[-69.4093,-38.539],[-69.4093,-38.539],[-69.4093,-38.539],[-69.4093,-38.539],[-69.4093,-38.539],[-69.4093,-38.539],[-69.4093,-38.539],[-69.4093,-38.539],[-69.4093,-38.539],[-69.4093,-38.539],[-69.4093,-38.5391],[-69.4093,-38.5391],[-69.4093,-38.5391],[-69.4093,-38.5391],[-69.4093,-38.5391],[-69.4093,-38.5391],[-69.4093,-38.5391],[-69.4093,-38.5391],[-69.4093,-38.5391],[-69.4093,-38.5391],[-69.4093,-38.5391],[-69.4093,-38.5392],[-69.4093,-38.5392],[-69.4093,-38.5392],[-69.4093,-38.5392],[-69.4093,-38.5392],[-69.4093,-38.5392],[-69.4093,-38.5392],[-69.4093,-38.5392],[-69.4093,-38.5392],[-69.4093,-38.5392],[-69.4093,-38.5392],[-69.4093,-38.5392],[-69.4093,-38.5393],[-69.4093,-38.5393],[-69.4093,-38.5393],[-69.4093,-38.5393],[-69.4092,-38.5393],[-69.4092,-38.5393],[-69.4092,-38.5393],[-69.4092,-38.5393],[-69.4092,-38.5393],[-69.4092,-38.5393],[-69.4092,-38.5393],[-69.4092,-38.5394],[-69.4092,-38.5394],[-69.4092,-38.5394],[-69.4092,-38.5394],[-69.4092,-38.5394],[-69.4092,-38.5394],[-69.4092,-38.5394],[-69.4092,-38.5394],[-69.4092,-38.5394],[-69.4092,-38.5394],[-69.4092,-38.5394],[-69.4092,-38.5394],[-69.4092,-38.5395],[-69.4092,-38.5395],[-69.4092,-38.5395],[-69.4092,-38.5395],[-69.4092,-38.5395],[-69.4092,-38.5395],[-69.4092,-38.5395],[-69.4092,-38.5395],[-69.4092,-38.5395],[-69.4092,-38.5395],[-69.4092,-38.5395],[-69.4092,-38.5396],[-69.4092,-38.5396],[-69.4092,-38.5396],[-69.4092,-38.5396],[-69.4092,-38.5396],[-69.4092,-38.5396],[-69.4092,-38.5396],[-69.4092,-38.5396],[-69.4092,-38.5396],[-69.4092,-38.5396],[-69.4092,-38.5396],[-69.4092,-38.5396],[-69.4092,-38.5397],[-69.4092,-38.5397],[-69.4092,-38.5397],[-69.4092,-38.5397],[-69.4092,-38.5397],[-69.4092,-38.5397],[-69.4091,-38.5397],[-69.4091,-38.5397],[-69.4091,-38.5397],[-69.4091,-38.5397],[-69.4091,-38.5397],[-69.4091,-38.5398],[-69.4091,-38.5398],[-69.4091,-38.5398],[-69.4091,-38.5398],[-69.4091,-38.5398],[-69.4091,-38.5398],[-69.4091,-38.5398],[-69.4091,-38.5398],[-69.4091,-38.5398],[-69.4091,-38.5398],[-69.4091,-38.5398],[-69.4091,-38.5398],[-69.4091,-38.5399],[-69.4091,-38.5399],[-69.4091,-38.5399],[-69.4091,-38.5399],[-69.4091,-38.5399],[-69.4091,-38.5399],[-69.4091,-38.5399],[-69.4091,-38.5399],[-69.4091,-38.5399],[-69.4091,-38.5399],[-69.4091,-38.5399],[-69.4091,-38.54],[-69.4091,-38.54],[-69.4091,-38.54],[-69.4091,-38.54],[-69.4091,-38.54],[-69.4091,-38.54],[-69.4091,-38.54],[-69.4091,-38.54],[-69.4091,-38.54],[-69.4091,-38.54],[-69.4091,-38.54],[-69.4091,-38.54],[-69.4091,-38.5401],[-69.4091,-38.5401],[-69.4091,-38.5401],[-69.409,-38.5401],[-69.409,-38.5401],[-69.409,-38.5401],[-69.409,-38.5401],[-69.409,-38.5401],[-69.409,-38.5401],[-69.409,-38.5401],[-69.409,-38.5401],[-69.409,-38.5401],[-69.409,-38.5402],[-69.409,-38.5402],[-69.409,-38.5402],[-69.409,-38.5402],[-69.409,-38.5402],[-69.409,-38.5402],[-69.409,-38.5402],[-69.409,-38.5402],[-69.409,-38.5402],[-69.409,-38.5402],[-69.409,-38.5402],[-69.409,-38.5402],[-69.409,-38.5403],[-69.409,-38.5403],[-69.409,-38.5403],[-69.409,-38.5403],[-69.409,-38.5403],[-69.409,-38.5403],[-69.409,-38.5403],[-69.409,-38.5403],[-69.409,-38.5403],[-69.409,-38.5403],[-69.409,-38.5403],[-69.409,-38.5403],[-69.4089,-38.5404],[-69.4089,-38.5404],[-69.4089,-38.5404],[-69.4089,-38.5404],[-69.4089,-38.5404],[-69.4089,-38.5404],[-69.4089,-38.5404],[-69.4089,-38.5404],[-69.4089,-38.5404],[-69.4089,-38.5404],[-69.4089,-38.5404],[-69.4089,-38.5404],[-69.4089,-38.5405],[-69.4089,-38.5405],[-69.4089,-38.5405],[-69.4089,-38.5405],[-69.4089,-38.5405],[-69.4089,-38.5405],[-69.4089,-38.5405],[-69.4089,-38.5405],[-69.4089,-38.5405],[-69.4089,-38.5405],[-69.4089,-38.5405],[-69.4089,-38.5405],[-69.4089,-38.5406],[-69.4089,-38.5406],[-69.4089,-38.5406],[-69.4089,-38.5406],[-69.4088,-38.5406],[-69.4088,-38.5406],[-69.4088,-38.5406],[-69.4088,-38.5406],[-69.4088,-38.5406],[-69.4088,-38.5406],[-69.4088,-38.5406],[-69.4088,-38.5406],[-69.4088,-38.5406],[-69.4088,-38.5406],[-69.4088,-38.5407],[-69.4088,-38.5407],[-69.4088,-38.5407],[-69.4088,-38.5407],[-69.4088,-38.5407],[-69.4088,-38.5407],[-69.4088,-38.5407],[-69.4088,-38.5407],[-69.4088,-38.5407],[-69.4088,-38.5407],[-69.4087,-38.5407],[-69.4087,-38.5407],[-69.4087,-38.5407],[-69.4087,-38.5408],[-69.4087,-38.5408],[-69.4087,-38.5408],[-69.4087,-38.5408],[-69.4087,-38.5408],[-69.4087,-38.5408],[-69.4087,-38.5408],[-69.4087,-38.5408],[-69.4087,-38.5408],[-69.4087,-38.5408],[-69.4087,-38.5408],[-69.4087,-38.5408],[-69.4087,-38.5408],[-69.4087,-38.5408],[-69.4087,-38.5409],[-69.4087,-38.5409],[-69.4087,-38.5409],[-69.4086,-38.5409],[-69.4086,-38.5409],[-69.4086,-38.5409],[-69.4086,-38.5409],[-69.4086,-38.5409],[-69.4086,-38.5409],[-69.4086,-38.5409],[-69.4086,-38.5409],[-69.4086,-38.5409],[-69.4086,-38.5409],[-69.4086,-38.541],[-69.4086,-38.541],[-69.4086,-38.541],[-69.4086,-38.541],[-69.4086,-38.541],[-69.4086,-38.541],[-69.4086,-38.541],[-69.4086,-38.541],[-69.4086,-38.541],[-69.4086,-38.541],[-69.4085,-38.541],[-69.4085,-38.541],[-69.4085,-38.541],[-69.4085,-38.541],[-69.4085,-38.5411],[-69.4085,-38.5411],[-69.4085,-38.5411],[-69.4085,-38.5411],[-69.4085,-38.5411],[-69.4085,-38.5411],[-69.4085,-38.5411],[-69.4085,-38.5411],[-69.4085,-38.5411],[-69.4085,-38.5411],[-69.4085,-38.5411],[-69.4085,-38.5411],[-69.4085,-38.5411],[-69.4085,-38.5412],[-69.4085,-38.5412],[-69.4084,-38.5412],[-69.4084,-38.5412],[-69.4084,-38.5412],[-69.4084,-38.5412],[-69.4084,-38.5412],[-69.4084,-38.5412],[-69.4084,-38.5412],[-69.4084,-38.5412],[-69.4084,-38.5412],[-69.4084,-38.5412],[-69.4084,-38.5412],[-69.4084,-38.5412],[-69.4084,-38.5412],[-69.4084,-38.5413],[-69.4084,-38.5413],[-69.4084,-38.5413],[-69.4084,-38.5413],[-69.4084,-38.5413],[-69.4083,-38.5413],[-69.4083,-38.5413],[-69.4083,-38.5413],[-69.4083,-38.5413],[-69.4083,-38.5413],[-69.4083,-38.5413],[-69.4083,-38.5413],[-69.4083,-38.5413],[-69.4083,-38.5413],[-69.4083,-38.5414],[-69.4083,-38.5414],[-69.4083,-38.5414],[-69.4083,-38.5414],[-69.4083,-38.5414],[-69.4083,-38.5414],[-69.4083,-38.5414],[-69.4083,-38.5414],[-69.4082,-38.5414],[-69.4082,-38.5414],[-69.4082,-38.5414],[-69.4082,-38.5414],[-69.4082,-38.5414],[-69.4082,-38.5414],[-69.4082,-38.5414],[-69.4082,-38.5415],[-69.4082,-38.5415],[-69.4082,-38.5415],[-69.4082,-38.5415],[-69.4082,-38.5415],[-69.4082,-38.5415],[-69.4082,-38.5415],[-69.4082,-38.5415],[-69.4082,-38.5415],[-69.4082,-38.5415],[-69.4082,-38.5415],[-69.4081,-38.5415],[-69.4081,-38.5415],[-69.4081,-38.5415],[-69.4081,-38.5415],[-69.4081,-38.5416],[-69.4081,-38.5416],[-69.4081,-38.5416],[-69.4081,-38.5416],[-69.4081,-38.5416],[-69.4081,-38.5416],[-69.4081,-38.5416],[-69.4081,-38.5416],[-69.4081,-38.5416],[-69.4081,-38.5416],[-69.4081,-38.5416],[-69.4081,-38.5416],[-69.4081,-38.5416],[-69.408,-38.5416],[-69.408,-38.5417],[-69.408,-38.5417],[-69.408,-38.5417],[-69.408,-38.5417],[-69.408,-38.5417],[-69.408,-38.5417],[-69.408,-38.5417],[-69.408,-38.5417],[-69.408,-38.5417],[-69.408,-38.5417],[-69.408,-38.5417],[-69.408,-38.5417],[-69.408,-38.5417],[-69.408,-38.5417],[-69.408,-38.5417],[-69.408,-38.5418],[-69.4079,-38.5418],[-69.4079,-38.5418],[-69.4079,-38.5418],[-69.4079,-38.5418],[-69.4079,-38.5418],[-69.4079,-38.5418],[-69.4079,-38.5418],[-69.4079,-38.5418],[-69.4079,-38.5418],[-69.4079,-38.5418],[-69.4079,-38.5418],[-69.4079,-38.5418],[-69.4079,-38.5418],[-69.4079,-38.5419],[-69.4079,-38.5419],[-69.4079,-38.5419],[-69.4079,-38.5419],[-69.4078,-38.5419],[-69.4078,-38.5419],[-69.4078,-38.5419],[-69.4078,-38.5419],[-69.4078,-38.5419],[-69.4078,-38.5419],[-69.4078,-38.5419],[-69.4078,-38.5419],[-69.4078,-38.5419],[-69.4078,-38.5419],[-69.4078,-38.5419],[-69.4078,-38.5419],[-69.4078,-38.5419],[-69.4077,-38.5419],[-69.4077,-38.5419],[-69.4077,-38.5419],[-69.4077,-38.5419],[-69.4077,-38.5419],[-69.4077,-38.5419],[-69.4077,-38.542],[-69.4077,-38.542],[-69.4077,-38.542],[-69.4077,-38.542],[-69.4077,-38.542],[-69.4077,-38.542],[-69.4077,-38.542],[-69.4076,-38.542],[-69.4076,-38.542],[-69.4076,-38.542],[-69.4076,-38.542],[-69.4076,-38.542],[-69.4076,-38.542],[-69.4076,-38.542],[-69.4076,-38.542],[-69.4076,-38.542],[-69.4076,-38.542],[-69.4076,-38.542],[-69.4076,-38.542],[-69.4075,-38.542],[-69.4075,-38.542],[-69.4075,-38.542],[-69.4075,-38.542],[-69.4075,-38.542],[-69.4075,-38.5421],[-69.4075,-38.5421],[-69.4075,-38.5421],[-69.4075,-38.5421],[-69.4075,-38.5421],[-69.4075,-38.5421],[-69.4075,-38.5421],[-69.4075,-38.5421],[-69.4074,-38.5421],[-69.4074,-38.5421],[-69.4074,-38.5421],[-69.4074,-38.5421],[-69.4074,-38.5421],[-69.4074,-38.5421],[-69.4074,-38.5421],[-69.4074,-38.5421],[-69.4074,-38.5421],[-69.4074,-38.5421],[-69.4074,-38.5421],[-69.4074,-38.5421],[-69.4074,-38.5421],[-69.4073,-38.5421],[-69.4073,-38.5421],[-69.4073,-38.5421],[-69.4073,-38.5422],[-69.4073,-38.5422],[-69.4073,-38.5422],[-69.4073,-38.5422],[-69.4073,-38.5422],[-69.4073,-38.5422],[-69.4073,-38.5422],[-69.4073,-38.5422],[-69.4073,-38.5422],[-69.4072,-38.5422],[-69.4072,-38.5422],[-69.4072,-38.5422],[-69.4072,-38.5422],[-69.4072,-38.5422],[-69.4072,-38.5422],[-69.4072,-38.5422],[-69.4072,-38.5422],[-69.4072,-38.5422],[-69.4072,-38.5422],[-69.4072,-38.5422],[-69.4072,-38.5422],[-69.4071,-38.5422],[-69.4071,-38.5422],[-69.4071,-38.5422],[-69.4071,-38.5422],[-69.4071,-38.5422],[-69.4071,-38.5422],[-69.4071,-38.5422],[-69.4071,-38.5422],[-69.4071,-38.5422],[-69.4071,-38.5422],[-69.4071,-38.5423],[-69.4071,-38.5423],[-69.407,-38.5423],[-69.407,-38.5423],[-69.407,-38.5423],[-69.407,-38.5423],[-69.407,-38.5423],[-69.407,-38.5423],[-69.407,-38.5423],[-69.407,-38.5423],[-69.407,-38.5423],[-69.407,-38.5423],[-69.407,-38.5423],[-69.407,-38.5423],[-69.4069,-38.5423],[-69.4069,-38.5423],[-69.4069,-38.5423],[-69.4069,-38.5423],[-69.4069,-38.5423],[-69.4069,-38.5423],[-69.4069,-38.5423],[-69.4069,-38.5423],[-69.4069,-38.5423],[-69.4069,-38.5423],[-69.4069,-38.5423],[-69.4069,-38.5423],[-69.4068,-38.5423],[-69.4068,-38.5423],[-69.4068,-38.5423],[-69.4068,-38.5423],[-69.4068,-38.5424],[-69.4068,-38.5424],[-69.4068,-38.5424],[-69.4068,-38.5424],[-69.4068,-38.5424],[-69.4068,-38.5424],[-69.4068,-38.5424],[-69.4068,-38.5424],[-69.4068,-38.5424],[-69.4067,-38.5424],[-69.4067,-38.5424],[-69.4067,-38.5424],[-69.4067,-38.5424],[-69.4067,-38.5424],[-69.4067,-38.5424],[-69.4067,-38.5424],[-69.4067,-38.5424],[-69.4067,-38.5424],[-69.4067,-38.5424],[-69.4067,-38.5424],[-69.4067,-38.5424],[-69.4066,-38.5424],[-69.4066,-38.5424],[-69.4066,-38.5424],[-69.4066,-38.5424],[-69.4066,-38.5424],[-69.4066,-38.5424],[-69.4066,-38.5424],[-69.4066,-38.5424],[-69.4066,-38.5424],[-69.4066,-38.5424],[-69.4066,-38.5425],[-69.4066,-38.5425],[-69.4065,-38.5425],[-69.4065,-38.5425],[-69.4065,-38.5425],[-69.4065,-38.5425],[-69.4065,-38.5425],[-69.4065,-38.5425],[-69.4065,-38.5425],[-69.4065,-38.5425],[-69.4065,-38.5425],[-69.4065,-38.5425],[-69.4065,-38.5425],[-69.4064,-38.5425],[-69.4064,-38.5425],[-69.4064,-38.5425],[-69.4064,-38.5425],[-69.4064,-38.5425],[-69.4064,-38.5425],[-69.4064,-38.5425],[-69.4064,-38.5425],[-69.4064,-38.5425],[-69.4064,-38.5425],[-69.4064,-38.5425],[-69.4064,-38.5425],[-69.4063,-38.5425],[-69.4063,-38.5425],[-69.4063,-38.5425],[-69.4063,-38.5425],[-69.4063,-38.5425],[-69.4063,-38.5425],[-69.4063,-38.5425],[-69.4063,-38.5425],[-69.4063,-38.5425],[-69.4063,-38.5425],[-69.4063,-38.5425],[-69.4062,-38.5425],[-69.4062,-38.5425],[-69.4062,-38.5425],[-69.4062,-38.5425],[-69.4062,-38.5425],[-69.4062,-38.5426],[-69.4062,-38.5426],[-69.4062,-38.5426],[-69.4062,-38.5426],[-69.4062,-38.5426],[-69.4062,-38.5426],[-69.4062,-38.5426],[-69.4061,-38.5426],[-69.4061,-38.5426],[-69.4061,-38.5426],[-69.4061,-38.5426],[-69.4061,-38.5426],[-69.4061,-38.5426],[-69.4061,-38.5426],[-69.4061,-38.5426],[-69.4061,-38.5426],[-69.4061,-38.5426],[-69.4061,-38.5426],[-69.4061,-38.5426],[-69.406,-38.5426],[-69.406,-38.5426],[-69.406,-38.5426],[-69.406,-38.5426],[-69.406,-38.5426],[-69.406,-38.5426],[-69.406,-38.5426],[-69.406,-38.5426],[-69.406,-38.5426],[-69.406,-38.5426],[-69.406,-38.5426],[-69.4059,-38.5426],[-69.4059,-38.5426],[-69.4059,-38.5426],[-69.4059,-38.5426],[-69.4059,-38.5426],[-69.4059,-38.5426],[-69.4059,-38.5426],[-69.4059,-38.5426],[-69.4059,-38.5426],[-69.4059,-38.5426],[-69.4059,-38.5426],[-69.4059,-38.5427],[-69.4058,-38.5427],[-69.4058,-38.5427],[-69.4058,-38.5427],[-69.4058,-38.5427],[-69.4058,-38.5427],[-69.4058,-38.5427],[-69.4058,-38.5427],[-69.4058,-38.5427],[-69.4058,-38.5427],[-69.4058,-38.5427],[-69.4058,-38.5427],[-69.4058,-38.5427],[-69.4057,-38.5427],[-69.4057,-38.5427],[-69.4057,-38.5427],[-69.4057,-38.5427],[-69.4057,-38.5427],[-69.4057,-38.5427],[-69.4057,-38.5427],[-69.4057,-38.5427],[-69.4057,-38.5427],[-69.4057,-38.5427],[-69.4057,-38.5427],[-69.4056,-38.5427],[-69.4056,-38.5427],[-69.4056,-38.5427],[-69.4056,-38.5427],[-69.4056,-38.5427],[-69.4056,-38.5427],[-69.4056,-38.5427],[-69.4056,-38.5427],[-69.4056,-38.5427],[-69.4056,-38.5427],[-69.4056,-38.5427],[-69.4055,-38.5427],[-69.4055,-38.5427],[-69.4055,-38.5427],[-69.4055,-38.5427],[-69.4055,-38.5427],[-69.4055,-38.5427],[-69.4055,-38.5427],[-69.4055,-38.5427],[-69.4055,-38.5427],[-69.4055,-38.5427],[-69.4055,-38.5427],[-69.4055,-38.5427],[-69.4054,-38.5427],[-69.4054,-38.5427],[-69.4054,-38.5427],[-69.4054,-38.5427],[-69.4054,-38.5427],[-69.4054,-38.5427],[-69.4054,-38.5427],[-69.4054,-38.5427],[-69.4054,-38.5427],[-69.4054,-38.5427],[-69.4054,-38.5427],[-69.4053,-38.5427],[-69.4053,-38.5427],[-69.4053,-38.5427],[-69.4053,-38.5427],[-69.4053,-38.5427],[-69.4053,-38.5427],[-69.4053,-38.5427],[-69.4053,-38.5427],[-69.4053,-38.5427],[-69.4053,-38.5427],[-69.4053,-38.5427],[-69.4052,-38.5427],[-69.4052,-38.5428],[-69.4052,-38.5428],[-69.4052,-38.5428],[-69.4052,-38.5428],[-69.4052,-38.5428],[-69.4052,-38.5428],[-69.4052,-38.5428],[-69.4052,-38.5428],[-69.4052,-38.5428],[-69.4052,-38.5428],[-69.4051,-38.5428],[-69.4051,-38.5428],[-69.4051,-38.5428],[-69.4051,-38.5428],[-69.4051,-38.5428],[-69.4051,-38.5428],[-69.4051,-38.5428],[-69.4051,-38.5428],[-69.4051,-38.5428],[-69.4051,-38.5428],[-69.4051,-38.5428],[-69.4051,-38.5428],[-69.405,-38.5428],[-69.405,-38.5428],[-69.405,-38.5428],[-69.405,-38.5428],[-69.405,-38.5428],[-69.405,-38.5428],[-69.405,-38.5428],[-69.405,-38.5428],[-69.405,-38.5428],[-69.405,-38.5428],[-69.405,-38.5428],[-69.4049,-38.5428],[-69.4049,-38.5428],[-69.4049,-38.5427],[-69.4049,-38.5427],[-69.4049,-38.5427],[-69.4049,-38.5427],[-69.4049,-38.5427],[-69.4049,-38.5427],[-69.4049,-38.5427],[-69.4049,-38.5427],[-69.4049,-38.5427],[-69.4049,-38.5427],[-69.4048,-38.5427],[-69.4048,-38.5427],[-69.4048,-38.5427],[-69.4048,-38.5427],[-69.4048,-38.5427],[-69.4048,-38.5427],[-69.4048,-38.5427],[-69.4048,-38.5427],[-69.4048,-38.5427],[-69.4048,-38.5427],[-69.4048,-38.5427],[-69.4048,-38.5427],[-69.4047,-38.5427],[-69.4047,-38.5427],[-69.4047,-38.5427],[-69.4047,-38.5427],[-69.4047,-38.5427],[-69.4047,-38.5427],[-69.4047,-38.5427],[-69.4047,-38.5427],[-69.4047,-38.5427],[-69.4047,-38.5426],[-69.4047,-38.5426],[-69.4047,-38.5426],[-69.4046,-38.5426],[-69.4046,-38.5426],[-69.4046,-38.5426],[-69.4046,-38.5426],[-69.4046,-38.5426],[-69.4046,-38.5426],[-69.4046,-38.5426],[-69.4046,-38.5426],[-69.4046,-38.5426],[-69.4046,-38.5426],[-69.4046,-38.5426],[-69.4046,-38.5426],[-69.4045,-38.5426],[-69.4045,-38.5426],[-69.4045,-38.5426],[-69.4045,-38.5426],[-69.4045,-38.5426],[-69.4045,-38.5426],[-69.4045,-38.5426],[-69.4045,-38.5426],[-69.4045,-38.5426],[-69.4045,-38.5426],[-69.4045,-38.5426],[-69.4045,-38.5426],[-69.4045,-38.5426],[-69.4044,-38.5426],[-69.4044,-38.5426],[-69.4044,-38.5425],[-69.4044,-38.5425],[-69.4044,-38.5425],[-69.4044,-38.5425],[-69.4044,-38.5426],[-69.4044,-38.5426],[-69.4044,-38.5426],[-69.4044,-38.5426],[-69.4044,-38.5426],[-69.4044,-38.5426],[-69.4044,-38.5426],[-69.4043,-38.5426],[-69.4043,-38.5426],[-69.4043,-38.5426],[-69.4043,-38.5426],[-69.4043,-38.5426],[-69.4043,-38.5426],[-69.4043,-38.5426],[-69.4043,-38.5426],[-69.4043,-38.5426],[-69.4043,-38.5426],[-69.4043,-38.5426],[-69.4043,-38.5426],[-69.4043,-38.5427],[-69.4042,-38.5427],[-69.4042,-38.5427],[-69.4042,-38.5427],[-69.4042,-38.5427],[-69.4042,-38.5427],[-69.4042,-38.5427],[-69.4042,-38.5427],[-69.4042,-38.5427],[-69.4042,-38.5427],[-69.4042,-38.5427],[-69.4042,-38.5427],[-69.4042,-38.5427],[-69.4042,-38.5427],[-69.4042,-38.5427],[-69.4041,-38.5427],[-69.4041,-38.5427],[-69.4041,-38.5427],[-69.4041,-38.5427],[-69.4041,-38.5428],[-69.4041,-38.5428],[-69.4041,-38.5428],[-69.4041,-38.5428],[-69.4041,-38.5428],[-69.4041,-38.5428],[-69.4041,-38.5428],[-69.4041,-38.5428],[-69.4041,-38.5428],[-69.4041,-38.5428],[-69.404,-38.5428],[-69.404,-38.5428],[-69.404,-38.5428],[-69.404,-38.5428],[-69.404,-38.5428],[-69.404,-38.5428],[-69.404,-38.5428],[-69.404,-38.5428],[-69.404,-38.5428],[-69.404,-38.5428],[-69.404,-38.5429],[-69.404,-38.5429],[-69.404,-38.5429],[-69.4039,-38.5429],[-69.4039,-38.5429],[-69.4039,-38.5429],[-69.4039,-38.5429],[-69.4039,-38.5429],[-69.4039,-38.5429],[-69.4039,-38.5429],[-69.4039,-38.5429],[-69.4039,-38.5429],[-69.4039,-38.5429],[-69.4039,-38.5429],[-69.4039,-38.5429],[-69.4039,-38.5429],[-69.4039,-38.5429],[-69.4038,-38.5429],[-69.4038,-38.5429],[-69.4038,-38.543],[-69.4038,-38.543],[-69.4038,-38.543],[-69.4038,-38.543],[-69.4038,-38.543],[-69.4038,-38.543],[-69.4038,-38.543],[-69.4038,-38.543],[-69.4038,-38.543],[-69.4038,-38.543],[-69.4038,-38.543],[-69.4038,-38.543],[-69.4038,-38.543],[-69.4038,-38.543],[-69.4037,-38.543],[-69.4037,-38.5431],[-69.4037,-38.5431],[-69.4037,-38.5431],[-69.4037,-38.5431],[-69.4037,-38.5431],[-69.4037,-38.5431],[-69.4037,-38.5431],[-69.4037,-38.5431],[-69.4037,-38.5431],[-69.4037,-38.5431],[-69.4037,-38.5431],[-69.4037,-38.5431],[-69.4037,-38.5431],[-69.4037,-38.5431],[-69.4037,-38.5431],[-69.4037,-38.5432],[-69.4037,-38.5432],[-69.4036,-38.5432],[-69.4036,-38.5432],[-69.4036,-38.5432],[-69.4036,-38.5432],[-69.4036,-38.5432],[-69.4036,-38.5432],[-69.4036,-38.5432],[-69.4036,-38.5432],[-69.4036,-38.5432],[-69.4036,-38.5432],[-69.4036,-38.5432],[-69.4036,-38.5432],[-69.4036,-38.5433],[-69.4036,-38.5433],[-69.4036,-38.5433],[-69.4036,-38.5433],[-69.4036,-38.5433],[-69.4036,-38.5433],[-69.4036,-38.5433],[-69.4035,-38.5433],[-69.4035,-38.5433],[-69.4035,-38.5433],[-69.4035,-38.5433],[-69.4035,-38.5433],[-69.4035,-38.5433],[-69.4035,-38.5433],[-69.4035,-38.5434],[-69.4035,-38.5434],[-69.4035,-38.5434],[-69.4035,-38.5434],[-69.4035,-38.5434],[-69.4035,-38.5434],[-69.4035,-38.5434],[-69.4035,-38.5434],[-69.4034,-38.5434],[-69.4034,-38.5434],[-69.4034,-38.5434],[-69.4034,-38.5434],[-69.4034,-38.5434],[-69.4034,-38.5434],[-69.4034,-38.5434],[-69.4034,-38.5434],[-69.4034,-38.5434],[-69.4034,-38.5434],[-69.4034,-38.5434],[-69.4034,-38.5434],[-69.4034,-38.5434],[-69.4033,-38.5434],[-69.4033,-38.5434],[-69.4033,-38.5434],[-69.4033,-38.5434],[-69.4033,-38.5435],[-69.4033,-38.5435],[-69.4033,-38.5435],[-69.4033,-38.5435],[-69.4033,-38.5435],[-69.4033,-38.5435],[-69.4033,-38.5435],[-69.4033,-38.5435],[-69.4032,-38.5435],[-69.4032,-38.5435],[-69.4032,-38.5435],[-69.4032,-38.5435],[-69.4032,-38.5435],[-69.4032,-38.5435],[-69.4032,-38.5435],[-69.4032,-38.5435],[-69.4032,-38.5435],[-69.4032,-38.5435],[-69.4032,-38.5435],[-69.4032,-38.5435],[-69.4032,-38.5435],[-69.4031,-38.5435],[-69.4031,-38.5435],[-69.4031,-38.5435],[-69.4031,-38.5435],[-69.4031,-38.5436],[-69.4031,-38.5436],[-69.4031,-38.5436],[-69.4031,-38.5436],[-69.4031,-38.5436],[-69.4031,-38.5436],[-69.4031,-38.5436],[-69.4031,-38.5436],[-69.403,-38.5436],[-69.403,-38.5436],[-69.403,-38.5436],[-69.403,-38.5436],[-69.403,-38.5436],[-69.403,-38.5436],[-69.403,-38.5436],[-69.403,-38.5436],[-69.403,-38.5436],[-69.403,-38.5436],[-69.403,-38.5436],[-69.403,-38.5436],[-69.403,-38.5436],[-69.403,-38.5437],[-69.403,-38.5437],[-69.403,-38.5437],[-69.4029,-38.5437],[-69.4029,-38.5437],[-69.4029,-38.5437],[-69.4029,-38.5437],[-69.4029,-38.5437],[-69.4029,-38.5437],[-69.4029,-38.5437],[-69.4029,-38.5437],[-69.4029,-38.5437],[-69.4029,-38.5437],[-69.4029,-38.5437],[-69.4029,-38.5437],[-69.4029,-38.5438],[-69.4029,-38.5438],[-69.4029,-38.5438],[-69.4029,-38.5438],[-69.4028,-38.5438],[-69.4028,-38.5438],[-69.4028,-38.5438],[-69.4028,-38.5438],[-69.4028,-38.5438],[-69.4028,-38.5438],[-69.4028,-38.5438],[-69.4028,-38.5438],[-69.4028,-38.5438],[-69.4028,-38.5438],[-69.4028,-38.5438],[-69.4028,-38.5439],[-69.4028,-38.5439],[-69.4028,-38.5439],[-69.4028,-38.5439],[-69.4028,-38.5439],[-69.4028,-38.5439],[-69.4027,-38.5439],[-69.4027,-38.5439],[-69.4027,-38.5439],[-69.4027,-38.5439],[-69.4027,-38.5439],[-69.4027,-38.5439],[-69.4027,-38.5439],[-69.4027,-38.5439],[-69.4027,-38.5439],[-69.4027,-38.544],[-69.4027,-38.544],[-69.4027,-38.544],[-69.4027,-38.544],[-69.4027,-38.544],[-69.4027,-38.544],[-69.4027,-38.544],[-69.4026,-38.544],[-69.4026,-38.544],[-69.4026,-38.544],[-69.4026,-38.544],[-69.4026,-38.544],[-69.4026,-38.544],[-69.4026,-38.544],[-69.4026,-38.544],[-69.4026,-38.544],[-69.4026,-38.5441],[-69.4026,-38.5441],[-69.4026,-38.5441],[-69.4026,-38.5441],[-69.4026,-38.5441],[-69.4026,-38.5441],[-69.4026,-38.5441],[-69.4026,-38.5441],[-69.4025,-38.5441],[-69.4025,-38.5441],[-69.4025,-38.5441],[-69.4025,-38.5441],[-69.4025,-38.5441],[-69.4025,-38.5441],[-69.4025,-38.5442],[-69.4025,-38.5442],[-69.4025,-38.5442],[-69.4025,-38.5442],[-69.4025,-38.5442],[-69.4025,-38.5442],[-69.4025,-38.5442],[-69.4025,-38.5442],[-69.4025,-38.5442],[-69.4025,-38.5442],[-69.4025,-38.5442],[-69.4025,-38.5442],[-69.4024,-38.5442],[-69.4024,-38.5442],[-69.4024,-38.5443],[-69.4024,-38.5443],[-69.4024,-38.5443],[-69.4024,-38.5443],[-69.4024,-38.5443],[-69.4024,-38.5443],[-69.4024,-38.5443],[-69.4024,-38.5443],[-69.4024,-38.5443],[-69.4024,-38.5443],[-69.4024,-38.5443],[-69.4024,-38.5443],[-69.4024,-38.5443],[-69.4024,-38.5443],[-69.4024,-38.5444],[-69.4024,-38.5444],[-69.4024,-38.5444],[-69.4023,-38.5444],[-69.4023,-38.5444],[-69.4023,-38.5444],[-69.4023,-38.5444],[-69.4023,-38.5444],[-69.4023,-38.5444],[-69.4023,-38.5444],[-69.4023,-38.5444],[-69.4023,-38.5444],[-69.4023,-38.5444],[-69.4023,-38.5444],[-69.4023,-38.5445],[-69.4023,-38.5445],[-69.4023,-38.5445],[-69.4023,-38.5445],[-69.4023,-38.5445],[-69.4023,-38.5445],[-69.4023,-38.5445],[-69.4022,-38.5445],[-69.4022,-38.5445],[-69.4022,-38.5445],[-69.4022,-38.5445],[-69.4022,-38.5445],[-69.4022,-38.5445],[-69.4022,-38.5445],[-69.4022,-38.5446],[-69.4022,-38.5446],[-69.4022,-38.5446],[-69.4022,-38.5446],[-69.4022,-38.5446],[-69.4022,-38.5446],[-69.4022,-38.5446],[-69.4022,-38.5446],[-69.4022,-38.5446],[-69.4022,-38.5446],[-69.4022,-38.5446],[-69.4022,-38.5446],[-69.4022,-38.5446],[-69.4022,-38.5446],[-69.4022,-38.5447],[-69.4022,-38.5447],[-69.4022,-38.5447],[-69.4022,-38.5447],[-69.4022,-38.5447],[-69.4022,-38.5447],[-69.4022,-38.5447],[-69.4022,-38.5447],[-69.4023,-38.5447],[-69.4023,-38.5447],[-69.4023,-38.5447],[-69.4023,-38.5447],[-69.4023,-38.5447],[-69.4023,-38.5447],[-69.4023,-38.5448],[-69.4023,-38.5448],[-69.4023,-38.5448],[-69.4023,-38.5448],[-69.4023,-38.5448],[-69.4023,-38.5448],[-69.4023,-38.5448],[-69.4023,-38.5448],[-69.4023,-38.5448],[-69.4023,-38.5448],[-69.4023,-38.5448],[-69.4023,-38.5448],[-69.4023,-38.5448],[-69.4024,-38.5448],[-69.4024,-38.5449],[-69.4024,-38.5449],[-69.4024,-38.5449],[-69.4024,-38.5449],[-69.4024,-38.5449],[-69.4024,-38.5449],[-69.4024,-38.5449],[-69.4024,-38.5449],[-69.4024,-38.5449],[-69.4024,-38.5449],[-69.4024,-38.5449],[-69.4024,-38.5449],[-69.4024,-38.5449],[-69.4024,-38.545],[-69.4024,-38.545],[-69.4024,-38.545],[-69.4024,-38.545],[-69.4024,-38.545],[-69.4024,-38.545],[-69.4024,-38.545],[-69.4024,-38.545],[-69.4024,-38.545],[-69.4024,-38.545],[-69.4024,-38.545],[-69.4024,-38.545],[-69.4024,-38.5451],[-69.4024,-38.5451],[-69.4024,-38.5451],[-69.4024,-38.5451],[-69.4024,-38.5451],[-69.4024,-38.5451],[-69.4024,-38.5451],[-69.4024,-38.5451],[-69.4024,-38.5451],[-69.4024,-38.5451],[-69.4024,-38.5451],[-69.4024,-38.5452],[-69.4024,-38.5452],[-69.4024,-38.5452],[-69.4024,-38.5452],[-69.4024,-38.5452],[-69.4024,-38.5452],[-69.4024,-38.5452],[-69.4024,-38.5452],[-69.4024,-38.5452],[-69.4024,-38.5452],[-69.4024,-38.5452],[-69.4024,-38.5453],[-69.4024,-38.5453],[-69.4024,-38.5453],[-69.4024,-38.5453],[-69.4024,-38.5453],[-69.4024,-38.5453],[-69.4024,-38.5453],[-69.4024,-38.5453],[-69.4024,-38.5453],[-69.4024,-38.5453],[-69.4024,-38.5453],[-69.4024,-38.5454],[-69.4024,-38.5454],[-69.4024,-38.5454],[-69.4024,-38.5454],[-69.4024,-38.5454],[-69.4024,-38.5454],[-69.4024,-38.5454],[-69.4024,-38.5454],[-69.4024,-38.5454],[-69.4024,-38.5454],[-69.4024,-38.5454],[-69.4024,-38.5455],[-69.4024,-38.5455],[-69.4024,-38.5455],[-69.4024,-38.5455],[-69.4024,-38.5455],[-69.4024,-38.5455],[-69.4024,-38.5455],[-69.4024,-38.5455],[-69.4023,-38.5455],[-69.4023,-38.5455],[-69.4023,-38.5455],[-69.4023,-38.5455],[-69.4023,-38.5455],[-69.4023,-38.5455],[-69.4023,-38.5455],[-69.4023,-38.5456],[-69.4023,-38.5456],[-69.4023,-38.5456],[-69.4023,-38.5456],[-69.4023,-38.5456],[-69.4023,-38.5456],[-69.4023,-38.5456],[-69.4022,-38.5456],[-69.4022,-38.5456],[-69.4022,-38.5456],[-69.4022,-38.5456],[-69.4022,-38.5456],[-69.4022,-38.5456],[-69.4022,-38.5456],[-69.4022,-38.5456],[-69.4022,-38.5456],[-69.4022,-38.5456],[-69.4022,-38.5457],[-69.4022,-38.5457],[-69.4022,-38.5457],[-69.4022,-38.5457],[-69.4021,-38.5457],[-69.4021,-38.5457],[-69.4021,-38.5457],[-69.4021,-38.5457],[-69.4021,-38.5457],[-69.4021,-38.5457],[-69.4021,-38.5457],[-69.4021,-38.5457],[-69.4021,-38.5457],[-69.4021,-38.5457],[-69.4021,-38.5457],[-69.4021,-38.5457],[-69.4021,-38.5457],[-69.4021,-38.5457],[-69.4021,-38.5458],[-69.402,-38.5458],[-69.402,-38.5458],[-69.402,-38.5458],[-69.402,-38.5458],[-69.402,-38.5458],[-69.402,-38.5458],[-69.402,-38.5458],[-69.402,-38.5458],[-69.402,-38.5458],[-69.402,-38.5458],[-69.402,-38.5458],[-69.402,-38.5458],[-69.402,-38.5458],[-69.402,-38.5458],[-69.4019,-38.5458],[-69.4019,-38.5458],[-69.4019,-38.5458],[-69.4019,-38.5459],[-69.4019,-38.5459],[-69.4019,-38.5459],[-69.4019,-38.5459],[-69.4019,-38.5459],[-69.4019,-38.5459],[-69.4019,-38.5459],[-69.4019,-38.5459],[-69.4019,-38.5459],[-69.4019,-38.5459],[-69.4019,-38.5459],[-69.4018,-38.5459],[-69.4018,-38.5459],[-69.4018,-38.5459],[-69.4018,-38.5459],[-69.4018,-38.5459],[-69.4018,-38.5459],[-69.4018,-38.546],[-69.4018,-38.546],[-69.4018,-38.546],[-69.4018,-38.546],[-69.4018,-38.546],[-69.4018,-38.546],[-69.4018,-38.546],[-69.4018,-38.546],[-69.4018,-38.546],[-69.4017,-38.546],[-69.4017,-38.546],[-69.4017,-38.546],[-69.4017,-38.546],[-69.4017,-38.546],[-69.4017,-38.546],[-69.4017,-38.546],[-69.4017,-38.546],[-69.4017,-38.546],[-69.4017,-38.5461],[-69.4017,-38.5461],[-69.4017,-38.5461],[-69.4017,-38.5461],[-69.4017,-38.5461],[-69.4017,-38.5461],[-69.4016,-38.5461],[-69.4016,-38.5461],[-69.4016,-38.5461],[-69.4016,-38.5461],[-69.4016,-38.5461],[-69.4016,-38.5461],[-69.4016,-38.5461],[-69.4016,-38.5461],[-69.4016,-38.5461],[-69.4016,-38.5461],[-69.4016,-38.5461],[-69.4016,-38.5462],[-69.4016,-38.5462],[-69.4016,-38.5462],[-69.4016,-38.5462],[-69.4015,-38.5462],[-69.4015,-38.5462],[-69.4015,-38.5462],[-69.4015,-38.5462],[-69.4015,-38.5462],[-69.4015,-38.5462],[-69.4015,-38.5462],[-69.4015,-38.5462],[-69.4015,-38.5462],[-69.4015,-38.5462],[-69.4015,-38.5462],[-69.4015,-38.5462],[-69.4015,-38.5462],[-69.4015,-38.5463],[-69.4015,-38.5463],[-69.4014,-38.5463],[-69.4014,-38.5463],[-69.4014,-38.5463],[-69.4014,-38.5463],[-69.4014,-38.5463],[-69.4014,-38.5463],[-69.4014,-38.5463],[-69.4014,-38.5463],[-69.4014,-38.5463],[-69.4014,-38.5463],[-69.4014,-38.5463],[-69.4014,-38.5463],[-69.4014,-38.5463],[-69.4014,-38.5463],[-69.4013,-38.5463],[-69.4013,-38.5464],[-69.4013,-38.5464],[-69.4013,-38.5464],[-69.4013,-38.5464],[-69.4013,-38.5464],[-69.4013,-38.5464],[-69.4013,-38.5464],[-69.4013,-38.5464],[-69.4013,-38.5464],[-69.4013,-38.5464],[-69.4013,-38.5464],[-69.4013,-38.5464],[-69.4013,-38.5464],[-69.4013,-38.5464],[-69.4012,-38.5464],[-69.4012,-38.5464],[-69.4012,-38.5464],[-69.4012,-38.5465],[-69.4012,-38.5465],[-69.4012,-38.5465],[-69.4012,-38.5465],[-69.4012,-38.5465],[-69.4012,-38.5465],[-69.4012,-38.5465],[-69.4012,-38.5465],[-69.4012,-38.5465],[-69.4012,-38.5465],[-69.4012,-38.5465],[-69.4012,-38.5465],[-69.4012,-38.5465],[-69.4011,-38.5465],[-69.4011,-38.5465],[-69.4011,-38.5466],[-69.4011,-38.5466],[-69.4011,-38.5466],[-69.4011,-38.5466],[-69.4011,-38.5466],[-69.4011,-38.5466],[-69.4011,-38.5466],[-69.4011,-38.5466],[-69.4011,-38.5466],[-69.4011,-38.5466],[-69.4011,-38.5466],[-69.4011,-38.5466],[-69.4011,-38.5466],[-69.4011,-38.5466],[-69.4011,-38.5466],[-69.401,-38.5467],[-69.401,-38.5467],[-69.401,-38.5467],[-69.401,-38.5467],[-69.401,-38.5467],[-69.401,-38.5467],[-69.401,-38.5467],[-69.401,-38.5467],[-69.401,-38.5467],[-69.401,-38.5467],[-69.401,-38.5467],[-69.401,-38.5467],[-69.401,-38.5467],[-69.401,-38.5467],[-69.401,-38.5467],[-69.401,-38.5468],[-69.401,-38.5468],[-69.4009,-38.5468],[-69.4009,-38.5468],[-69.4009,-38.5468],[-69.4009,-38.5468],[-69.4009,-38.5468],[-69.4009,-38.5468],[-69.4009,-38.5468],[-69.4009,-38.5468],[-69.4009,-38.5468],[-69.4009,-38.5468],[-69.4009,-38.5468],[-69.4009,-38.5468],[-69.4009,-38.5468],[-69.4009,-38.5469],[-69.4009,-38.5469],[-69.4009,-38.5469],[-69.4009,-38.5469],[-69.4008,-38.5469],[-69.4008,-38.5469],[-69.4008,-38.5469],[-69.4008,-38.5469],[-69.4008,-38.5469],[-69.4008,-38.5469],[-69.4008,-38.5469],[-69.4008,-38.5469],[-69.4008,-38.5469],[-69.4008,-38.5469],[-69.4008,-38.5469],[-69.4008,-38.547],[-69.4008,-38.547],[-69.4008,-38.547],[-69.4008,-38.547],[-69.4008,-38.547],[-69.4008,-38.547],[-69.4007,-38.547],[-69.4007,-38.547],[-69.4007,-38.547],[-69.4007,-38.547],[-69.4007,-38.547],[-69.4007,-38.547],[-69.4007,-38.547],[-69.4007,-38.547],[-69.4007,-38.547],[-69.4007,-38.5471],[-69.4007,-38.5471],[-69.4007,-38.5471],[-69.4007,-38.5471],[-69.4007,-38.5471],[-69.4007,-38.5471],[-69.4007,-38.5471],[-69.4006,-38.5471],[-69.4006,-38.5471],[-69.4006,-38.5471],[-69.4006,-38.5471],[-69.4006,-38.5471],[-69.4006,-38.5471],[-69.4006,-38.5471],[-69.4006,-38.5471],[-69.4006,-38.5472],[-69.4006,-38.5472],[-69.4006,-38.5472],[-69.4006,-38.5472],[-69.4006,-38.5472],[-69.4006,-38.5472],[-69.4006,-38.5472],[-69.4006,-38.5472],[-69.4006,-38.5472],[-69.4005,-38.5472],[-69.4005,-38.5472],[-69.4005,-38.5472],[-69.4005,-38.5472],[-69.4005,-38.5472],[-69.4005,-38.5472],[-69.4005,-38.5473],[-69.4005,-38.5473],[-69.4005,-38.5473],[-69.4005,-38.5473],[-69.4005,-38.5473],[-69.4005,-38.5473],[-69.4005,-38.5473],[-69.4005,-38.5473],[-69.4005,-38.5473],[-69.4005,-38.5473],[-69.4005,-38.5473],[-69.4005,-38.5473],[-69.4005,-38.5473],[-69.4004,-38.5473],[-69.4004,-38.5474],[-69.4004,-38.5474],[-69.4004,-38.5474],[-69.4004,-38.5474],[-69.4004,-38.5474],[-69.4004,-38.5474],[-69.4004,-38.5474],[-69.4004,-38.5474],[-69.4004,-38.5474],[-69.4004,-38.5474],[-69.4004,-38.5474],[-69.4004,-38.5474],[-69.4004,-38.5474],[-69.4004,-38.5475],[-69.4004,-38.5475],[-69.4004,-38.5475],[-69.4004,-38.5475],[-69.4004,-38.5475],[-69.4004,-38.5475],[-69.4004,-38.5475],[-69.4003,-38.5475],[-69.4003,-38.5475],[-69.4003,-38.5475],[-69.4003,-38.5475],[-69.4003,-38.5475],[-69.4003,-38.5475],[-69.4003,-38.5476],[-69.4003,-38.5476],[-69.4003,-38.5476],[-69.4003,-38.5476],[-69.4003,-38.5476],[-69.4003,-38.5476],[-69.4003,-38.5476],[-69.4003,-38.5476],[-69.4003,-38.5476],[-69.4003,-38.5476],[-69.4003,-38.5476],[-69.4003,-38.5476],[-69.4003,-38.5476],[-69.4003,-38.5477],[-69.4003,-38.5477],[-69.4003,-38.5477],[-69.4002,-38.5477],[-69.4002,-38.5477],[-69.4002,-38.5477],[-69.4002,-38.5477],[-69.4002,-38.5477],[-69.4002,-38.5477],[-69.4002,-38.5477],[-69.4002,-38.5477],[-69.4002,-38.5477],[-69.4002,-38.5477],[-69.4002,-38.5478],[-69.4002,-38.5478],[-69.4002,-38.5478],[-69.4002,-38.5478],[-69.4002,-38.5478],[-69.4002,-38.5478],[-69.4002,-38.5478],[-69.4002,-38.5478],[-69.4002,-38.5478],[-69.4002,-38.5478],[-69.4002,-38.5478],[-69.4001,-38.5478],[-69.4001,-38.5478],[-69.4001,-38.5479],[-69.4001,-38.5479],[-69.4001,-38.5479],[-69.4001,-38.5479],[-69.4001,-38.5479],[-69.4001,-38.5479],[-69.4001,-38.5479],[-69.4001,-38.5479],[-69.4001,-38.5479],[-69.4001,-38.5479],[-69.4001,-38.5479],[-69.4001,-38.5479],[-69.4001,-38.5479],[-69.4001,-38.548],[-69.4001,-38.548],[-69.4001,-38.548],[-69.4001,-38.548],[-69.4001,-38.548],[-69.4001,-38.548],[-69.4001,-38.548],[-69.4,-38.548],[-69.4,-38.548],[-69.4,-38.548],[-69.4,-38.548],[-69.4,-38.548],[-69.4,-38.548],[-69.4,-38.5481],[-69.4,-38.5481],[-69.4,-38.5481],[-69.4,-38.5481],[-69.4,-38.5481],[-69.4,-38.5481],[-69.4,-38.5481],[-69.4,-38.5481],[-69.4,-38.5481],[-69.4,-38.5481],[-69.4,-38.5481],[-69.4,-38.5481],[-69.4,-38.5481],[-69.4,-38.5482],[-69.4,-38.5482],[-69.3999,-38.5482],[-69.3999,-38.5482],[-69.3999,-38.5482],[-69.3999,-38.5482],[-69.3999,-38.5482],[-69.3999,-38.5482],[-69.3999,-38.5482],[-69.3999,-38.5482],[-69.3999,-38.5482],[-69.3999,-38.5482],[-69.3999,-38.5482],[-69.3999,-38.5482],[-69.3999,-38.5483],[-69.3999,-38.5483],[-69.3999,-38.5483],[-69.3999,-38.5483],[-69.3999,-38.5483],[-69.3999,-38.5483],[-69.3999,-38.5483],[-69.3999,-38.5483],[-69.3999,-38.5483],[-69.3999,-38.5483],[-69.3998,-38.5483],[-69.3998,-38.5483],[-69.3998,-38.5483],[-69.3998,-38.5484],[-69.3998,-38.5484],[-69.3998,-38.5484],[-69.3998,-38.5484],[-69.3998,-38.5484],[-69.3998,-38.5484],[-69.3998,-38.5484],[-69.3998,-38.5484],[-69.3998,-38.5484],[-69.3998,-38.5484],[-69.3998,-38.5484],[-69.3998,-38.5484],[-69.3998,-38.5484],[-69.3998,-38.5485],[-69.3998,-38.5485],[-69.3998,-38.5485],[-69.3998,-38.5485],[-69.3998,-38.5485],[-69.3997,-38.5485],[-69.3997,-38.5485],[-69.3997,-38.5485],[-69.3997,-38.5485],[-69.3997,-38.5485],[-69.3997,-38.5485],[-69.3997,-38.5485],[-69.3997,-38.5485],[-69.3997,-38.5486],[-69.3997,-38.5486],[-69.3997,-38.5486],[-69.3997,-38.5486],[-69.3997,-38.5486],[-69.3997,-38.5486],[-69.3997,-38.5486],[-69.3997,-38.5486],[-69.3997,-38.5486],[-69.3997,-38.5486],[-69.3997,-38.5486],[-69.3997,-38.5486],[-69.3997,-38.5487],[-69.3997,-38.5487],[-69.3997,-38.5487],[-69.3997,-38.5487],[-69.3996,-38.5487],[-69.3996,-38.5487],[-69.3996,-38.5487],[-69.3996,-38.5487],[-69.3996,-38.5487],[-69.3996,-38.5487],[-69.3996,-38.5487],[-69.3996,-38.5487],[-69.3996,-38.5487],[-69.3996,-38.5488],[-69.3996,-38.5488],[-69.3996,-38.5488],[-69.3996,-38.5488],[-69.3996,-38.5488],[-69.3996,-38.5488],[-69.3996,-38.5488],[-69.3996,-38.5488],[-69.3996,-38.5488],[-69.3996,-38.5488],[-69.3996,-38.5488],[-69.3996,-38.5488],[-69.3996,-38.5489],[-69.3996,-38.5489],[-69.3996,-38.5489],[-69.3996,-38.5489],[-69.3995,-38.5489],[-69.3995,-38.5489],[-69.3995,-38.5489],[-69.3995,-38.5489],[-69.3995,-38.5489],[-69.3995,-38.5489],[-69.3995,-38.5489],[-69.3995,-38.5489],[-69.3995,-38.5489],[-69.3995,-38.549],[-69.3995,-38.549],[-69.3995,-38.549],[-69.3995,-38.549],[-69.3995,-38.549],[-69.3995,-38.549],[-69.3995,-38.549],[-69.3995,-38.549],[-69.3995,-38.549],[-69.3995,-38.549],[-69.3995,-38.549],[-69.3995,-38.549],[-69.3995,-38.549],[-69.3995,-38.5491],[-69.3995,-38.5491],[-69.3995,-38.5491],[-69.3994,-38.5491],[-69.3994,-38.5491],[-69.3994,-38.5491],[-69.3994,-38.5491],[-69.3994,-38.5491],[-69.3994,-38.5491],[-69.3994,-38.5491],[-69.3994,-38.5491],[-69.3994,-38.5491],[-69.3994,-38.5492],[-69.3994,-38.5492],[-69.3994,-38.5492],[-69.3994,-38.5492],[-69.3994,-38.5492],[-69.3994,-38.5492],[-69.3994,-38.5492],[-69.3994,-38.5492],[-69.3994,-38.5492],[-69.3994,-38.5492],[-69.3994,-38.5492],[-69.3994,-38.5492],[-69.3994,-38.5492],[-69.3994,-38.5493],[-69.3994,-38.5493],[-69.3994,-38.5493],[-69.3993,-38.5493],[-69.3993,-38.5493],[-69.3993,-38.5493],[-69.3993,-38.5493],[-69.3993,-38.5493],[-69.3993,-38.5493],[-69.3993,-38.5493],[-69.3993,-38.5493],[-69.3993,-38.5493],[-69.3993,-38.5494],[-69.3993,-38.5494],[-69.3993,-38.5494],[-69.3993,-38.5494],[-69.3993,-38.5494],[-69.3993,-38.5494],[-69.3993,-38.5494],[-69.3993,-38.5494],[-69.3993,-38.5494],[-69.3993,-38.5494],[-69.3993,-38.5494],[-69.3993,-38.5494],[-69.3993,-38.5494],[-69.3993,-38.5495],[-69.3993,-38.5495],[-69.3992,-38.5495],[-69.3992,-38.5495],[-69.3992,-38.5495],[-69.3992,-38.5495],[-69.3992,-38.5495],[-69.3992,-38.5495],[-69.3992,-38.5495],[-69.3992,-38.5495],[-69.3992,-38.5495],[-69.3992,-38.5495],[-69.3992,-38.5496],[-69.3992,-38.5496],[-69.3992,-38.5496],[-69.3992,-38.5496],[-69.3992,-38.5496],[-69.3992,-38.5496],[-69.3992,-38.5496],[-69.3992,-38.5496],[-69.3992,-38.5496],[-69.3992,-38.5496],[-69.3992,-38.5496],[-69.3992,-38.5496],[-69.3992,-38.5497],[-69.3992,-38.5497],[-69.3992,-38.5497],[-69.3992,-38.5497],[-69.3992,-38.5497],[-69.3992,-38.5497],[-69.3992,-38.5497],[-69.3992,-38.5497],[-69.3992,-38.5497],[-69.3992,-38.5497],[-69.3992,-38.5497],[-69.3992,-38.5498],[-69.3992,-38.5498],[-69.3992,-38.5498],[-69.3991,-38.5498],[-69.3991,-38.5498],[-69.3991,-38.5498],[-69.3991,-38.5498],[-69.3991,-38.5498],[-69.3991,-38.5498],[-69.3991,-38.5498],[-69.3991,-38.5498],[-69.3991,-38.5498],[-69.3991,-38.5499],[-69.3991,-38.5499],[-69.3991,-38.5499],[-69.3991,-38.5499],[-69.3991,-38.5499],[-69.3991,-38.5499],[-69.3991,-38.5499],[-69.3991,-38.5499],[-69.3991,-38.5499],[-69.3991,-38.5499],[-69.3991,-38.5499],[-69.3991,-38.5499],[-69.3991,-38.55],[-69.3991,-38.55],[-69.3991,-38.55],[-69.3991,-38.55],[-69.3991,-38.55],[-69.3991,-38.55],[-69.3991,-38.55],[-69.3991,-38.55],[-69.3991,-38.55],[-69.3991,-38.55],[-69.3991,-38.55],[-69.3991,-38.5501],[-69.3991,-38.5501],[-69.3991,-38.5501],[-69.3991,-38.5501],[-69.3991,-38.5501],[-69.3991,-38.5501],[-69.3991,-38.5501],[-69.399,-38.5501],[-69.399,-38.5501],[-69.399,-38.5501],[-69.399,-38.5501],[-69.399,-38.5501],[-69.399,-38.5502],[-69.399,-38.5502],[-69.399,-38.5502],[-69.399,-38.5502],[-69.399,-38.5502],[-69.399,-38.5502],[-69.399,-38.5502],[-69.399,-38.5502],[-69.399,-38.5502],[-69.399,-38.5502],[-69.399,-38.5502],[-69.399,-38.5503],[-69.399,-38.5503],[-69.399,-38.5503],[-69.399,-38.5503],[-69.399,-38.5503],[-69.399,-38.5503],[-69.399,-38.5503],[-69.399,-38.5503],[-69.399,-38.5503],[-69.399,-38.5503],[-69.399,-38.5503],[-69.399,-38.5503],[-69.399,-38.5504],[-69.399,-38.5504],[-69.399,-38.5504],[-69.399,-38.5504],[-69.399,-38.5504],[-69.399,-38.5504],[-69.399,-38.5504],[-69.399,-38.5504],[-69.399,-38.5504],[-69.399,-38.5504],[-69.399,-38.5504],[-69.3989,-38.5504],[-69.3989,-38.5505],[-69.3989,-38.5505],[-69.3989,-38.5505],[-69.3989,-38.5505],[-69.3989,-38.5505],[-69.3989,-38.5505],[-69.3989,-38.5505],[-69.3989,-38.5505],[-69.3989,-38.5505],[-69.3989,-38.5505],[-69.3989,-38.5505],[-69.3989,-38.5506],[-69.3989,-38.5506],[-69.3989,-38.5506],[-69.3989,-38.5506],[-69.3989,-38.5506],[-69.3989,-38.5506],[-69.3989,-38.5506],[-69.3989,-38.5506],[-69.3989,-38.5506],[-69.3989,-38.5506],[-69.3989,-38.5506],[-69.3989,-38.5506],[-69.3989,-38.5507],[-69.3989,-38.5507],[-69.3989,-38.5507],[-69.3989,-38.5507],[-69.3989,-38.5507],[-69.3989,-38.5507],[-69.3989,-38.5507],[-69.3989,-38.5507],[-69.3989,-38.5507],[-69.3989,-38.5507],[-69.3989,-38.5507],[-69.3989,-38.5508],[-69.3989,-38.5508],[-69.3989,-38.5508],[-69.3989,-38.5508],[-69.3989,-38.5508],[-69.3989,-38.5508],[-69.3989,-38.5508],[-69.3989,-38.5508],[-69.3989,-38.5508],[-69.3989,-38.5508],[-69.3988,-38.5508],[-69.3988,-38.5508],[-69.3988,-38.5509],[-69.3988,-38.5509],[-69.3988,-38.5509],[-69.3988,-38.5509],[-69.3988,-38.5509],[-69.3988,-38.5509],[-69.3988,-38.5509],[-69.3988,-38.5509],[-69.3988,-38.5509],[-69.3988,-38.5509],[-69.3988,-38.5509],[-69.3988,-38.551],[-69.3988,-38.551],[-69.3988,-38.551],[-69.3988,-38.551],[-69.3988,-38.551],[-69.3988,-38.551],[-69.3988,-38.551],[-69.3988,-38.551],[-69.3988,-38.551],[-69.3988,-38.551],[-69.3988,-38.551],[-69.3988,-38.5511],[-69.3988,-38.5511],[-69.3988,-38.5511],[-69.3988,-38.5511],[-69.3988,-38.5511],[-69.3988,-38.5511],[-69.3988,-38.5511],[-69.3988,-38.5511],[-69.3988,-38.5511],[-69.3988,-38.5511],[-69.3988,-38.5511],[-69.3988,-38.5511],[-69.3988,-38.5512],[-69.3988,-38.5512],[-69.3988,-38.5512],[-69.3988,-38.5512],[-69.3988,-38.5512],[-69.3988,-38.5512],[-69.3988,-38.5512],[-69.3988,-38.5512],[-69.3988,-38.5512],[-69.3988,-38.5512],[-69.3988,-38.5512],[-69.3988,-38.5513],[-69.3988,-38.5513],[-69.3988,-38.5513],[-69.3988,-38.5513],[-69.3988,-38.5513],[-69.3988,-38.5513],[-69.3988,-38.5513],[-69.3988,-38.5513],[-69.3988,-38.5513],[-69.3988,-38.5513],[-69.3988,-38.5513],[-69.3988,-38.5514],[-69.3988,-38.5514],[-69.3988,-38.5514],[-69.3988,-38.5514],[-69.3988,-38.5514],[-69.3988,-38.5514],[-69.3988,-38.5514],[-69.3988,-38.5514],[-69.3988,-38.5514],[-69.3988,-38.5514],[-69.3988,-38.5514],[-69.3988,-38.5515],[-69.3988,-38.5515],[-69.3988,-38.5515],[-69.3988,-38.5515],[-69.3988,-38.5515],[-69.3987,-38.5515],[-69.3987,-38.5515],[-69.3987,-38.5515],[-69.3987,-38.5515],[-69.3987,-38.5515],[-69.3987,-38.5515],[-69.3987,-38.5515],[-69.3987,-38.5516],[-69.3987,-38.5516],[-69.3987,-38.5516],[-69.3987,-38.5516],[-69.3987,-38.5516],[-69.3987,-38.5516],[-69.3987,-38.5516],[-69.3987,-38.5516],[-69.3987,-38.5516],[-69.3987,-38.5516],[-69.3987,-38.5516],[-69.3987,-38.5517],[-69.3987,-38.5517],[-69.3987,-38.5517],[-69.3987,-38.5517],[-69.3987,-38.5517],[-69.3987,-38.5517],[-69.3987,-38.5517],[-69.3987,-38.5517],[-69.3987,-38.5517],[-69.3987,-38.5517],[-69.3987,-38.5517],[-69.3987,-38.5518],[-69.3987,-38.5518],[-69.3987,-38.5518],[-69.3987,-38.5518],[-69.3987,-38.5518],[-69.3987,-38.5518],[-69.3987,-38.5518],[-69.3987,-38.5518],[-69.3987,-38.5518],[-69.3987,-38.5518],[-69.3987,-38.5518],[-69.3987,-38.5519],[-69.3987,-38.5519],[-69.3987,-38.5519],[-69.3987,-38.5519],[-69.3987,-38.5519],[-69.3987,-38.5519],[-69.3987,-38.5519],[-69.3987,-38.5519],[-69.3987,-38.5519],[-69.3987,-38.5519],[-69.3987,-38.5519],[-69.3987,-38.5519],[-69.3987,-38.552],[-69.3987,-38.552],[-69.3987,-38.552],[-69.3987,-38.552],[-69.3987,-38.552],[-69.3987,-38.552],[-69.3987,-38.552],[-69.3987,-38.552],[-69.3987,-38.552],[-69.3987,-38.552],[-69.3987,-38.552],[-69.3987,-38.5521],[-69.3987,-38.5521],[-69.3987,-38.5521],[-69.3987,-38.5521],[-69.3987,-38.5521],[-69.3987,-38.5521],[-69.3987,-38.5521],[-69.3987,-38.5521],[-69.3988,-38.5521],[-69.3988,-38.5521],[-69.3988,-38.5521],[-69.3988,-38.5521],[-69.3988,-38.5522],[-69.3988,-38.5522],[-69.3988,-38.5522],[-69.3988,-38.5522],[-69.3988,-38.5522],[-69.3988,-38.5522],[-69.3988,-38.5522],[-69.3988,-38.5522],[-69.3988,-38.5522],[-69.3988,-38.5522],[-69.3988,-38.5522],[-69.3988,-38.5523],[-69.3988,-38.5523],[-69.3988,-38.5523],[-69.3988,-38.5523],[-69.3988,-38.5523],[-69.3988,-38.5523],[-69.3988,-38.5523],[-69.3988,-38.5523],[-69.3988,-38.5523],[-69.3988,-38.5523],[-69.3988,-38.5523],[-69.3988,-38.5523],[-69.3988,-38.5524],[-69.3988,-38.5524],[-69.3988,-38.5524],[-69.3988,-38.5524],[-69.3988,-38.5524],[-69.3988,-38.5524],[-69.3988,-38.5524],[-69.3988,-38.5524],[-69.3988,-38.5524],[-69.3988,-38.5524],[-69.3988,-38.5524],[-69.3988,-38.5525],[-69.3988,-38.5525],[-69.3988,-38.5525],[-69.3988,-38.5525],[-69.3988,-38.5525],[-69.3988,-38.5525],[-69.3988,-38.5525],[-69.3988,-38.5525],[-69.3988,-38.5525],[-69.3988,-38.5525],[-69.3988,-38.5525],[-69.3988,-38.5526],[-69.3988,-38.5526],[-69.3988,-38.5526],[-69.3988,-38.5526],[-69.3989,-38.5526],[-69.3989,-38.5526],[-69.3989,-38.5526],[-69.3989,-38.5526],[-69.3989,-38.5526],[-69.3989,-38.5526],[-69.3989,-38.5526],[-69.3989,-38.5526],[-69.3989,-38.5527],[-69.3989,-38.5527],[-69.3989,-38.5527],[-69.3989,-38.5527],[-69.3989,-38.5527],[-69.3989,-38.5527],[-69.3989,-38.5527],[-69.3989,-38.5527],[-69.3989,-38.5527],[-69.3989,-38.5527],[-69.3989,-38.5527],[-69.3989,-38.5528],[-69.3989,-38.5528],[-69.3989,-38.5528],[-69.3989,-38.5528],[-69.3989,-38.5528],[-69.3989,-38.5528],[-69.3989,-38.5528],[-69.3989,-38.5528],[-69.3989,-38.5528],[-69.3989,-38.5528],[-69.3989,-38.5528],[-69.3989,-38.5528],[-69.3989,-38.5529],[-69.3989,-38.5529],[-69.3989,-38.5529],[-69.3989,-38.5529],[-69.3989,-38.5529],[-69.3989,-38.5529],[-69.3989,-38.5529],[-69.3989,-38.5529],[-69.3989,-38.5529],[-69.3989,-38.5529],[-69.3989,-38.5529],[-69.3989,-38.553],[-69.3989,-38.553],[-69.3989,-38.553],[-69.3989,-38.553],[-69.3989,-38.553],[-69.3989,-38.553],[-69.3989,-38.553],[-69.3989,-38.553],[-69.3989,-38.553],[-69.3989,-38.553],[-69.399,-38.553],[-69.399,-38.553],[-69.399,-38.5531],[-69.399,-38.5531],[-69.399,-38.5531],[-69.399,-38.5531],[-69.399,-38.5531],[-69.399,-38.5531],[-69.399,-38.5531],[-69.399,-38.5531],[-69.399,-38.5531],[-69.399,-38.5531],[-69.399,-38.5531],[-69.399,-38.5532],[-69.399,-38.5532],[-69.399,-38.5532],[-69.399,-38.5532],[-69.399,-38.5532],[-69.399,-38.5532],[-69.399,-38.5532],[-69.399,-38.5532],[-69.399,-38.5532],[-69.399,-38.5532],[-69.399,-38.5532],[-69.399,-38.5533],[-69.399,-38.5533],[-69.399,-38.5533],[-69.399,-38.5533],[-69.399,-38.5533],[-69.399,-38.5533],[-69.399,-38.5533],[-69.399,-38.5533],[-69.399,-38.5533],[-69.399,-38.5533],[-69.399,-38.5533],[-69.399,-38.5533],[-69.399,-38.5534],[-69.399,-38.5534],[-69.399,-38.5534],[-69.399,-38.5534],[-69.399,-38.5534],[-69.399,-38.5534],[-69.399,-38.5534],[-69.399,-38.5534],[-69.399,-38.5534],[-69.399,-38.5534],[-69.399,-38.5534],[-69.399,-38.5535],[-69.399,-38.5535],[-69.399,-38.5535],[-69.399,-38.5535],[-69.399,-38.5535],[-69.399,-38.5535],[-69.3991,-38.5535],[-69.3991,-38.5535],[-69.3991,-38.5535],[-69.3991,-38.5535],[-69.3991,-38.5535],[-69.3991,-38.5535],[-69.3991,-38.5536],[-69.3991,-38.5536],[-69.3991,-38.5536],[-69.3991,-38.5536],[-69.3991,-38.5536],[-69.3991,-38.5536],[-69.3991,-38.5536],[-69.3991,-38.5536],[-69.3991,-38.5536],[-69.3991,-38.5536],[-69.3991,-38.5536],[-69.3991,-38.5537],[-69.3991,-38.5537],[-69.3991,-38.5537],[-69.3991,-38.5537],[-69.3991,-38.5537],[-69.3991,-38.5537],[-69.3991,-38.5537],[-69.3991,-38.5537],[-69.3991,-38.5537],[-69.3991,-38.5537],[-69.3991,-38.5537],[-69.3991,-38.5537],[-69.3991,-38.5538],[-69.3991,-38.5538],[-69.3991,-38.5538],[-69.3991,-38.5538],[-69.3991,-38.5538],[-69.3991,-38.5538],[-69.3991,-38.5538],[-69.3991,-38.5538],[-69.3991,-38.5538],[-69.3991,-38.5538],[-69.3991,-38.5538],[-69.3991,-38.5539],[-69.3991,-38.5539],[-69.3991,-38.5539],[-69.3991,-38.5539],[-69.3991,-38.5539],[-69.3991,-38.5539],[-69.3991,-38.5539],[-69.3991,-38.5539],[-69.3991,-38.5539],[-69.3991,-38.5539],[-69.3991,-38.5539],[-69.3991,-38.554],[-69.3991,-38.554],[-69.3991,-38.554],[-69.3991,-38.554],[-69.3991,-38.554],[-69.3991,-38.554],[-69.3991,-38.554],[-69.3991,-38.554],[-69.3991,-38.554],[-69.3991,-38.554],[-69.3991,-38.554],[-69.3991,-38.5541],[-69.3991,-38.5541],[-69.3991,-38.5541],[-69.3991,-38.5541],[-69.3991,-38.5541],[-69.3991,-38.5541],[-69.3991,-38.5541],[-69.3991,-38.5541],[-69.3991,-38.5541],[-69.3991,-38.5541],[-69.3991,-38.5541],[-69.3991,-38.5541],[-69.3991,-38.5542],[-69.3991,-38.5542],[-69.3991,-38.5542],[-69.3991,-38.5542],[-69.3991,-38.5542],[-69.3991,-38.5542],[-69.3991,-38.5542],[-69.3991,-38.5542],[-69.3991,-38.5542],[-69.3991,-38.5542],[-69.3991,-38.5542],[-69.3991,-38.5543],[-69.3991,-38.5543],[-69.3991,-38.5543],[-69.3991,-38.5543],[-69.3991,-38.5543],[-69.3992,-38.5543],[-69.3992,-38.5543],[-69.3992,-38.5543],[-69.3992,-38.5543],[-69.3992,-38.5543],[-69.3992,-38.5543],[-69.3992,-38.5543],[-69.3992,-38.5544],[-69.3992,-38.5544],[-69.3992,-38.5544],[-69.3992,-38.5544],[-69.3992,-38.5544],[-69.3992,-38.5544],[-69.3992,-38.5544],[-69.3992,-38.5544],[-69.3992,-38.5544],[-69.3992,-38.5544],[-69.3992,-38.5544],[-69.3992,-38.5545],[-69.3992,-38.5545],[-69.3992,-38.5545],[-69.3992,-38.5545],[-69.3992,-38.5545],[-69.3992,-38.5545],[-69.3992,-38.5545],[-69.3992,-38.5545],[-69.3992,-38.5545],[-69.3992,-38.5545],[-69.3992,-38.5545],[-69.3992,-38.5545],[-69.3992,-38.5546],[-69.3992,-38.5546],[-69.3992,-38.5546],[-69.3992,-38.5546],[-69.3992,-38.5546],[-69.3992,-38.5546],[-69.3992,-38.5546],[-69.3992,-38.5546],[-69.3992,-38.5546],[-69.3992,-38.5546],[-69.3992,-38.5546],[-69.3992,-38.5546],[-69.3992,-38.5547],[-69.3993,-38.5547],[-69.3993,-38.5547],[-69.3993,-38.5547],[-69.3993,-38.5547],[-69.3993,-38.5547],[-69.3993,-38.5547],[-69.3993,-38.5547],[-69.3993,-38.5547],[-69.3993,-38.5547],[-69.3993,-38.5547],[-69.3993,-38.5548],[-69.3993,-38.5548],[-69.3993,-38.5548],[-69.3993,-38.5548],[-69.3993,-38.5548],[-69.3993,-38.5548],[-69.3993,-38.5548],[-69.3993,-38.5548],[-69.3993,-38.5548],[-69.3993,-38.5548],[-69.3993,-38.5548],[-69.3993,-38.5548],[-69.3993,-38.5549],[-69.3993,-38.5549],[-69.3993,-38.5549],[-69.3993,-38.5549],[-69.3993,-38.5549],[-69.3993,-38.5549],[-69.3993,-38.5549],[-69.3993,-38.5549],[-69.3993,-38.5549],[-69.3993,-38.5549],[-69.3993,-38.5549],[-69.3993,-38.555],[-69.3993,-38.555],[-69.3993,-38.555],[-69.3993,-38.555],[-69.3993,-38.555],[-69.3993,-38.555],[-69.3993,-38.555],[-69.3993,-38.555],[-69.3993,-38.555],[-69.3993,-38.555],[-69.3994,-38.555],[-69.3994,-38.555],[-69.3994,-38.5551],[-69.3994,-38.5551],[-69.3994,-38.5551],[-69.3994,-38.5551],[-69.3994,-38.5551],[-69.3994,-38.5551],[-69.3994,-38.5551],[-69.3994,-38.5551],[-69.3994,-38.5551],[-69.3994,-38.5551],[-69.3994,-38.5551],[-69.3994,-38.5552],[-69.3994,-38.5552],[-69.3994,-38.5552],[-69.3994,-38.5552],[-69.3994,-38.5552],[-69.3994,-38.5552],[-69.3994,-38.5552],[-69.3994,-38.5552],[-69.3994,-38.5552],[-69.3994,-38.5552],[-69.3994,-38.5552],[-69.3994,-38.5552],[-69.3994,-38.5553],[-69.3994,-38.5553],[-69.3994,-38.5553],[-69.3994,-38.5553],[-69.3994,-38.5553],[-69.3994,-38.5553],[-69.3994,-38.5553],[-69.3994,-38.5553],[-69.3994,-38.5553],[-69.3994,-38.5553],[-69.3994,-38.5553],[-69.3994,-38.5553],[-69.3994,-38.5554],[-69.3994,-38.5554],[-69.3994,-38.5554],[-69.3994,-38.5554],[-69.3994,-38.5554],[-69.3994,-38.5554],[-69.3995,-38.5554],[-69.3995,-38.5554],[-69.3995,-38.5554],[-69.3995,-38.5554],[-69.3995,-38.5554],[-69.3995,-38.5555],[-69.3995,-38.5555],[-69.3995,-38.5555],[-69.3995,-38.5555],[-69.3995,-38.5555],[-69.3995,-38.5555],[-69.3995,-38.5555],[-69.3995,-38.5555],[-69.3995,-38.5555],[-69.3995,-38.5555],[-69.3995,-38.5555],[-69.3995,-38.5555],[-69.3995,-38.5556],[-69.3995,-38.5556],[-69.3995,-38.5556],[-69.3995,-38.5556],[-69.3995,-38.5556],[-69.3995,-38.5556],[-69.3995,-38.5556],[-69.3995,-38.5556],[-69.3995,-38.5556],[-69.3995,-38.5556],[-69.3995,-38.5556],[-69.3995,-38.5557],[-69.3995,-38.5557],[-69.3995,-38.5557],[-69.3995,-38.5557],[-69.3995,-38.5557],[-69.3995,-38.5557],[-69.3995,-38.5557],[-69.3995,-38.5557],[-69.3995,-38.5557],[-69.3995,-38.5557],[-69.3995,-38.5557],[-69.3995,-38.5558],[-69.3995,-38.5558],[-69.3995,-38.5558],[-69.3995,-38.5558],[-69.3995,-38.5558],[-69.3995,-38.5558],[-69.3995,-38.5558],[-69.3995,-38.5558],[-69.3995,-38.5558],[-69.3995,-38.5558],[-69.3995,-38.5558],[-69.3995,-38.5559],[-69.3995,-38.5559],[-69.3995,-38.5559],[-69.3995,-38.5559],[-69.3995,-38.5559],[-69.3995,-38.5559],[-69.3995,-38.5559],[-69.3995,-38.5559],[-69.3995,-38.5559],[-69.3995,-38.5559],[-69.3995,-38.5559],[-69.3995,-38.556],[-69.3995,-38.556],[-69.3995,-38.556],[-69.3995,-38.556],[-69.3995,-38.556],[-69.3995,-38.556],[-69.3995,-38.556],[-69.3995,-38.556],[-69.3995,-38.556],[-69.3995,-38.556],[-69.3995,-38.556],[-69.3995,-38.556],[-69.3995,-38.5561],[-69.3995,-38.5561],[-69.3995,-38.5561],[-69.3995,-38.5561],[-69.3995,-38.5561],[-69.3995,-38.5561],[-69.3995,-38.5561],[-69.3995,-38.5561],[-69.3995,-38.5561],[-69.3995,-38.5561],[-69.3995,-38.5561],[-69.3995,-38.5562],[-69.3995,-38.5562],[-69.3995,-38.5562],[-69.3995,-38.5562],[-69.3995,-38.5562],[-69.3995,-38.5562],[-69.3995,-38.5562],[-69.3995,-38.5562],[-69.3995,-38.5562],[-69.3995,-38.5562],[-69.3995,-38.5562],[-69.3995,-38.5563],[-69.3995,-38.5563],[-69.3995,-38.5563],[-69.3995,-38.5563],[-69.3995,-38.5563],[-69.3995,-38.5563],[-69.3995,-38.5563],[-69.3995,-38.5563],[-69.3995,-38.5563],[-69.3995,-38.5563],[-69.3995,-38.5563],[-69.3995,-38.5564],[-69.3995,-38.5564],[-69.3995,-38.5564],[-69.3995,-38.5564],[-69.3995,-38.5564],[-69.3995,-38.5564],[-69.3995,-38.5564],[-69.3995,-38.5564],[-69.3995,-38.5564],[-69.3995,-38.5564],[-69.3995,-38.5564],[-69.3995,-38.5565],[-69.3995,-38.5565],[-69.3995,-38.5565],[-69.3995,-38.5565],[-69.3995,-38.5565],[-69.3995,-38.5565],[-69.3995,-38.5565],[-69.3995,-38.5565],[-69.3995,-38.5565],[-69.3995,-38.5565],[-69.3995,-38.5565],[-69.3995,-38.5565],[-69.3995,-38.5566],[-69.3995,-38.5566],[-69.3995,-38.5566],[-69.3995,-38.5566],[-69.3995,-38.5566],[-69.3995,-38.5566],[-69.3995,-38.5566],[-69.3995,-38.5566],[-69.3995,-38.5566],[-69.3995,-38.5566],[-69.3995,-38.5566],[-69.3995,-38.5567],[-69.3995,-38.5567],[-69.3995,-38.5567],[-69.3995,-38.5567],[-69.3995,-38.5567],[-69.3995,-38.5567],[-69.3995,-38.5567],[-69.3995,-38.5567],[-69.3995,-38.5567],[-69.3995,-38.5567],[-69.3995,-38.5567],[-69.3995,-38.5568],[-69.3995,-38.5568],[-69.3995,-38.5568],[-69.3995,-38.5568],[-69.3995,-38.5568],[-69.3995,-38.5568],[-69.3995,-38.5568],[-69.3995,-38.5568],[-69.3995,-38.5568],[-69.3995,-38.5568],[-69.3995,-38.5568],[-69.3995,-38.5568],[-69.3995,-38.5569],[-69.3995,-38.5569],[-69.3995,-38.5569],[-69.3995,-38.5569],[-69.3995,-38.5569],[-69.3995,-38.5569],[-69.3995,-38.5569],[-69.3995,-38.5569],[-69.3995,-38.5569],[-69.3995,-38.5569],[-69.3995,-38.5569],[-69.3995,-38.557],[-69.3995,-38.557],[-69.3995,-38.557],[-69.3995,-38.557],[-69.3995,-38.557],[-69.3995,-38.557],[-69.3994,-38.557],[-69.3994,-38.557],[-69.3994,-38.557],[-69.3994,-38.557],[-69.3994,-38.557],[-69.3994,-38.557],[-69.3994,-38.557],[-69.3994,-38.557],[-69.3994,-38.5571],[-69.3994,-38.5571],[-69.3994,-38.5571],[-69.3994,-38.5571],[-69.3994,-38.5571],[-69.3994,-38.5571],[-69.3994,-38.5571],[-69.3994,-38.5571],[-69.3994,-38.5571],[-69.3994,-38.5571],[-69.3993,-38.5571],[-69.3993,-38.5571],[-69.3993,-38.5571],[-69.3993,-38.5571],[-69.3993,-38.5572],[-69.3993,-38.5572],[-69.3993,-38.5572],[-69.3993,-38.5572],[-69.3993,-38.5572],[-69.3993,-38.5572],[-69.3993,-38.5572],[-69.3993,-38.5572],[-69.3993,-38.5572],[-69.3993,-38.5572],[-69.3993,-38.5572],[-69.3993,-38.5572],[-69.3993,-38.5572],[-69.3993,-38.5572],[-69.3992,-38.5572],[-69.3992,-38.5573],[-69.3992,-38.5573],[-69.3992,-38.5573],[-69.3992,-38.5573],[-69.3992,-38.5573],[-69.3992,-38.5573],[-69.3992,-38.5573],[-69.3992,-38.5573],[-69.3992,-38.5573],[-69.3992,-38.5573],[-69.3992,-38.5573],[-69.3992,-38.5573],[-69.3992,-38.5573],[-69.3992,-38.5573],[-69.3992,-38.5574],[-69.3992,-38.5574],[-69.3992,-38.5574],[-69.3992,-38.5574],[-69.3991,-38.5574],[-69.3991,-38.5574],[-69.3991,-38.5574],[-69.3991,-38.5574],[-69.3991,-38.5574],[-69.3991,-38.5574],[-69.3991,-38.5574],[-69.3991,-38.5574],[-69.3991,-38.5574],[-69.3991,-38.5574],[-69.3991,-38.5575],[-69.3991,-38.5575],[-69.3991,-38.5575],[-69.3991,-38.5575],[-69.3991,-38.5575],[-69.3991,-38.5575],[-69.3991,-38.5575],[-69.3991,-38.5575],[-69.3991,-38.5575],[-69.399,-38.5575],[-69.399,-38.5575],[-69.399,-38.5575],[-69.399,-38.5575],[-69.399,-38.5575],[-69.399,-38.5576],[-69.399,-38.5576],[-69.399,-38.5576],[-69.399,-38.5576],[-69.399,-38.5576],[-69.399,-38.5576],[-69.399,-38.5576],[-69.399,-38.5576],[-69.399,-38.5576],[-69.399,-38.5576],[-69.399,-38.5576],[-69.399,-38.5576],[-69.399,-38.5576],[-69.399,-38.5576],[-69.3989,-38.5577],[-69.3989,-38.5577],[-69.3989,-38.5577],[-69.3989,-38.5577],[-69.3989,-38.5577],[-69.3989,-38.5577],[-69.3989,-38.5577],[-69.3989,-38.5577],[-69.3989,-38.5577],[-69.3989,-38.5577],[-69.3989,-38.5577],[-69.3989,-38.5577],[-69.3989,-38.5577],[-69.3989,-38.5577],[-69.3989,-38.5578],[-69.3989,-38.5578],[-69.3989,-38.5578],[-69.3989,-38.5578],[-69.3989,-38.5578],[-69.3988,-38.5578],[-69.3988,-38.5578],[-69.3988,-38.5578],[-69.3988,-38.5578],[-69.3988,-38.5578],[-69.3988,-38.5578],[-69.3988,-38.5578],[-69.3988,-38.5578],[-69.3988,-38.5578],[-69.3988,-38.5579],[-69.3988,-38.5579],[-69.3988,-38.5579],[-69.3988,-38.5579],[-69.3988,-38.5579],[-69.3988,-38.5579],[-69.3988,-38.5579],[-69.3988,-38.5579],[-69.3988,-38.5579],[-69.3988,-38.5579],[-69.3987,-38.5579],[-69.3987,-38.5579],[-69.3987,-38.5579],[-69.3987,-38.5579],[-69.3987,-38.558],[-69.3987,-38.558],[-69.3987,-38.558],[-69.3987,-38.558],[-69.3987,-38.558],[-69.3987,-38.558],[-69.3987,-38.558],[-69.3987,-38.558],[-69.3987,-38.558],[-69.3987,-38.558],[-69.3987,-38.558],[-69.3987,-38.558],[-69.3987,-38.558],[-69.3986,-38.558],[-69.3986,-38.5581],[-69.3986,-38.5581],[-69.3986,-38.5581],[-69.3986,-38.5581],[-69.3986,-38.5581],[-69.3986,-38.5581],[-69.3986,-38.5581],[-69.3986,-38.5581],[-69.3986,-38.5581],[-69.3986,-38.5581],[-69.3986,-38.5581],[-69.3986,-38.5581],[-69.3986,-38.5581],[-69.3986,-38.5581],[-69.3986,-38.5582],[-69.3986,-38.5582],[-69.3986,-38.5582],[-69.3985,-38.5582],[-69.3985,-38.5582],[-69.3985,-38.5582],[-69.3985,-38.5582],[-69.3985,-38.5582],[-69.3985,-38.5582],[-69.3985,-38.5582],[-69.3985,-38.5582],[-69.3985,-38.5582],[-69.3985,-38.5582],[-69.3985,-38.5582],[-69.3985,-38.5582],[-69.3985,-38.5583],[-69.3985,-38.5583],[-69.3985,-38.5583],[-69.3985,-38.5583],[-69.3985,-38.5583],[-69.3985,-38.5583],[-69.3984,-38.5583],[-69.3984,-38.5583],[-69.3984,-38.5583],[-69.3984,-38.5583],[-69.3984,-38.5583],[-69.3984,-38.5583],[-69.3984,-38.5583],[-69.3984,-38.5583],[-69.3984,-38.5584],[-69.3984,-38.5584],[-69.3984,-38.5584],[-69.3984,-38.5584],[-69.3984,-38.5584],[-69.3984,-38.5584],[-69.3984,-38.5584],[-69.3984,-38.5584],[-69.3984,-38.5584],[-69.3984,-38.5584],[-69.3983,-38.5584],[-69.3983,-38.5584],[-69.3983,-38.5584],[-69.3983,-38.5584],[-69.3983,-38.5585],[-69.3983,-38.5585],[-69.3983,-38.5585],[-69.3983,-38.5585],[-69.3983,-38.5585],[-69.3983,-38.5585],[-69.3983,-38.5585],[-69.3983,-38.5585],[-69.3983,-38.5585],[-69.3983,-38.5585],[-69.3983,-38.5585],[-69.3983,-38.5585],[-69.3983,-38.5585],[-69.3983,-38.5585],[-69.3983,-38.5586],[-69.3982,-38.5586],[-69.3982,-38.5586],[-69.3982,-38.5586],[-69.3982,-38.5586],[-69.3982,-38.5586],[-69.3982,-38.5586],[-69.3982,-38.5586],[-69.3982,-38.5586],[-69.3982,-38.5586],[-69.3982,-38.5586],[-69.3982,-38.5586],[-69.3982,-38.5586],[-69.3982,-38.5587],[-69.3982,-38.5587],[-69.3982,-38.5587],[-69.3982,-38.5587],[-69.3982,-38.5587],[-69.3982,-38.5587],[-69.3982,-38.5587],[-69.3982,-38.5587],[-69.3981,-38.5587],[-69.3981,-38.5587],[-69.3981,-38.5587],[-69.3981,-38.5587],[-69.3981,-38.5587],[-69.3981,-38.5587],[-69.3981,-38.5588],[-69.3981,-38.5588],[-69.3981,-38.5588],[-69.3981,-38.5588],[-69.3981,-38.5588],[-69.3981,-38.5588],[-69.3981,-38.5588],[-69.3981,-38.5588],[-69.3981,-38.5588],[-69.3981,-38.5588],[-69.3981,-38.5588],[-69.3981,-38.5588],[-69.3981,-38.5588],[-69.3981,-38.5589],[-69.398,-38.5589],[-69.398,-38.5589],[-69.398,-38.5589],[-69.398,-38.5589],[-69.398,-38.5589],[-69.398,-38.5589],[-69.398,-38.5589],[-69.398,-38.5589],[-69.398,-38.5589],[-69.398,-38.5589],[-69.398,-38.5589],[-69.398,-38.5589],[-69.398,-38.5589],[-69.398,-38.559],[-69.398,-38.559],[-69.398,-38.559],[-69.398,-38.559],[-69.398,-38.559],[-69.398,-38.559],[-69.398,-38.559],[-69.3979,-38.559],[-69.3979,-38.559],[-69.3979,-38.559],[-69.3979,-38.559],[-69.3979,-38.559],[-69.3979,-38.559],[-69.3979,-38.5591],[-69.3979,-38.5591],[-69.3979,-38.5591],[-69.3979,-38.5591],[-69.3979,-38.5591],[-69.3979,-38.5591],[-69.3979,-38.5591],[-69.3979,-38.5591],[-69.3979,-38.5591],[-69.3979,-38.5591],[-69.3979,-38.5591],[-69.3979,-38.5591],[-69.3979,-38.5591],[-69.3979,-38.5591],[-69.3978,-38.5592],[-69.3978,-38.5592],[-69.3978,-38.5592],[-69.3978,-38.5592],[-69.3978,-38.5592],[-69.3978,-38.5592],[-69.3978,-38.5592],[-69.3978,-38.5592],[-69.3978,-38.5592],[-69.3978,-38.5592],[-69.3978,-38.5592],[-69.3978,-38.5592],[-69.3978,-38.5592],[-69.3978,-38.5593],[-69.3978,-38.5593],[-69.3978,-38.5593],[-69.3978,-38.5593],[-69.3978,-38.5593],[-69.3978,-38.5593],[-69.3977,-38.5593],[-69.3977,-38.5593],[-69.3977,-38.5593],[-69.3977,-38.5593],[-69.3977,-38.5593],[-69.3977,-38.5593],[-69.3977,-38.5593],[-69.3977,-38.5593],[-69.3977,-38.5594],[-69.3977,-38.5594],[-69.3977,-38.5594],[-69.3977,-38.5594],[-69.3977,-38.5594],[-69.3977,-38.5594],[-69.3977,-38.5594],[-69.3977,-38.5594],[-69.3977,-38.5594],[-69.3977,-38.5594],[-69.3977,-38.5594],[-69.3977,-38.5594],[-69.3976,-38.5594],[-69.3976,-38.5594],[-69.3976,-38.5595],[-69.3976,-38.5595],[-69.3976,-38.5595],[-69.3976,-38.5595],[-69.3976,-38.5595],[-69.3976,-38.5595],[-69.3976,-38.5595],[-69.3976,-38.5595],[-69.3976,-38.5595],[-69.3976,-38.5595],[-69.3976,-38.5595],[-69.3976,-38.5595],[-69.3976,-38.5595],[-69.3976,-38.5596],[-69.3976,-38.5596],[-69.3976,-38.5596],[-69.3976,-38.5596],[-69.3976,-38.5596],[-69.3975,-38.5596],[-69.3975,-38.5596],[-69.3975,-38.5596],[-69.3975,-38.5596],[-69.3975,-38.5596],[-69.3975,-38.5596],[-69.3975,-38.5596],[-69.3975,-38.5596],[-69.3975,-38.5596],[-69.3975,-38.5597],[-69.3975,-38.5597],[-69.3975,-38.5597],[-69.3975,-38.5597],[-69.3975,-38.5597],[-69.3975,-38.5597],[-69.3975,-38.5597],[-69.3975,-38.5597],[-69.3975,-38.5597],[-69.3975,-38.5597],[-69.3974,-38.5597],[-69.3974,-38.5597],[-69.3974,-38.5597],[-69.3974,-38.5597],[-69.3974,-38.5598],[-69.3974,-38.5598],[-69.3974,-38.5598],[-69.3974,-38.5598],[-69.3974,-38.5598],[-69.3974,-38.5598],[-69.3974,-38.5598],[-69.3974,-38.5598],[-69.3974,-38.5598],[-69.3974,-38.5598],[-69.3974,-38.5598],[-69.3974,-38.5598],[-69.3974,-38.5598],[-69.3974,-38.5599],[-69.3974,-38.5599],[-69.3974,-38.5599],[-69.3973,-38.5599],[-69.3973,-38.5599],[-69.3973,-38.5599],[-69.3973,-38.5599],[-69.3973,-38.5599],[-69.3973,-38.5599],[-69.3973,-38.5599],[-69.3973,-38.5599],[-69.3973,-38.5599],[-69.3973,-38.5599],[-69.3973,-38.5599],[-69.3973,-38.56],[-69.3973,-38.56],[-69.3973,-38.56],[-69.3973,-38.56],[-69.3973,-38.56],[-69.3973,-38.56],[-69.3973,-38.56],[-69.3973,-38.56],[-69.3972,-38.56],[-69.3972,-38.56],[-69.3972,-38.56],[-69.3972,-38.56],[-69.3972,-38.56],[-69.3972,-38.56],[-69.3972,-38.56],[-69.3972,-38.5601],[-69.3972,-38.5601],[-69.3972,-38.5601],[-69.3972,-38.5601],[-69.3972,-38.5601],[-69.3972,-38.5601],[-69.3972,-38.5601],[-69.3972,-38.5601],[-69.3971,-38.5601],[-69.3971,-38.5601],[-69.3971,-38.5601],[-69.3971,-38.5601],[-69.3971,-38.5601],[-69.3971,-38.5601],[-69.3971,-38.5601],[-69.3971,-38.5601],[-69.3971,-38.5601],[-69.3971,-38.5601],[-69.3971,-38.5602],[-69.3971,-38.5602],[-69.3971,-38.5602],[-69.3971,-38.5602],[-69.397,-38.5602],[-69.397,-38.5602],[-69.397,-38.5602],[-69.397,-38.5602],[-69.397,-38.5602],[-69.397,-38.5602],[-69.397,-38.5602],[-69.397,-38.5602],[-69.397,-38.5602],[-69.397,-38.5602],[-69.397,-38.5602],[-69.397,-38.5602],[-69.397,-38.5602],[-69.397,-38.5602],[-69.3969,-38.5603],[-69.3969,-38.5603],[-69.3969,-38.5603],[-69.3969,-38.5603],[-69.3969,-38.5603],[-69.3969,-38.5603],[-69.3969,-38.5603],[-69.3969,-38.5603],[-69.3969,-38.5603],[-69.3969,-38.5603],[-69.3969,-38.5603],[-69.3969,-38.5603],[-69.3969,-38.5603],[-69.3969,-38.5603],[-69.3968,-38.5603],[-69.3968,-38.5603],[-69.3968,-38.5603],[-69.3968,-38.5603],[-69.3968,-38.5604],[-69.3968,-38.5604],[-69.3968,-38.5604],[-69.3968,-38.5604],[-69.3968,-38.5604],[-69.3968,-38.5604],[-69.3968,-38.5604],[-69.3968,-38.5604],[-69.3968,-38.5604],[-69.3968,-38.5604],[-69.3967,-38.5604],[-69.3967,-38.5604],[-69.3967,-38.5604],[-69.3967,-38.5604],[-69.3967,-38.5604],[-69.3967,-38.5604],[-69.3967,-38.5604],[-69.3967,-38.5604],[-69.3967,-38.5605],[-69.3967,-38.5605],[-69.3967,-38.5605],[-69.3967,-38.5605],[-69.3967,-38.5605],[-69.3967,-38.5605],[-69.3967,-38.5605],[-69.3966,-38.5605],[-69.3966,-38.5605],[-69.3966,-38.5605],[-69.3966,-38.5605],[-69.3966,-38.5605],[-69.3966,-38.5605],[-69.3966,-38.5605],[-69.3966,-38.5605],[-69.3966,-38.5605],[-69.3966,-38.5605],[-69.3966,-38.5605],[-69.3966,-38.5606],[-69.3966,-38.5606],[-69.3966,-38.5606],[-69.3965,-38.5606],[-69.3965,-38.5606],[-69.3965,-38.5606],[-69.3965,-38.5606],[-69.3965,-38.5606],[-69.3965,-38.5606],[-69.3965,-38.5606],[-69.3965,-38.5606],[-69.3965,-38.5606],[-69.3965,-38.5606],[-69.3965,-38.5606],[-69.3965,-38.5606],[-69.3965,-38.5606],[-69.3965,-38.5606],[-69.3964,-38.5606],[-69.3964,-38.5606],[-69.3964,-38.5607],[-69.3964,-38.5607],[-69.3964,-38.5607],[-69.3964,-38.5607],[-69.3964,-38.5607],[-69.3964,-38.5607],[-69.3964,-38.5607],[-69.3964,-38.5607],[-69.3964,-38.5607],[-69.3964,-38.5607],[-69.3964,-38.5607],[-69.3963,-38.5607],[-69.3963,-38.5607],[-69.3963,-38.5607],[-69.3963,-38.5607],[-69.3963,-38.5607],[-69.3963,-38.5607],[-69.3963,-38.5607],[-69.3963,-38.5607],[-69.3963,-38.5608],[-69.3963,-38.5608],[-69.3963,-38.5608],[-69.3963,-38.5608],[-69.3963,-38.5608],[-69.3963,-38.5608],[-69.3962,-38.5608],[-69.3962,-38.5608],[-69.3962,-38.5608],[-69.3962,-38.5608],[-69.3962,-38.5608],[-69.3962,-38.5608],[-69.3962,-38.5608],[-69.3962,-38.5608],[-69.3962,-38.5608],[-69.3962,-38.5608],[-69.3962,-38.5608],[-69.3962,-38.5608],[-69.3962,-38.5608],[-69.3962,-38.5609],[-69.3961,-38.5609],[-69.3961,-38.5609],[-69.3961,-38.5609],[-69.3961,-38.5609],[-69.3961,-38.5609],[-69.3961,-38.5609],[-69.3961,-38.5609],[-69.3961,-38.5609],[-69.3961,-38.5609],[-69.3961,-38.5609],[-69.3961,-38.5609],[-69.3961,-38.5609],[-69.3961,-38.5609],[-69.3961,-38.5609],[-69.396,-38.5609],[-69.396,-38.5609],[-69.396,-38.5609],[-69.396,-38.5609],[-69.396,-38.561],[-69.396,-38.561],[-69.396,-38.561],[-69.396,-38.561],[-69.396,-38.561],[-69.396,-38.561],[-69.396,-38.561],[-69.396,-38.561],[-69.396,-38.561],[-69.3959,-38.561],[-69.3959,-38.561],[-69.3959,-38.561],[-69.3959,-38.561],[-69.3959,-38.561],[-69.3959,-38.561],[-69.3959,-38.561],[-69.3959,-38.561],[-69.3959,-38.561],[-69.3959,-38.561],[-69.3959,-38.561],[-69.3959,-38.561],[-69.3959,-38.561],[-69.3958,-38.5611],[-69.3958,-38.5611],[-69.3958,-38.5611],[-69.3958,-38.5611],[-69.3958,-38.5611],[-69.3958,-38.5611],[-69.3958,-38.5611],[-69.3958,-38.5611],[-69.3958,-38.5611],[-69.3958,-38.5611],[-69.3958,-38.5611],[-69.3958,-38.5611],[-69.3957,-38.5611],[-69.3957,-38.5611],[-69.3957,-38.5611],[-69.3957,-38.5611],[-69.3957,-38.5611],[-69.3957,-38.5611],[-69.3957,-38.5611],[-69.3957,-38.5611],[-69.3957,-38.5611],[-69.3957,-38.5611],[-69.3957,-38.5611],[-69.3957,-38.5611],[-69.3956,-38.5611],[-69.3956,-38.5611],[-69.3956,-38.5611],[-69.3956,-38.5611],[-69.3956,-38.5612],[-69.3956,-38.5612],[-69.3956,-38.5612],[-69.3956,-38.5612],[-69.3956,-38.5612],[-69.3956,-38.5612],[-69.3956,-38.5612],[-69.3956,-38.5612],[-69.3955,-38.5612],[-69.3955,-38.5612],[-69.3955,-38.5612],[-69.3955,-38.5612],[-69.3955,-38.5612],[-69.3955,-38.5612],[-69.3955,-38.5612],[-69.3955,-38.5612],[-69.3955,-38.5612],[-69.3955,-38.5612],[-69.3955,-38.5612],[-69.3955,-38.5612],[-69.3955,-38.5612],[-69.3954,-38.5612],[-69.3954,-38.5612],[-69.3954,-38.5612],[-69.3954,-38.5612],[-69.3954,-38.5612],[-69.3954,-38.5612],[-69.3954,-38.5612],[-69.3954,-38.5612],[-69.3954,-38.5613],[-69.3954,-38.5613],[-69.3954,-38.5613],[-69.3954,-38.5613],[-69.3953,-38.5613],[-69.3953,-38.5613],[-69.3953,-38.5613],[-69.3953,-38.5613],[-69.3953,-38.5613],[-69.3953,-38.5613],[-69.3953,-38.5613],[-69.3953,-38.5613],[-69.3953,-38.5613],[-69.3953,-38.5613],[-69.3953,-38.5613],[-69.3953,-38.5613],[-69.3952,-38.5613],[-69.3952,-38.5613],[-69.3952,-38.5613],[-69.3952,-38.5613],[-69.3952,-38.5613],[-69.3952,-38.5613],[-69.3952,-38.5613],[-69.3952,-38.5613],[-69.3952,-38.5613],[-69.3952,-38.5613],[-69.3952,-38.5613],[-69.3952,-38.5613],[-69.3951,-38.5614],[-69.3951,-38.5614],[-69.3951,-38.5614],[-69.3951,-38.5614],[-69.3951,-38.5614],[-69.3951,-38.5614],[-69.3951,-38.5614],[-69.3951,-38.5614],[-69.3951,-38.5614],[-69.3951,-38.5614],[-69.3951,-38.5614],[-69.3951,-38.5614],[-69.395,-38.5614],[-69.395,-38.5614],[-69.395,-38.5614],[-69.395,-38.5614],[-69.395,-38.5614],[-69.395,-38.5614],[-69.395,-38.5614],[-69.395,-38.5614],[-69.395,-38.5614],[-69.395,-38.5614],[-69.395,-38.5614],[-69.395,-38.5614],[-69.3949,-38.5614],[-69.3949,-38.5614],[-69.3949,-38.5614],[-69.3949,-38.5614],[-69.3949,-38.5614],[-69.3949,-38.5614],[-69.3949,-38.5614],[-69.3949,-38.5615],[-69.3949,-38.5615],[-69.3949,-38.5615],[-69.3949,-38.5615],[-69.3949,-38.5615],[-69.3948,-38.5615],[-69.3948,-38.5615],[-69.3948,-38.5615],[-69.3948,-38.5615],[-69.3948,-38.5615],[-69.3948,-38.5615],[-69.3948,-38.5615],[-69.3948,-38.5615],[-69.3948,-38.5615],[-69.3948,-38.5615],[-69.3948,-38.5615],[-69.3948,-38.5615],[-69.3947,-38.5615],[-69.3947,-38.5615],[-69.3947,-38.5615],[-69.3947,-38.5615],[-69.3947,-38.5615],[-69.3947,-38.5615],[-69.3947,-38.5615],[-69.3947,-38.5615],[-69.3947,-38.5615],[-69.3947,-38.5615],[-69.3947,-38.5615],[-69.3947,-38.5615],[-69.3947,-38.5615],[-69.3946,-38.5616],[-69.3946,-38.5616],[-69.3946,-38.5616],[-69.3946,-38.5616],[-69.3946,-38.5616],[-69.3946,-38.5616],[-69.3946,-38.5616],[-69.3946,-38.5616],[-69.3946,-38.5616],[-69.3946,-38.5616],[-69.3946,-38.5616],[-69.3946,-38.5616],[-69.3945,-38.5616],[-69.3945,-38.5616],[-69.3945,-38.5616],[-69.3945,-38.5616],[-69.3945,-38.5616],[-69.3945,-38.5616],[-69.3945,-38.5616],[-69.3945,-38.5616],[-69.3945,-38.5616],[-69.3945,-38.5616],[-69.3945,-38.5616],[-69.3945,-38.5616],[-69.3944,-38.5616],[-69.3944,-38.5616],[-69.3944,-38.5616],[-69.3944,-38.5616],[-69.3944,-38.5616],[-69.3944,-38.5616],[-69.3944,-38.5617],[-69.3944,-38.5617],[-69.3944,-38.5617],[-69.3944,-38.5617],[-69.3944,-38.5617],[-69.3944,-38.5617],[-69.3943,-38.5617],[-69.3943,-38.5617],[-69.3943,-38.5617],[-69.3943,-38.5617],[-69.3943,-38.5617],[-69.3943,-38.5617],[-69.3943,-38.5617],[-69.3943,-38.5617],[-69.3943,-38.5617],[-69.3943,-38.5617],[-69.3943,-38.5617],[-69.3943,-38.5617],[-69.3942,-38.5617],[-69.3942,-38.5617],[-69.3942,-38.5617],[-69.3942,-38.5617],[-69.3942,-38.5617],[-69.3942,-38.5617],[-69.3942,-38.5618],[-69.3942,-38.5618],[-69.3942,-38.5618],[-69.3942,-38.5618],[-69.3942,-38.5618],[-69.3942,-38.5618],[-69.3942,-38.5618],[-69.3942,-38.5618],[-69.3941,-38.5618],[-69.3941,-38.5618],[-69.3941,-38.5618],[-69.3941,-38.5618],[-69.3941,-38.5618],[-69.3941,-38.5618],[-69.3941,-38.5618],[-69.3941,-38.5618],[-69.3941,-38.5618],[-69.3941,-38.5618],[-69.3941,-38.5618],[-69.3941,-38.5619],[-69.3941,-38.5619],[-69.3941,-38.5619],[-69.394,-38.5619],[-69.394,-38.5619],[-69.394,-38.5619],[-69.394,-38.5619],[-69.394,-38.5619],[-69.394,-38.5619],[-69.394,-38.5619],[-69.394,-38.5619],[-69.394,-38.5619],[-69.394,-38.5619],[-69.394,-38.5619],[-69.394,-38.5619],[-69.394,-38.5619],[-69.394,-38.5619],[-69.3939,-38.5619],[-69.3939,-38.5619],[-69.3939,-38.562],[-69.3939,-38.562],[-69.3939,-38.562],[-69.3939,-38.562],[-69.3939,-38.562],[-69.3939,-38.562],[-69.3939,-38.562],[-69.3939,-38.562],[-69.3939,-38.562],[-69.3939,-38.562],[-69.3939,-38.562],[-69.3938,-38.562],[-69.3938,-38.562],[-69.3938,-38.562],[-69.3938,-38.562],[-69.3938,-38.562],[-69.3938,-38.562],[-69.3938,-38.562],[-69.3938,-38.562],[-69.3938,-38.5621],[-69.3938,-38.5621],[-69.3938,-38.5621],[-69.3938,-38.5621],[-69.3938,-38.5621],[-69.3938,-38.5621],[-69.3937,-38.5621],[-69.3937,-38.5621],[-69.3937,-38.5621],[-69.3937,-38.5621],[-69.3937,-38.5621],[-69.3937,-38.5621],[-69.3937,-38.5621],[-69.3937,-38.5621],[-69.3937,-38.5621],[-69.3937,-38.5621],[-69.3937,-38.5621],[-69.3937,-38.5621],[-69.3937,-38.5621],[-69.3937,-38.5622],[-69.3936,-38.5622],[-69.3936,-38.5622],[-69.3936,-38.5622],[-69.3936,-38.5622],[-69.3936,-38.5622],[-69.3936,-38.5622],[-69.3936,-38.5622],[-69.3936,-38.5622],[-69.3936,-38.5622],[-69.3936,-38.5622],[-69.3936,-38.5622],[-69.3936,-38.5622],[-69.3936,-38.5622],[-69.3936,-38.5622],[-69.3935,-38.5622],[-69.3935,-38.5622],[-69.3935,-38.5622],[-69.3935,-38.5623],[-69.3935,-38.5623],[-69.3935,-38.5623],[-69.3935,-38.5623],[-69.3935,-38.5623],[-69.3935,-38.5623],[-69.3935,-38.5623],[-69.3935,-38.5623],[-69.3935,-38.5623],[-69.3935,-38.5623],[-69.3935,-38.5623],[-69.3935,-38.5623],[-69.3935,-38.5623],[-69.3935,-38.5623],[-69.3934,-38.5623],[-69.3934,-38.5624],[-69.3934,-38.5624],[-69.3934,-38.5624],[-69.3934,-38.5624],[-69.3934,-38.5624],[-69.3934,-38.5624],[-69.3934,-38.5624],[-69.3934,-38.5624],[-69.3934,-38.5624],[-69.3934,-38.5624],[-69.3934,-38.5624],[-69.3934,-38.5624],[-69.3934,-38.5624],[-69.3934,-38.5624],[-69.3934,-38.5625],[-69.3934,-38.5625],[-69.3934,-38.5625],[-69.3933,-38.5625],[-69.3933,-38.5625],[-69.3933,-38.5625],[-69.3933,-38.5625],[-69.3933,-38.5625],[-69.3933,-38.5625],[-69.3933,-38.5625],[-69.3933,-38.5625],[-69.3933,-38.5625],[-69.3933,-38.5625],[-69.3933,-38.5625],[-69.3933,-38.5625],[-69.3933,-38.5626],[-69.3933,-38.5626],[-69.3933,-38.5626],[-69.3933,-38.5626],[-69.3933,-38.5626],[-69.3932,-38.5626],[-69.3932,-38.5626],[-69.3932,-38.5626],[-69.3932,-38.5626],[-69.3932,-38.5626],[-69.3932,-38.5626],[-69.3932,-38.5626],[-69.3932,-38.5626],[-69.3932,-38.5626],[-69.3932,-38.5626],[-69.3932,-38.5627],[-69.3932,-38.5627],[-69.3932,-38.5627],[-69.3932,-38.5627],[-69.3932,-38.5627],[-69.3932,-38.5627],[-69.3932,-38.5627],[-69.3932,-38.5627],[-69.3931,-38.5627],[-69.3931,-38.5627],[-69.3931,-38.5627],[-69.3931,-38.5627],[-69.3931,-38.5627],[-69.3931,-38.5627],[-69.3931,-38.5628],[-69.3931,-38.5628],[-69.3931,-38.5628],[-69.3931,-38.5628],[-69.3931,-38.5628],[-69.3931,-38.5628],[-69.3931,-38.5628],[-69.3931,-38.5628],[-69.3931,-38.5628],[-69.3931,-38.5628],[-69.3931,-38.5628],[-69.3931,-38.5628],[-69.393,-38.5628],[-69.393,-38.5628],[-69.393,-38.5628],[-69.393,-38.5629],[-69.393,-38.5629],[-69.393,-38.5629],[-69.393,-38.5629],[-69.393,-38.5629],[-69.393,-38.5629],[-69.393,-38.5629],[-69.393,-38.5629],[-69.393,-38.5629],[-69.393,-38.5629],[-69.393,-38.5629],[-69.393,-38.5629],[-69.393,-38.5629],[-69.393,-38.5629],[-69.393,-38.563],[-69.3929,-38.563],[-69.3929,-38.563],[-69.3929,-38.563],[-69.3929,-38.563],[-69.3929,-38.563],[-69.3929,-38.563],[-69.3929,-38.563],[-69.3929,-38.563],[-69.3929,-38.563],[-69.3929,-38.563],[-69.3929,-38.563],[-69.3929,-38.563],[-69.3929,-38.563],[-69.3929,-38.5631],[-69.3929,-38.5631],[-69.3929,-38.5631],[-69.3929,-38.5631],[-69.3929,-38.5631],[-69.3928,-38.5631],[-69.3928,-38.5631],[-69.3928,-38.5631],[-69.3928,-38.5631],[-69.3928,-38.5631],[-69.3928,-38.5631],[-69.3928,-38.5631],[-69.3928,-38.5631],[-69.3928,-38.5631],[-69.3928,-38.5631],[-69.3928,-38.5632],[-69.3928,-38.5632],[-69.3928,-38.5632],[-69.3928,-38.5632],[-69.3928,-38.5632],[-69.3928,-38.5632],[-69.3928,-38.5632],[-69.3928,-38.5632],[-69.3928,-38.5632],[-69.3928,-38.5632],[-69.3928,-38.5632],[-69.3928,-38.5632],[-69.3928,-38.5633],[-69.3928,-38.5633],[-69.3928,-38.5633],[-69.3928,-38.5633],[-69.3928,-38.5633],[-69.3928,-38.5633],[-69.3928,-38.5633],[-69.3928,-38.5633],[-69.3928,-38.5633],[-69.3928,-38.5633],[-69.3928,-38.5633],[-69.3928,-38.5633],[-69.3928,-38.5634],[-69.3928,-38.5634],[-69.3928,-38.5634],[-69.3928,-38.5634],[-69.3928,-38.5634],[-69.3929,-38.5634],[-69.3929,-38.5634],[-69.3929,-38.5634],[-69.3929,-38.5634],[-69.3929,-38.5634],[-69.3929,-38.5634],[-69.3929,-38.5634],[-69.3929,-38.5635],[-69.3929,-38.5635],[-69.3929,-38.5635],[-69.3929,-38.5635],[-69.3929,-38.5635],[-69.3929,-38.5635],[-69.3929,-38.5635],[-69.3929,-38.5635],[-69.3929,-38.5635],[-69.3929,-38.5635],[-69.3929,-38.5635],[-69.3929,-38.5635],[-69.3929,-38.5636],[-69.3929,-38.5636],[-69.3929,-38.5636],[-69.3929,-38.5636],[-69.3929,-38.5636],[-69.3929,-38.5636],[-69.3929,-38.5636],[-69.3929,-38.5636],[-69.3929,-38.5636],[-69.3929,-38.5636],[-69.3929,-38.5636],[-69.3929,-38.5636],[-69.3929,-38.5637],[-69.3929,-38.5637],[-69.393,-38.5637],[-69.393,-38.5637],[-69.393,-38.5637],[-69.393,-38.5637],[-69.393,-38.5637],[-69.3929,-38.5637],[-69.3929,-38.5637],[-69.3929,-38.5637],[-69.3929,-38.5637],[-69.3929,-38.5637],[-69.3929,-38.5637],[-69.3929,-38.5637],[-69.3929,-38.5637],[-69.3929,-38.5638],[-69.3929,-38.5638],[-69.3929,-38.5638],[-69.3929,-38.5638],[-69.3929,-38.5638],[-69.3929,-38.5638],[-69.3928,-38.5638],[-69.3928,-38.5638],[-69.3928,-38.5638],[-69.3928,-38.5638],[-69.3928,-38.5638],[-69.3928,-38.5638],[-69.3928,-38.5638],[-69.3928,-38.5638],[-69.3928,-38.5638],[-69.3928,-38.5638],[-69.3928,-38.5638],[-69.3928,-38.5638],[-69.3928,-38.5638],[-69.3927,-38.5638],[-69.3927,-38.5639],[-69.3927,-38.5639],[-69.3927,-38.5639],[-69.3927,-38.5639],[-69.3927,-38.5639],[-69.3927,-38.5639],[-69.3927,-38.5639],[-69.3927,-38.5639],[-69.3927,-38.5639],[-69.3927,-38.5639],[-69.3927,-38.5639],[-69.3927,-38.5639],[-69.3927,-38.5639],[-69.3926,-38.5639],[-69.3926,-38.5639],[-69.3926,-38.5639],[-69.3926,-38.5639],[-69.3926,-38.5639],[-69.3926,-38.5639],[-69.3926,-38.564],[-69.3926,-38.564],[-69.3926,-38.564],[-69.3926,-38.564],[-69.3926,-38.564],[-69.3926,-38.564],[-69.3926,-38.564],[-69.3926,-38.564],[-69.3925,-38.564],[-69.3925,-38.564],[-69.3925,-38.564],[-69.3925,-38.564],[-69.3925,-38.564],[-69.3925,-38.564],[-69.3925,-38.564],[-69.3925,-38.564],[-69.3925,-38.564],[-69.3925,-38.564],[-69.3925,-38.564],[-69.3925,-38.5641],[-69.3925,-38.5641],[-69.3925,-38.5641],[-69.3924,-38.5641],[-69.3924,-38.5641],[-69.3924,-38.5641],[-69.3924,-38.5641],[-69.3924,-38.5641],[-69.3924,-38.5641],[-69.3924,-38.5641],[-69.3924,-38.5641],[-69.3924,-38.5641],[-69.3924,-38.5641],[-69.3924,-38.5641],[-69.3924,-38.5641],[-69.3924,-38.5641],[-69.3923,-38.5641],[-69.3923,-38.5641],[-69.3923,-38.5642],[-69.3923,-38.5642],[-69.3923,-38.5642],[-69.3923,-38.5642],[-69.3923,-38.5642],[-69.3923,-38.5642],[-69.3923,-38.5642],[-69.3923,-38.5642],[-69.3923,-38.5642],[-69.3923,-38.5642],[-69.3923,-38.5642],[-69.3923,-38.5642],[-69.3923,-38.5642],[-69.3923,-38.5642],[-69.3922,-38.5642],[-69.3922,-38.5642],[-69.3922,-38.5643],[-69.3922,-38.5643],[-69.3922,-38.5643],[-69.3922,-38.5643],[-69.3922,-38.5643],[-69.3922,-38.5643],[-69.3922,-38.5643],[-69.3922,-38.5643],[-69.3922,-38.5643],[-69.3922,-38.5643],[-69.3922,-38.5643],[-69.3922,-38.5643],[-69.3922,-38.5643],[-69.3922,-38.5643],[-69.3921,-38.5643],[-69.3921,-38.5644],[-69.3921,-38.5644],[-69.3921,-38.5644],[-69.3921,-38.5644],[-69.3921,-38.5644],[-69.3921,-38.5644],[-69.3921,-38.5644],[-69.3921,-38.5644],[-69.3921,-38.5644],[-69.3921,-38.5644],[-69.3921,-38.5644],[-69.3921,-38.5644],[-69.3921,-38.5644],[-69.3921,-38.5644],[-69.3921,-38.5644],[-69.392,-38.5644],[-69.392,-38.5645],[-69.392,-38.5645],[-69.392,-38.5645],[-69.392,-38.5645],[-69.392,-38.5645],[-69.392,-38.5645],[-69.392,-38.5645],[-69.392,-38.5645],[-69.392,-38.5645],[-69.392,-38.5645],[-69.392,-38.5645],[-69.392,-38.5645],[-69.392,-38.5645],[-69.392,-38.5645],[-69.392,-38.5645],[-69.3919,-38.5645],[-69.3919,-38.5646],[-69.3919,-38.5646],[-69.3919,-38.5646],[-69.3919,-38.5646],[-69.3919,-38.5646],[-69.3919,-38.5646],[-69.3919,-38.5646],[-69.3919,-38.5646],[-69.3919,-38.5646],[-69.3919,-38.5646],[-69.3919,-38.5646],[-69.3919,-38.5646],[-69.3919,-38.5646],[-69.3919,-38.5646],[-69.3919,-38.5646],[-69.3918,-38.5647],[-69.3918,-38.5647],[-69.3918,-38.5647],[-69.3918,-38.5647],[-69.3918,-38.5647],[-69.3918,-38.5647],[-69.3918,-38.5647],[-69.3918,-38.5647],[-69.3918,-38.5647],[-69.3918,-38.5647],[-69.3918,-38.5647],[-69.3918,-38.5647],[-69.3918,-38.5647],[-69.3918,-38.5647],[-69.3918,-38.5647],[-69.3918,-38.5647],[-69.3918,-38.5648],[-69.3917,-38.5648],[-69.3917,-38.5648],[-69.3917,-38.5648],[-69.3917,-38.5648],[-69.3917,-38.5648],[-69.3917,-38.5648],[-69.3917,-38.5648],[-69.3917,-38.5648],[-69.3917,-38.5648],[-69.3917,-38.5648],[-69.3917,-38.5648],[-69.3917,-38.5648],[-69.3917,-38.5648],[-69.3917,-38.5648],[-69.3917,-38.5649],[-69.3917,-38.5649],[-69.3916,-38.5649],[-69.3916,-38.5649],[-69.3916,-38.5649],[-69.3916,-38.5649],[-69.3916,-38.5649],[-69.3916,-38.5649],[-69.3916,-38.5649],[-69.3916,-38.5649],[-69.3916,-38.5649],[-69.3916,-38.5649],[-69.3916,-38.5649],[-69.3916,-38.5649],[-69.3916,-38.5649],[-69.3916,-38.5649],[-69.3916,-38.565],[-69.3915,-38.565],[-69.3915,-38.565],[-69.3915,-38.565],[-69.3915,-38.565],[-69.3915,-38.565],[-69.3915,-38.565],[-69.3915,-38.565],[-69.3915,-38.565],[-69.3915,-38.565],[-69.3915,-38.565],[-69.3915,-38.565],[-69.3915,-38.565],[-69.3915,-38.565],[-69.3915,-38.565],[-69.3915,-38.565],[-69.3914,-38.565],[-69.3914,-38.5651],[-69.3914,-38.5651],[-69.3914,-38.5651],[-69.3914,-38.5651],[-69.3914,-38.5651],[-69.3914,-38.5651],[-69.3914,-38.5651],[-69.3914,-38.5651],[-69.3914,-38.5651],[-69.3914,-38.5651],[-69.3914,-38.5651],[-69.3914,-38.5651],[-69.3914,-38.5651],[-69.3914,-38.5651],[-69.3913,-38.5651],[-69.3913,-38.5651],[-69.3913,-38.5651],[-69.3913,-38.5651],[-69.3913,-38.5652],[-69.3913,-38.5652],[-69.3913,-38.5652],[-69.3913,-38.5652],[-69.3913,-38.5652],[-69.3913,-38.5652],[-69.3913,-38.5652],[-69.3913,-38.5652],[-69.3913,-38.5652],[-69.3913,-38.5652],[-69.3912,-38.5652],[-69.3912,-38.5652],[-69.3912,-38.5652],[-69.3912,-38.5652],[-69.3912,-38.5652],[-69.3912,-38.5652],[-69.3912,-38.5652],[-69.3912,-38.5653],[-69.3912,-38.5653],[-69.3912,-38.5653],[-69.3912,-38.5653],[-69.3912,-38.5653],[-69.3912,-38.5653],[-69.3912,-38.5653],[-69.3912,-38.5653],[-69.3911,-38.5653],[-69.3911,-38.5653],[-69.3911,-38.5653],[-69.3911,-38.5653],[-69.3911,-38.5653],[-69.3911,-38.5653],[-69.3911,-38.5653],[-69.3911,-38.5653],[-69.3911,-38.5653],[-69.3911,-38.5654],[-69.3911,-38.5654],[-69.3911,-38.5654],[-69.3911,-38.5654],[-69.3911,-38.5654],[-69.391,-38.5654],[-69.391,-38.5654],[-69.391,-38.5654],[-69.391,-38.5654],[-69.391,-38.5654],[-69.391,-38.5654],[-69.391,-38.5654],[-69.391,-38.5654],[-69.391,-38.5654],[-69.391,-38.5654],[-69.391,-38.5654],[-69.391,-38.5654],[-69.391,-38.5654],[-69.391,-38.5655],[-69.391,-38.5655],[-69.3909,-38.5655],[-69.3909,-38.5655],[-69.3909,-38.5655],[-69.3909,-38.5655],[-69.3909,-38.5655],[-69.3909,-38.5655],[-69.3909,-38.5655],[-69.3909,-38.5655],[-69.3909,-38.5655],[-69.3909,-38.5655],[-69.3909,-38.5655],[-69.3909,-38.5655],[-69.3909,-38.5655],[-69.3909,-38.5655],[-69.3909,-38.5655],[-69.3908,-38.5656],[-69.3908,-38.5656],[-69.3908,-38.5656],[-69.3908,-38.5656],[-69.3908,-38.5656],[-69.3908,-38.5656],[-69.3908,-38.5656],[-69.3908,-38.5656],[-69.3908,-38.5656],[-69.3908,-38.5656],[-69.3908,-38.5656],[-69.3908,-38.5656],[-69.3908,-38.5656],[-69.3908,-38.5656],[-69.3907,-38.5656],[-69.3907,-38.5656],[-69.3907,-38.5656],[-69.3907,-38.5656],[-69.3907,-38.5657],[-69.3907,-38.5657],[-69.3907,-38.5657],[-69.3907,-38.5657],[-69.3907,-38.5657],[-69.3907,-38.5657],[-69.3907,-38.5657],[-69.3907,-38.5657],[-69.3907,-38.5657],[-69.3907,-38.5657],[-69.3907,-38.5657],[-69.3906,-38.5657],[-69.3906,-38.5657],[-69.3906,-38.5657],[-69.3906,-38.5657],[-69.3906,-38.5657],[-69.3906,-38.5657],[-69.3906,-38.5658],[-69.3906,-38.5658],[-69.3906,-38.5658],[-69.3906,-38.5658],[-69.3906,-38.5658],[-69.3906,-38.5658],[-69.3906,-38.5658],[-69.3906,-38.5658],[-69.3906,-38.5658],[-69.3905,-38.5658],[-69.3905,-38.5658],[-69.3905,-38.5658],[-69.3905,-38.5658],[-69.3905,-38.5658],[-69.3905,-38.5658],[-69.3905,-38.5658],[-69.3905,-38.5658],[-69.3905,-38.5658],[-69.3905,-38.5659],[-69.3905,-38.5659],[-69.3905,-38.5659],[-69.3905,-38.5659],[-69.3905,-38.5659],[-69.3904,-38.5659],[-69.3904,-38.5659],[-69.3904,-38.5659],[-69.3904,-38.5659],[-69.3904,-38.5659],[-69.3904,-38.5659],[-69.3904,-38.5659],[-69.3904,-38.5659],[-69.3904,-38.5659],[-69.3904,-38.5659],[-69.3904,-38.5659],[-69.3904,-38.5659],[-69.3904,-38.5659],[-69.3904,-38.5659],[-69.3903,-38.566],[-69.3903,-38.566],[-69.3903,-38.566],[-69.3903,-38.566],[-69.3903,-38.566],[-69.3903,-38.566],[-69.3903,-38.566],[-69.3903,-38.566],[-69.3903,-38.566],[-69.3903,-38.566],[-69.3903,-38.566],[-69.3903,-38.566],[-69.3903,-38.566],[-69.3902,-38.566],[-69.3902,-38.566],[-69.3902,-38.566],[-69.3902,-38.566],[-69.3902,-38.566],[-69.3902,-38.5661],[-69.3902,-38.5661],[-69.3902,-38.5661],[-69.3902,-38.5661],[-69.3902,-38.5661],[-69.3902,-38.5661],[-69.3902,-38.5661],[-69.3902,-38.5661],[-69.3902,-38.5661],[-69.3901,-38.5661],[-69.3901,-38.5661],[-69.3901,-38.5661],[-69.3901,-38.5661],[-69.3901,-38.5661],[-69.3901,-38.5661],[-69.3901,-38.5661],[-69.3901,-38.5661],[-69.3901,-38.5661],[-69.3901,-38.5661],[-69.3901,-38.5662],[-69.3901,-38.5662],[-69.3901,-38.5662],[-69.3901,-38.5662],[-69.39,-38.5662],[-69.39,-38.5662],[-69.39,-38.5662],[-69.39,-38.5662],[-69.39,-38.5662],[-69.39,-38.5662],[-69.39,-38.5662],[-69.39,-38.5662],[-69.39,-38.5662],[-69.39,-38.5662],[-69.39,-38.5662],[-69.39,-38.5662],[-69.39,-38.5662],[-69.39,-38.5662],[-69.3899,-38.5662],[-69.3899,-38.5663],[-69.3899,-38.5663],[-69.3899,-38.5663],[-69.3899,-38.5663],[-69.3899,-38.5663],[-69.3899,-38.5663],[-69.3899,-38.5663],[-69.3899,-38.5663],[-69.3899,-38.5663],[-69.3899,-38.5663],[-69.3899,-38.5663],[-69.3899,-38.5663],[-69.3899,-38.5663],[-69.3898,-38.5663],[-69.3898,-38.5663],[-69.3898,-38.5663],[-69.3898,-38.5663],[-69.3898,-38.5663],[-69.3898,-38.5663],[-69.3898,-38.5664],[-69.3898,-38.5664],[-69.3898,-38.5664],[-69.3898,-38.5664],[-69.3898,-38.5664],[-69.3898,-38.5664],[-69.3898,-38.5664],[-69.3898,-38.5664],[-69.3897,-38.5664],[-69.3897,-38.5664],[-69.3897,-38.5664],[-69.3897,-38.5664],[-69.3897,-38.5664],[-69.3897,-38.5664],[-69.3897,-38.5664],[-69.3897,-38.5664],[-69.3897,-38.5664],[-69.3897,-38.5664],[-69.3897,-38.5664],[-69.3897,-38.5665],[-69.3897,-38.5665],[-69.3897,-38.5665],[-69.3896,-38.5665],[-69.3896,-38.5665],[-69.3896,-38.5665],[-69.3896,-38.5665],[-69.3896,-38.5665],[-69.3896,-38.5665],[-69.3896,-38.5665],[-69.3896,-38.5665],[-69.3896,-38.5665],[-69.3896,-38.5665],[-69.3896,-38.5665],[-69.3896,-38.5665],[-69.3896,-38.5665],[-69.3896,-38.5665],[-69.3895,-38.5665],[-69.3895,-38.5666],[-69.3895,-38.5666],[-69.3895,-38.5666],[-69.3895,-38.5666],[-69.3895,-38.5666],[-69.3895,-38.5666],[-69.3895,-38.5666],[-69.3895,-38.5666],[-69.3895,-38.5666],[-69.3895,-38.5666],[-69.3895,-38.5666],[-69.3895,-38.5666],[-69.3895,-38.5666],[-69.3894,-38.5666],[-69.3894,-38.5666],[-69.3894,-38.5666],[-69.3894,-38.5666],[-69.3894,-38.5666],[-69.3894,-38.5666],[-69.3894,-38.5667],[-69.3894,-38.5667],[-69.3894,-38.5667],[-69.3894,-38.5667],[-69.3894,-38.5667],[-69.3894,-38.5667],[-69.3894,-38.5667],[-69.3894,-38.5667],[-69.3893,-38.5667],[-69.3893,-38.5667],[-69.3893,-38.5667],[-69.3893,-38.5667],[-69.3893,-38.5667],[-69.3893,-38.5667],[-69.3893,-38.5667],[-69.3893,-38.5667],[-69.3893,-38.5667],[-69.3893,-38.5667],[-69.3893,-38.5668],[-69.3893,-38.5668],[-69.3893,-38.5668],[-69.3893,-38.5668],[-69.3892,-38.5668],[-69.3892,-38.5668],[-69.3892,-38.5668],[-69.3892,-38.5668],[-69.3892,-38.5668],[-69.3892,-38.5668],[-69.3892,-38.5668],[-69.3892,-38.5668],[-69.3892,-38.5668],[-69.3892,-38.5668],[-69.3892,-38.5668],[-69.3892,-38.5668],[-69.3892,-38.5668],[-69.3892,-38.5668],[-69.3891,-38.5668],[-69.3891,-38.5669],[-69.3891,-38.5669],[-69.3891,-38.5669],[-69.3891,-38.5669],[-69.3891,-38.5669],[-69.3891,-38.5669],[-69.3891,-38.5669],[-69.3891,-38.5669],[-69.3891,-38.5669],[-69.3891,-38.5669],[-69.3891,-38.5669],[-69.3891,-38.5669],[-69.3891,-38.5669],[-69.389,-38.5669],[-69.389,-38.5669],[-69.389,-38.5669],[-69.389,-38.5669],[-69.389,-38.5669],[-69.389,-38.567],[-69.389,-38.567],[-69.389,-38.567],[-69.389,-38.567],[-69.389,-38.567],[-69.389,-38.567],[-69.389,-38.567],[-69.389,-38.567],[-69.389,-38.567],[-69.3889,-38.567],[-69.3889,-38.567],[-69.3889,-38.567],[-69.3889,-38.567],[-69.3889,-38.567],[-69.3889,-38.567],[-69.3889,-38.567],[-69.3889,-38.567],[-69.3889,-38.567],[-69.3889,-38.567],[-69.3889,-38.5671],[-69.3889,-38.5671],[-69.3889,-38.5671],[-69.3889,-38.5671],[-69.3888,-38.5671],[-69.3888,-38.5671],[-69.3888,-38.5671],[-69.3888,-38.5671],[-69.3888,-38.5671],[-69.3888,-38.5671],[-69.3888,-38.5671],[-69.3888,-38.5671],[-69.3888,-38.5671],[-69.3888,-38.5671],[-69.3888,-38.5671],[-69.3888,-38.5671],[-69.3888,-38.5671],[-69.3888,-38.5671],[-69.3887,-38.5672],[-69.3887,-38.5672],[-69.3887,-38.5672],[-69.3887,-38.5672],[-69.3887,-38.5672],[-69.3887,-38.5672],[-69.3887,-38.5672],[-69.3887,-38.5672],[-69.3887,-38.5672],[-69.3887,-38.5672],[-69.3887,-38.5672],[-69.3887,-38.5672],[-69.3887,-38.5672],[-69.3887,-38.5672],[-69.3886,-38.5672],[-69.3886,-38.5672],[-69.3886,-38.5672],[-69.3886,-38.5672],[-69.3886,-38.5672],[-69.3886,-38.5673],[-69.3886,-38.5673],[-69.3886,-38.5673],[-69.3886,-38.5673],[-69.3886,-38.5673],[-69.3886,-38.5673],[-69.3886,-38.5673],[-69.3886,-38.5673],[-69.3886,-38.5673],[-69.3885,-38.5673],[-69.3885,-38.5673],[-69.3885,-38.5673],[-69.3885,-38.5673],[-69.3885,-38.5673],[-69.3885,-38.5673],[-69.3885,-38.5673],[-69.3885,-38.5673],[-69.3885,-38.5673],[-69.3885,-38.5673],[-69.3885,-38.5674],[-69.3885,-38.5674],[-69.3885,-38.5674],[-69.3884,-38.5674],[-69.3884,-38.5674],[-69.3884,-38.5674],[-69.3884,-38.5674],[-69.3884,-38.5674],[-69.3884,-38.5674],[-69.3884,-38.5674],[-69.3884,-38.5674],[-69.3884,-38.5674],[-69.3884,-38.5674],[-69.3884,-38.5674],[-69.3884,-38.5674],[-69.3884,-38.5674],[-69.3884,-38.5674],[-69.3883,-38.5674],[-69.3883,-38.5675],[-69.3883,-38.5675],[-69.3883,-38.5675],[-69.3883,-38.5675],[-69.3883,-38.5675],[-69.3883,-38.5675],[-69.3883,-38.5675],[-69.3883,-38.5675],[-69.3883,-38.5675],[-69.3883,-38.5675],[-69.3883,-38.5675],[-69.3883,-38.5675],[-69.3883,-38.5675],[-69.3882,-38.5675],[-69.3882,-38.5675],[-69.3882,-38.5675],[-69.3882,-38.5675],[-69.3882,-38.5675],[-69.3882,-38.5675],[-69.3882,-38.5676],[-69.3882,-38.5676],[-69.3882,-38.5676],[-69.3882,-38.5676],[-69.3882,-38.5676],[-69.3882,-38.5676],[-69.3882,-38.5676],[-69.3882,-38.5676],[-69.3881,-38.5676],[-69.3881,-38.5676],[-69.3881,-38.5676],[-69.3881,-38.5676],[-69.3881,-38.5676],[-69.3881,-38.5676],[-69.3881,-38.5676],[-69.3881,-38.5676],[-69.3881,-38.5676],[-69.3881,-38.5676],[-69.3881,-38.5677],[-69.3881,-38.5677],[-69.3881,-38.5677],[-69.3881,-38.5677],[-69.388,-38.5677],[-69.388,-38.5677],[-69.388,-38.5677],[-69.388,-38.5677],[-69.388,-38.5677],[-69.388,-38.5677],[-69.388,-38.5677],[-69.388,-38.5677],[-69.388,-38.5677],[-69.388,-38.5677],[-69.388,-38.5677],[-69.388,-38.5677],[-69.388,-38.5677],[-69.388,-38.5677],[-69.3879,-38.5677],[-69.3879,-38.5678],[-69.3879,-38.5678],[-69.3879,-38.5678],[-69.3879,-38.5678],[-69.3879,-38.5678],[-69.3879,-38.5678],[-69.3879,-38.5678],[-69.3879,-38.5678],[-69.3879,-38.5678],[-69.3879,-38.5678],[-69.3879,-38.5678],[-69.3879,-38.5678],[-69.3879,-38.5678],[-69.3878,-38.5678],[-69.3878,-38.5678],[-69.3878,-38.5678],[-69.3878,-38.5678],[-69.3878,-38.5678],[-69.3878,-38.5679],[-69.3878,-38.5679],[-69.3878,-38.5679],[-69.3878,-38.5679],[-69.3878,-38.5679],[-69.3878,-38.5679],[-69.3878,-38.5679],[-69.3878,-38.5679],[-69.3878,-38.5679],[-69.3877,-38.5679],[-69.3877,-38.5679],[-69.3877,-38.5679],[-69.3877,-38.5679],[-69.3877,-38.5679],[-69.3877,-38.5679],[-69.3877,-38.5679],[-69.3877,-38.5679],[-69.3877,-38.5679],[-69.3877,-38.5679],[-69.3877,-38.568],[-69.3877,-38.568],[-69.3877,-38.568],[-69.3877,-38.568],[-69.3876,-38.568],[-69.3876,-38.568],[-69.3876,-38.568],[-69.3876,-38.568],[-69.3876,-38.568],[-69.3876,-38.568],[-69.3876,-38.568],[-69.3876,-38.568],[-69.3876,-38.568],[-69.3876,-38.568],[-69.3876,-38.568],[-69.3876,-38.568],[-69.3876,-38.568],[-69.3876,-38.568],[-69.3875,-38.568],[-69.3875,-38.5681],[-69.3875,-38.5681],[-69.3875,-38.5681],[-69.3875,-38.5681],[-69.3875,-38.5681],[-69.3875,-38.5681],[-69.3875,-38.5681],[-69.3875,-38.5681],[-69.3875,-38.5681],[-69.3875,-38.5681],[-69.3875,-38.5681],[-69.3875,-38.5681],[-69.3875,-38.5681],[-69.3874,-38.5681],[-69.3874,-38.5681],[-69.3874,-38.5681],[-69.3874,-38.5681],[-69.3874,-38.5681],[-69.3874,-38.5681],[-69.3874,-38.5682],[-69.3874,-38.5682],[-69.3874,-38.5682],[-69.3874,-38.5682],[-69.3874,-38.5682],[-69.3874,-38.5682],[-69.3874,-38.5682],[-69.3874,-38.5682],[-69.3873,-38.5682],[-69.3873,-38.5682],[-69.3873,-38.5682],[-69.3873,-38.5682],[-69.3873,-38.5682],[-69.3873,-38.5682],[-69.3873,-38.5682],[-69.3873,-38.5682],[-69.3873,-38.5682],[-69.3873,-38.5682],[-69.3873,-38.5683],[-69.3873,-38.5683],[-69.3873,-38.5683],[-69.3873,-38.5683],[-69.3872,-38.5683],[-69.3872,-38.5683],[-69.3872,-38.5683],[-69.3872,-38.5683],[-69.3872,-38.5683],[-69.3872,-38.5683],[-69.3872,-38.5683],[-69.3872,-38.5683],[-69.3872,-38.5683],[-69.3872,-38.5683],[-69.3872,-38.5683],[-69.3872,-38.5683],[-69.3872,-38.5683],[-69.3872,-38.5683],[-69.3871,-38.5683],[-69.3871,-38.5684],[-69.3871,-38.5684],[-69.3871,-38.5684],[-69.3871,-38.5684],[-69.3871,-38.5684],[-69.3871,-38.5684],[-69.3871,-38.5684],[-69.3871,-38.5684],[-69.3871,-38.5684],[-69.3871,-38.5684],[-69.3871,-38.5684],[-69.3871,-38.5684],[-69.3871,-38.5684],[-69.387,-38.5684],[-69.387,-38.5684],[-69.387,-38.5684],[-69.387,-38.5684],[-69.387,-38.5684],[-69.387,-38.5684],[-69.387,-38.5685],[-69.387,-38.5685],[-69.387,-38.5685],[-69.387,-38.5685],[-69.387,-38.5685],[-69.387,-38.5685],[-69.387,-38.5685],[-69.387,-38.5685],[-69.3869,-38.5685],[-69.3869,-38.5685],[-69.3869,-38.5685],[-69.3869,-38.5685],[-69.3869,-38.5685],[-69.3869,-38.5685],[-69.3869,-38.5685],[-69.3869,-38.5685],[-69.3869,-38.5685],[-69.3869,-38.5685],[-69.3869,-38.5685],[-69.3869,-38.5686],[-69.3869,-38.5686],[-69.3869,-38.5686],[-69.3868,-38.5686],[-69.3868,-38.5686],[-69.3868,-38.5686],[-69.3868,-38.5686],[-69.3868,-38.5686],[-69.3868,-38.5686],[-69.3868,-38.5686],[-69.3868,-38.5686],[-69.3868,-38.5686],[-69.3868,-38.5686],[-69.3868,-38.5686],[-69.3868,-38.5686],[-69.3868,-38.5686],[-69.3867,-38.5686],[-69.3867,-38.5686],[-69.3867,-38.5686],[-69.3867,-38.5687],[-69.3867,-38.5687],[-69.3867,-38.5687],[-69.3867,-38.5687],[-69.3867,-38.5687],[-69.3867,-38.5687],[-69.3867,-38.5687],[-69.3867,-38.5687],[-69.3867,-38.5687],[-69.3867,-38.5687],[-69.3867,-38.5687],[-69.3866,-38.5687],[-69.3866,-38.5687],[-69.3866,-38.5687],[-69.3866,-38.5687],[-69.3866,-38.5687],[-69.3866,-38.5687],[-69.3866,-38.5687],[-69.3866,-38.5687],[-69.3866,-38.5687],[-69.3866,-38.5687],[-69.3866,-38.5688],[-69.3866,-38.5688],[-69.3866,-38.5688],[-69.3865,-38.5688],[-69.3865,-38.5688],[-69.3865,-38.5688],[-69.3865,-38.5688],[-69.3865,-38.5688],[-69.3865,-38.5688],[-69.3865,-38.5688],[-69.3865,-38.5688],[-69.3865,-38.5688],[-69.3865,-38.5688],[-69.3865,-38.5688],[-69.3865,-38.5688],[-69.3865,-38.5688],[-69.3864,-38.5688],[-69.3864,-38.5688],[-69.3864,-38.5688],[-69.3864,-38.5688],[-69.3864,-38.5688],[-69.3864,-38.5689],[-69.3864,-38.5689],[-69.3864,-38.5689],[-69.3864,-38.5689],[-69.3864,-38.5689],[-69.3864,-38.5689],[-69.3864,-38.5689],[-69.3864,-38.5689],[-69.3863,-38.5689],[-69.3863,-38.5689],[-69.3863,-38.5689],[-69.3863,-38.5689],[-69.3863,-38.5689],[-69.3863,-38.5689],[-69.3863,-38.5689],[-69.3863,-38.5689],[-69.3863,-38.5689],[-69.3863,-38.5689],[-69.3863,-38.5689],[-69.3863,-38.5689],[-69.3863,-38.5689],[-69.3862,-38.569],[-69.3862,-38.569],[-69.3862,-38.569],[-69.3862,-38.569],[-69.3862,-38.569],[-69.3862,-38.569],[-69.3862,-38.569],[-69.3862,-38.569],[-69.3862,-38.569],[-69.3862,-38.569],[-69.3862,-38.569],[-69.3862,-38.569],[-69.3862,-38.569],[-69.3862,-38.569],[-69.3861,-38.569],[-69.3861,-38.569],[-69.3861,-38.569],[-69.3861,-38.569],[-69.3861,-38.569],[-69.3861,-38.569],[-69.3861,-38.569],[-69.3861,-38.5691],[-69.3861,-38.5691],[-69.3861,-38.5691],[-69.3861,-38.5691],[-69.3861,-38.5691],[-69.3861,-38.5691],[-69.386,-38.5691],[-69.386,-38.5691],[-69.386,-38.5691],[-69.386,-38.5691],[-69.386,-38.5691],[-69.386,-38.5691],[-69.386,-38.5691],[-69.386,-38.5691],[-69.386,-38.5691],[-69.386,-38.5691],[-69.386,-38.5691],[-69.386,-38.5691],[-69.386,-38.5691],[-69.3859,-38.5691],[-69.3859,-38.5692],[-69.3859,-38.5692],[-69.3859,-38.5692],[-69.3859,-38.5692],[-69.3859,-38.5692],[-69.3859,-38.5692],[-69.3859,-38.5692],[-69.3859,-38.5692],[-69.3859,-38.5692],[-69.3859,-38.5692],[-69.3859,-38.5692],[-69.3859,-38.5692],[-69.3858,-38.5692],[-69.3858,-38.5692],[-69.3858,-38.5692],[-69.3858,-38.5692],[-69.3858,-38.5692],[-69.3858,-38.5692],[-69.3858,-38.5692],[-69.3858,-38.5693],[-69.3858,-38.5693],[-69.3858,-38.5693],[-69.3858,-38.5693],[-69.3858,-38.5693],[-69.3858,-38.5693],[-69.3858,-38.5693],[-69.3858,-38.5693],[-69.3857,-38.5693],[-69.3857,-38.5693],[-69.3857,-38.5693],[-69.3857,-38.5693],[-69.3857,-38.5693],[-69.3857,-38.5693],[-69.3857,-38.5693],[-69.3857,-38.5693],[-69.3857,-38.5693],[-69.3857,-38.5694],[-69.3857,-38.5694],[-69.3857,-38.5694],[-69.3857,-38.5694],[-69.3857,-38.5694],[-69.3857,-38.5694],[-69.3856,-38.5694],[-69.3856,-38.5694],[-69.3856,-38.5694],[-69.3856,-38.5694],[-69.3856,-38.5694],[-69.3856,-38.5694],[-69.3856,-38.5694],[-69.3856,-38.5694],[-69.3856,-38.5694],[-69.3856,-38.5694],[-69.3856,-38.5694],[-69.3856,-38.5695],[-69.3856,-38.5695],[-69.3856,-38.5695],[-69.3856,-38.5695],[-69.3856,-38.5695],[-69.3855,-38.5695],[-69.3855,-38.5695],[-69.3855,-38.5695],[-69.3855,-38.5695],[-69.3855,-38.5695],[-69.3855,-38.5695],[-69.3855,-38.5695],[-69.3855,-38.5695],[-69.3855,-38.5695],[-69.3855,-38.5695],[-69.3855,-38.5695],[-69.3855,-38.5695],[-69.3855,-38.5696],[-69.3855,-38.5696],[-69.3855,-38.5696],[-69.3854,-38.5696],[-69.3854,-38.5696],[-69.3854,-38.5696],[-69.3854,-38.5696],[-69.3854,-38.5696],[-69.3854,-38.5696],[-69.3854,-38.5696],[-69.3854,-38.5696],[-69.3854,-38.5696],[-69.3854,-38.5696],[-69.3854,-38.5696],[-69.3854,-38.5696],[-69.3854,-38.5696],[-69.3854,-38.5696],[-69.3853,-38.5697],[-69.3853,-38.5697],[-69.3853,-38.5697],[-69.3853,-38.5697],[-69.3853,-38.5697],[-69.3853,-38.5697],[-69.3853,-38.5697],[-69.3853,-38.5697],[-69.3853,-38.5697],[-69.3853,-38.5697],[-69.3853,-38.5697],[-69.3853,-38.5697],[-69.3853,-38.5697],[-69.3853,-38.5697],[-69.3852,-38.5697],[-69.3852,-38.5697],[-69.3852,-38.5697],[-69.3852,-38.5697],[-69.3852,-38.5697],[-69.3852,-38.5697],[-69.3852,-38.5697],[-69.3852,-38.5698],[-69.3852,-38.5698],[-69.3852,-38.5698],[-69.3852,-38.5698],[-69.3852,-38.5698],[-69.3852,-38.5698],[-69.3851,-38.5698],[-69.3851,-38.5698],[-69.3851,-38.5698],[-69.3851,-38.5698],[-69.3851,-38.5698],[-69.3851,-38.5698],[-69.3851,-38.5698],[-69.3851,-38.5698],[-69.3851,-38.5698],[-69.3851,-38.5698],[-69.3851,-38.5698],[-69.3851,-38.5698],[-69.3851,-38.5698],[-69.385,-38.5698],[-69.385,-38.5698],[-69.385,-38.5699],[-69.385,-38.5699],[-69.385,-38.5699],[-69.385,-38.5699],[-69.385,-38.5699],[-69.385,-38.5699],[-69.385,-38.5699],[-69.385,-38.5699],[-69.385,-38.5699],[-69.385,-38.5699],[-69.385,-38.5699],[-69.3849,-38.5699],[-69.3849,-38.5699],[-69.3849,-38.5699],[-69.3849,-38.5699],[-69.3849,-38.5699],[-69.3849,-38.5699],[-69.3849,-38.5699],[-69.3849,-38.5699],[-69.3849,-38.5699],[-69.3849,-38.5699],[-69.3849,-38.57],[-69.3849,-38.57],[-69.3849,-38.57],[-69.3848,-38.57],[-69.3848,-38.57],[-69.3848,-38.57],[-69.3848,-38.57],[-69.3848,-38.57],[-69.3848,-38.57],[-69.3848,-38.57],[-69.3848,-38.57],[-69.3848,-38.57],[-69.3848,-38.57],[-69.3848,-38.57],[-69.3848,-38.57],[-69.3848,-38.57],[-69.3848,-38.57],[-69.3847,-38.57],[-69.3847,-38.57],[-69.3847,-38.57],[-69.3847,-38.5701],[-69.3847,-38.5701],[-69.3847,-38.5701],[-69.3847,-38.5701],[-69.3847,-38.5701],[-69.3847,-38.5701],[-69.3847,-38.5701],[-69.3847,-38.5701],[-69.3847,-38.5701],[-69.3847,-38.5701],[-69.3847,-38.5701],[-69.3846,-38.5701],[-69.3846,-38.5701],[-69.3846,-38.5701],[-69.3846,-38.5701],[-69.3846,-38.5701],[-69.3846,-38.5701],[-69.3846,-38.5701],[-69.3846,-38.5702],[-69.3846,-38.5702],[-69.3846,-38.5702],[-69.3846,-38.5702],[-69.3846,-38.5702],[-69.3846,-38.5702],[-69.3846,-38.5702],[-69.3846,-38.5702],[-69.3845,-38.5702],[-69.3845,-38.5702],[-69.3845,-38.5702],[-69.3845,-38.5702],[-69.3845,-38.5702],[-69.3845,-38.5702],[-69.3845,-38.5702],[-69.3845,-38.5702],[-69.3845,-38.5702],[-69.3845,-38.5702],[-69.3845,-38.5703],[-69.3845,-38.5703],[-69.3845,-38.5703],[-69.3845,-38.5703],[-69.3844,-38.5703],[-69.3844,-38.5703],[-69.3844,-38.5703],[-69.3844,-38.5703],[-69.3844,-38.5703],[-69.3844,-38.5703],[-69.3844,-38.5703],[-69.3844,-38.5703],[-69.3844,-38.5703],[-69.3844,-38.5703],[-69.3844,-38.5703],[-69.3844,-38.5703],[-69.3844,-38.5703],[-69.3844,-38.5703],[-69.3843,-38.5704],[-69.3843,-38.5704],[-69.3843,-38.5704],[-69.3843,-38.5704],[-69.3843,-38.5704],[-69.3843,-38.5704],[-69.3843,-38.5704],[-69.3843,-38.5704],[-69.3843,-38.5704],[-69.3843,-38.5704],[-69.3843,-38.5704],[-69.3843,-38.5704],[-69.3843,-38.5704],[-69.3843,-38.5704],[-69.3843,-38.5704],[-69.3842,-38.5704],[-69.3842,-38.5704],[-69.3842,-38.5704],[-69.3842,-38.5705],[-69.3842,-38.5705],[-69.3842,-38.5705],[-69.3842,-38.5705],[-69.3842,-38.5705],[-69.3842,-38.5705],[-69.3842,-38.5705],[-69.3842,-38.5705],[-69.3842,-38.5705],[-69.3842,-38.5705],[-69.3842,-38.5705],[-69.3842,-38.5705],[-69.3842,-38.5705],[-69.3841,-38.5705],[-69.3841,-38.5705],[-69.3841,-38.5706],[-69.3841,-38.5706],[-69.3841,-38.5706],[-69.3841,-38.5706],[-69.3841,-38.5706],[-69.3841,-38.5706],[-69.3841,-38.5706],[-69.3841,-38.5706],[-69.3841,-38.5706],[-69.3841,-38.5706],[-69.3841,-38.5706],[-69.3841,-38.5706],[-69.3841,-38.5706],[-69.3841,-38.5706],[-69.3841,-38.5706],[-69.384,-38.5707],[-69.384,-38.5707],[-69.384,-38.5707],[-69.384,-38.5707],[-69.384,-38.5707],[-69.384,-38.5707],[-69.384,-38.5707],[-69.384,-38.5707],[-69.384,-38.5707],[-69.384,-38.5707],[-69.384,-38.5707],[-69.384,-38.5707],[-69.384,-38.5707],[-69.384,-38.5707],[-69.384,-38.5707],[-69.384,-38.5708],[-69.384,-38.5708],[-69.3839,-38.5708],[-69.3839,-38.5708],[-69.3839,-38.5708],[-69.3839,-38.5708],[-69.3839,-38.5708],[-69.3839,-38.5708],[-69.3839,-38.5708],[-69.3839,-38.5708],[-69.3839,-38.5708],[-69.3839,-38.5708],[-69.3839,-38.5708],[-69.3839,-38.5708],[-69.3839,-38.5708],[-69.3839,-38.5709],[-69.3839,-38.5709],[-69.3839,-38.5709],[-69.3839,-38.5709],[-69.3838,-38.5709],[-69.3838,-38.5709],[-69.3838,-38.5709],[-69.3838,-38.5709],[-69.3838,-38.5709],[-69.3838,-38.5709],[-69.3838,-38.5709],[-69.3838,-38.5709],[-69.3838,-38.5709],[-69.3838,-38.5709],[-69.3838,-38.5709],[-69.3838,-38.571],[-69.3838,-38.571],[-69.3838,-38.571],[-69.3838,-38.571],[-69.3838,-38.571],[-69.3837,-38.571],[-69.3837,-38.571],[-69.3837,-38.571],[-69.3837,-38.571],[-69.3837,-38.571],[-69.3837,-38.571],[-69.3837,-38.571],[-69.3837,-38.571],[-69.3837,-38.571],[-69.3837,-38.5711],[-69.3837,-38.5711],[-69.3837,-38.5711],[-69.3837,-38.5711],[-69.3837,-38.5711],[-69.3837,-38.5711],[-69.3837,-38.5711],[-69.3837,-38.5711],[-69.3836,-38.5711],[-69.3836,-38.5711],[-69.3836,-38.5711],[-69.3836,-38.5711],[-69.3836,-38.5711],[-69.3836,-38.5711],[-69.3836,-38.5711],[-69.3836,-38.5712],[-69.3836,-38.5712],[-69.3836,-38.5712],[-69.3836,-38.5712],[-69.3836,-38.5712],[-69.3836,-38.5712],[-69.3836,-38.5712],[-69.3836,-38.5712],[-69.3836,-38.5712],[-69.3836,-38.5712],[-69.3835,-38.5712],[-69.3835,-38.5712],[-69.3835,-38.5712],[-69.3835,-38.5712],[-69.3835,-38.5712],[-69.3835,-38.5713],[-69.3835,-38.5713],[-69.3835,-38.5713],[-69.3835,-38.5713],[-69.3835,-38.5713],[-69.3835,-38.5713],[-69.3835,-38.5713],[-69.3835,-38.5713],[-69.3835,-38.5713],[-69.3835,-38.5713],[-69.3835,-38.5713],[-69.3835,-38.5713],[-69.3834,-38.5713],[-69.3834,-38.5713],[-69.3834,-38.5713],[-69.3834,-38.5714],[-69.3834,-38.5714],[-69.3834,-38.5714],[-69.3834,-38.5714],[-69.3834,-38.5714],[-69.3834,-38.5714],[-69.3834,-38.5714],[-69.3834,-38.5714],[-69.3834,-38.5714],[-69.3834,-38.5714],[-69.3834,-38.5714],[-69.3834,-38.5714],[-69.3834,-38.5714],[-69.3834,-38.5714],[-69.3833,-38.5714],[-69.3833,-38.5715],[-69.3833,-38.5715],[-69.3833,-38.5715],[-69.3833,-38.5715],[-69.3833,-38.5715],[-69.3833,-38.5715],[-69.3833,-38.5715],[-69.3833,-38.5715],[-69.3833,-38.5715],[-69.3833,-38.5715],[-69.3833,-38.5715],[-69.3833,-38.5715],[-69.3833,-38.5715],[-69.3833,-38.5715],[-69.3833,-38.5715],[-69.3832,-38.5716],[-69.3832,-38.5716],[-69.3832,-38.5716],[-69.3832,-38.5716],[-69.3832,-38.5716],[-69.3832,-38.5716],[-69.3832,-38.5716],[-69.3832,-38.5716],[-69.3832,-38.5716],[-69.3832,-38.5716],[-69.3832,-38.5716],[-69.3832,-38.5716],[-69.3831,-38.5716],[-69.3831,-38.5716],[-69.3831,-38.5716],[-69.3831,-38.5716],[-69.3831,-38.5716],[-69.3831,-38.5716],[-69.3831,-38.5716],[-69.3831,-38.5716],[-69.3831,-38.5716],[-69.3831,-38.5716],[-69.3831,-38.5716],[-69.3831,-38.5716],[-69.383,-38.5716],[-69.383,-38.5716],[-69.383,-38.5716],[-69.383,-38.5716],[-69.383,-38.5716],[-69.383,-38.5716],[-69.383,-38.5717],[-69.383,-38.5717],[-69.383,-38.5717],[-69.383,-38.5717],[-69.383,-38.5717],[-69.383,-38.5717],[-69.3829,-38.5717],[-69.3829,-38.5717],[-69.3829,-38.5717],[-69.3829,-38.5717],[-69.3829,-38.5717],[-69.3829,-38.5717],[-69.3829,-38.5717],[-69.3829,-38.5717],[-69.3829,-38.5717],[-69.3829,-38.5717],[-69.3829,-38.5717],[-69.3829,-38.5717],[-69.3828,-38.5717],[-69.3828,-38.5717],[-69.3828,-38.5717],[-69.3828,-38.5717],[-69.3828,-38.5717],[-69.3828,-38.5717],[-69.3828,-38.5717],[-69.3828,-38.5717],[-69.3828,-38.5717],[-69.3828,-38.5717],[-69.3828,-38.5717],[-69.3828,-38.5718],[-69.3828,-38.5718],[-69.3827,-38.5718],[-69.3827,-38.5718],[-69.3827,-38.5718],[-69.3827,-38.5718],[-69.3827,-38.5718],[-69.3827,-38.5718],[-69.3827,-38.5718],[-69.3827,-38.5718],[-69.3827,-38.5718],[-69.3827,-38.5718],[-69.3827,-38.5718],[-69.3827,-38.5718],[-69.3827,-38.5718],[-69.3827,-38.5719],[-69.3827,-38.5719],[-69.3827,-38.5719],[-69.3827,-38.5719],[-69.3826,-38.5719],[-69.3826,-38.5719],[-69.3826,-38.5719],[-69.3826,-38.5719],[-69.3826,-38.5719],[-69.3826,-38.5719],[-69.3826,-38.5719],[-69.3826,-38.5719],[-69.3826,-38.5719],[-69.3826,-38.5719],[-69.3826,-38.5719],[-69.3826,-38.572],[-69.3826,-38.572],[-69.3826,-38.572],[-69.3826,-38.572],[-69.3826,-38.572],[-69.3826,-38.572],[-69.3826,-38.572],[-69.3825,-38.572],[-69.3825,-38.572],[-69.3825,-38.572],[-69.3825,-38.572],[-69.3825,-38.572],[-69.3825,-38.572],[-69.3825,-38.572],[-69.3825,-38.572],[-69.3825,-38.5721],[-69.3825,-38.5721],[-69.3825,-38.5721],[-69.3825,-38.5721],[-69.3825,-38.5721],[-69.3825,-38.5721],[-69.3825,-38.5721],[-69.3825,-38.5721],[-69.3825,-38.5721],[-69.3824,-38.5721],[-69.3824,-38.5721],[-69.3824,-38.5721],[-69.3824,-38.5721],[-69.3824,-38.5721],[-69.3824,-38.5721],[-69.3824,-38.5722],[-69.3824,-38.5722],[-69.3824,-38.5722],[-69.3824,-38.5722],[-69.3824,-38.5722],[-69.3824,-38.5722],[-69.3824,-38.5722],[-69.3824,-38.5722],[-69.3824,-38.5722],[-69.3824,-38.5722],[-69.3824,-38.5722],[-69.3823,-38.5722],[-69.3823,-38.5722],[-69.3823,-38.5722],[-69.3823,-38.5722],[-69.3823,-38.5723],[-69.3823,-38.5723],[-69.3823,-38.5723],[-69.3823,-38.5723],[-69.3823,-38.5723],[-69.3823,-38.5723],[-69.3823,-38.5723],[-69.3823,-38.5723],[-69.3823,-38.5723],[-69.3823,-38.5723],[-69.3823,-38.5723],[-69.3823,-38.5723],[-69.3823,-38.5723],[-69.3822,-38.5723],[-69.3822,-38.5724],[-69.3822,-38.5724],[-69.3822,-38.5724],[-69.3822,-38.5724],[-69.3822,-38.5724],[-69.3822,-38.5724],[-69.3822,-38.5724],[-69.3822,-38.5724],[-69.3822,-38.5724],[-69.3822,-38.5724],[-69.3822,-38.5724],[-69.3822,-38.5724],[-69.3822,-38.5724],[-69.3822,-38.5724],[-69.3822,-38.5725],[-69.3822,-38.5725],[-69.3822,-38.5725],[-69.3822,-38.5725],[-69.3822,-38.5725],[-69.3822,-38.5725],[-69.3822,-38.5725],[-69.3822,-38.5725],[-69.3821,-38.5725],[-69.3821,-38.5725],[-69.3821,-38.5725],[-69.3821,-38.5725],[-69.3821,-38.5726],[-69.3821,-38.5726],[-69.3821,-38.5726],[-69.3821,-38.5726],[-69.3821,-38.5726],[-69.3821,-38.5726],[-69.3821,-38.5726],[-69.3821,-38.5726],[-69.3821,-38.5726],[-69.3821,-38.5726],[-69.3821,-38.5726],[-69.3821,-38.5726],[-69.3821,-38.5726],[-69.3821,-38.5727],[-69.3821,-38.5727],[-69.3821,-38.5727],[-69.3821,-38.5727],[-69.3821,-38.5727],[-69.3821,-38.5727],[-69.3821,-38.5727],[-69.382,-38.5727],[-69.382,-38.5727],[-69.382,-38.5727],[-69.382,-38.5727],[-69.382,-38.5727],[-69.382,-38.5727],[-69.382,-38.5728],[-69.382,-38.5728],[-69.382,-38.5728],[-69.382,-38.5728],[-69.382,-38.5728],[-69.382,-38.5728],[-69.382,-38.5728],[-69.382,-38.5728],[-69.382,-38.5728],[-69.382,-38.5728],[-69.382,-38.5728],[-69.382,-38.5728],[-69.382,-38.5728],[-69.382,-38.5729],[-69.382,-38.5729],[-69.382,-38.5729],[-69.382,-38.5729],[-69.382,-38.5729],[-69.3819,-38.5729],[-69.3819,-38.5729],[-69.3819,-38.5729],[-69.3819,-38.5729],[-69.3819,-38.5729],[-69.3819,-38.5729],[-69.3819,-38.5729],[-69.3819,-38.573],[-69.3819,-38.573],[-69.3819,-38.573],[-69.3819,-38.573],[-69.3819,-38.573],[-69.3819,-38.573],[-69.3819,-38.573],[-69.3819,-38.573],[-69.3819,-38.573],[-69.3819,-38.573],[-69.3819,-38.573],[-69.3819,-38.573],[-69.3819,-38.5731],[-69.3819,-38.5731],[-69.3819,-38.5731],[-69.3819,-38.5731],[-69.3819,-38.5731],[-69.3819,-38.5731],[-69.3819,-38.5731],[-69.3819,-38.5731],[-69.3819,-38.5731],[-69.3819,-38.5731],[-69.3819,-38.5731],[-69.3819,-38.5732],[-69.3819,-38.5732],[-69.3819,-38.5732],[-69.3819,-38.5732],[-69.3819,-38.5732],[-69.3819,-38.5732],[-69.3819,-38.5732],[-69.3819,-38.5732],[-69.3819,-38.5732],[-69.3819,-38.5732],[-69.3819,-38.5732],[-69.3819,-38.5733],[-69.3819,-38.5733],[-69.3819,-38.5733],[-69.3819,-38.5733],[-69.3818,-38.5733],[-69.3818,-38.5733],[-69.3818,-38.5733],[-69.3818,-38.5733],[-69.3818,-38.5733],[-69.3818,-38.5733],[-69.3818,-38.5733],[-69.3818,-38.5733],[-69.3818,-38.5734],[-69.3818,-38.5734],[-69.3818,-38.5734],[-69.3818,-38.5734],[-69.3818,-38.5734],[-69.3818,-38.5734],[-69.3818,-38.5734],[-69.3818,-38.5734],[-69.3818,-38.5734],[-69.3818,-38.5734],[-69.3818,-38.5734],[-69.3818,-38.5735],[-69.3818,-38.5735],[-69.3818,-38.5735],[-69.3818,-38.5735],[-69.3818,-38.5735],[-69.3818,-38.5735],[-69.3818,-38.5735],[-69.3818,-38.5735],[-69.3818,-38.5735],[-69.3818,-38.5735],[-69.3817,-38.5735],[-69.3817,-38.5735],[-69.3817,-38.5735],[-69.3817,-38.5735],[-69.3817,-38.5735],[-69.3817,-38.5735],[-69.3817,-38.5735],[-69.3817,-38.5735],[-69.3817,-38.5736],[-69.3817,-38.5736],[-69.3817,-38.5736],[-69.3817,-38.5736],[-69.3817,-38.5736],[-69.3817,-38.5736],[-69.3816,-38.5736],[-69.3816,-38.5736],[-69.3816,-38.5736],[-69.3816,-38.5736],[-69.3816,-38.5736],[-69.3816,-38.5736],[-69.3816,-38.5736],[-69.3816,-38.5736],[-69.3816,-38.5736],[-69.3816,-38.5736],[-69.3816,-38.5736],[-69.3816,-38.5736],[-69.3816,-38.5737],[-69.3816,-38.5737],[-69.3816,-38.5737],[-69.3815,-38.5737],[-69.3815,-38.5737],[-69.3815,-38.5737],[-69.3815,-38.5737],[-69.3815,-38.5737],[-69.3815,-38.5737],[-69.3815,-38.5737],[-69.3815,-38.5737],[-69.3815,-38.5737],[-69.3815,-38.5737],[-69.3815,-38.5737],[-69.3815,-38.5737],[-69.3815,-38.5737],[-69.3815,-38.5737],[-69.3814,-38.5737],[-69.3814,-38.5738],[-69.3814,-38.5738],[-69.3814,-38.5738],[-69.3814,-38.5738],[-69.3814,-38.5738],[-69.3814,-38.5738],[-69.3814,-38.5738],[-69.3814,-38.5738],[-69.3814,-38.5738],[-69.3814,-38.5738],[-69.3814,-38.5738],[-69.3814,-38.5738],[-69.3814,-38.5738],[-69.3814,-38.5738],[-69.3813,-38.5738],[-69.3813,-38.5738],[-69.3813,-38.5738],[-69.3813,-38.5738],[-69.3813,-38.5739],[-69.3813,-38.5739],[-69.3813,-38.5739],[-69.3813,-38.5739],[-69.3813,-38.5739],[-69.3813,-38.5739],[-69.3813,-38.5739],[-69.3813,-38.5739],[-69.3813,-38.5739],[-69.3813,-38.5739],[-69.3812,-38.5739],[-69.3812,-38.5739],[-69.3812,-38.5739],[-69.3812,-38.5739],[-69.3812,-38.5739],[-69.3812,-38.5739],[-69.3812,-38.574],[-69.3812,-38.574],[-69.3812,-38.574],[-69.3812,-38.574],[-69.3812,-38.574],[-69.3812,-38.574],[-69.3812,-38.574],[-69.3812,-38.574],[-69.3812,-38.574],[-69.3812,-38.574],[-69.3812,-38.574],[-69.3811,-38.574],[-69.3811,-38.574],[-69.3811,-38.574],[-69.3811,-38.574],[-69.3811,-38.5741],[-69.3811,-38.5741],[-69.3811,-38.5741],[-69.3811,-38.5741],[-69.3811,-38.5741],[-69.3811,-38.5741],[-69.3811,-38.5741],[-69.3811,-38.5741],[-69.3811,-38.5741],[-69.3811,-38.5741],[-69.3811,-38.5741],[-69.3811,-38.5741],[-69.381,-38.5741],[-69.381,-38.5741],[-69.381,-38.5741],[-69.381,-38.5741],[-69.381,-38.5742],[-69.381,-38.5742],[-69.381,-38.5742],[-69.381,-38.5742],[-69.381,-38.5742],[-69.381,-38.5742],[-69.381,-38.5742],[-69.381,-38.5742],[-69.381,-38.5742],[-69.381,-38.5742],[-69.381,-38.5742],[-69.381,-38.5742],[-69.381,-38.5742],[-69.3809,-38.5742],[-69.3809,-38.5742],[-69.3809,-38.5743],[-69.3809,-38.5743],[-69.3809,-38.5743],[-69.3809,-38.5743],[-69.3809,-38.5743],[-69.3809,-38.5743],[-69.3809,-38.5743],[-69.3809,-38.5743],[-69.3809,-38.5743],[-69.3809,-38.5743],[-69.3809,-38.5743],[-69.3809,-38.5743],[-69.3809,-38.5743],[-69.3809,-38.5743],[-69.3808,-38.5743],[-69.3808,-38.5744],[-69.3808,-38.5744],[-69.3808,-38.5744],[-69.3808,-38.5744],[-69.3808,-38.5744],[-69.3808,-38.5744],[-69.3808,-38.5744],[-69.3808,-38.5744],[-69.3808,-38.5744],[-69.3808,-38.5744],[-69.3808,-38.5744],[-69.3808,-38.5744],[-69.3808,-38.5744],[-69.3808,-38.5744],[-69.3808,-38.5744],[-69.3808,-38.5745],[-69.3807,-38.5745],[-69.3807,-38.5745],[-69.3807,-38.5745],[-69.3807,-38.5745],[-69.3807,-38.5745],[-69.3807,-38.5745],[-69.3807,-38.5745],[-69.3807,-38.5745],[-69.3807,-38.5745],[-69.3807,-38.5745],[-69.3807,-38.5745],[-69.3807,-38.5745],[-69.3807,-38.5745],[-69.3807,-38.5745],[-69.3807,-38.5745],[-69.3807,-38.5746],[-69.3806,-38.5746],[-69.3806,-38.5746],[-69.3806,-38.5746],[-69.3806,-38.5746],[-69.3806,-38.5746],[-69.3806,-38.5746],[-69.3806,-38.5746],[-69.3806,-38.5746],[-69.3806,-38.5746],[-69.3806,-38.5746],[-69.3806,-38.5746],[-69.3806,-38.5746],[-69.3806,-38.5746],[-69.3806,-38.5746],[-69.3806,-38.5747],[-69.3806,-38.5747],[-69.3805,-38.5747],[-69.3805,-38.5747],[-69.3805,-38.5747],[-69.3805,-38.5747],[-69.3805,-38.5747],[-69.3805,-38.5747],[-69.3805,-38.5747],[-69.3805,-38.5747],[-69.3805,-38.5747],[-69.3805,-38.5747],[-69.3805,-38.5747],[-69.3805,-38.5747],[-69.3805,-38.5747],[-69.3805,-38.5748],[-69.3805,-38.5748],[-69.3805,-38.5748],[-69.3804,-38.5748],[-69.3804,-38.5748],[-69.3804,-38.5748],[-69.3804,-38.5748],[-69.3804,-38.5748],[-69.3804,-38.5748],[-69.3804,-38.5748],[-69.3804,-38.5748],[-69.3804,-38.5748],[-69.3804,-38.5748],[-69.3804,-38.5748],[-69.3804,-38.5748],[-69.3804,-38.5748],[-69.3804,-38.5749],[-69.3804,-38.5749],[-69.3804,-38.5749],[-69.3804,-38.5749],[-69.3803,-38.5749],[-69.3803,-38.5749],[-69.3803,-38.5749],[-69.3803,-38.5749],[-69.3803,-38.5749],[-69.3803,-38.5749],[-69.3803,-38.5749],[-69.3803,-38.5749],[-69.3803,-38.5749],[-69.3803,-38.5749],[-69.3803,-38.5749],[-69.3803,-38.575],[-69.3803,-38.575],[-69.3803,-38.575],[-69.3803,-38.575],[-69.3803,-38.575],[-69.3802,-38.575],[-69.3802,-38.575],[-69.3802,-38.575],[-69.3802,-38.575],[-69.3802,-38.575],[-69.3802,-38.575],[-69.3802,-38.575],[-69.3802,-38.575],[-69.3802,-38.575],[-69.3802,-38.575],[-69.3802,-38.5751],[-69.3802,-38.5751],[-69.3802,-38.5751],[-69.3802,-38.5751],[-69.3802,-38.5751],[-69.3802,-38.5751],[-69.3802,-38.5751],[-69.3801,-38.5751],[-69.3801,-38.5751],[-69.3801,-38.5751],[-69.3801,-38.5751],[-69.3801,-38.5751],[-69.3801,-38.5751],[-69.3801,-38.5751],[-69.3801,-38.5751],[-69.3801,-38.5752],[-69.3801,-38.5752],[-69.3801,-38.5752],[-69.3801,-38.5752],[-69.3801,-38.5752],[-69.3801,-38.5752],[-69.3801,-38.5752],[-69.3801,-38.5752],[-69.3801,-38.5752],[-69.38,-38.5752],[-69.38,-38.5752],[-69.38,-38.5752],[-69.38,-38.5752],[-69.38,-38.5752],[-69.38,-38.5752],[-69.38,-38.5753],[-69.38,-38.5753],[-69.38,-38.5753],[-69.38,-38.5753],[-69.38,-38.5753],[-69.38,-38.5753],[-69.38,-38.5753],[-69.38,-38.5753],[-69.38,-38.5753],[-69.38,-38.5753],[-69.38,-38.5753],[-69.3799,-38.5753],[-69.3799,-38.5753],[-69.3799,-38.5753],[-69.3799,-38.5754],[-69.3799,-38.5754],[-69.3799,-38.5754],[-69.3799,-38.5754],[-69.3799,-38.5754],[-69.3799,-38.5754],[-69.3799,-38.5754],[-69.3799,-38.5754],[-69.3799,-38.5754],[-69.3799,-38.5754],[-69.3799,-38.5754],[-69.3799,-38.5754],[-69.3799,-38.5754],[-69.3799,-38.5754],[-69.3798,-38.5754],[-69.3798,-38.5755],[-69.3798,-38.5755],[-69.3798,-38.5755],[-69.3798,-38.5755],[-69.3798,-38.5755],[-69.3798,-38.5755],[-69.3798,-38.5755],[-69.3798,-38.5755],[-69.3798,-38.5755],[-69.3798,-38.5755],[-69.3798,-38.5755],[-69.3798,-38.5755],[-69.3798,-38.5755],[-69.3798,-38.5755],[-69.3798,-38.5755],[-69.3798,-38.5756],[-69.3797,-38.5756],[-69.3797,-38.5756],[-69.3797,-38.5756],[-69.3797,-38.5756],[-69.3797,-38.5756],[-69.3797,-38.5756],[-69.3797,-38.5756],[-69.3797,-38.5756],[-69.3797,-38.5756],[-69.3797,-38.5756],[-69.3797,-38.5756],[-69.3797,-38.5756],[-69.3797,-38.5756],[-69.3797,-38.5757],[-69.3797,-38.5757],[-69.3797,-38.5757],[-69.3797,-38.5757],[-69.3796,-38.5757],[-69.3796,-38.5757],[-69.3796,-38.5757],[-69.3796,-38.5757],[-69.3796,-38.5757],[-69.3796,-38.5757],[-69.3796,-38.5757],[-69.3796,-38.5757],[-69.3796,-38.5757],[-69.3796,-38.5757],[-69.3796,-38.5757],[-69.3796,-38.5758],[-69.3796,-38.5758],[-69.3796,-38.5758],[-69.3796,-38.5758],[-69.3796,-38.5758],[-69.3796,-38.5758],[-69.3795,-38.5758],[-69.3795,-38.5758],[-69.3795,-38.5758],[-69.3795,-38.5758],[-69.3795,-38.5758],[-69.3795,-38.5758],[-69.3795,-38.5758],[-69.3795,-38.5758],[-69.3795,-38.5758],[-69.3795,-38.5759],[-69.3795,-38.5759],[-69.3795,-38.5759],[-69.3795,-38.5759],[-69.3795,-38.5759],[-69.3795,-38.5759],[-69.3795,-38.5759],[-69.3795,-38.5759],[-69.3794,-38.5759],[-69.3794,-38.5759],[-69.3794,-38.5759],[-69.3794,-38.5759],[-69.3794,-38.5759],[-69.3794,-38.5759],[-69.3794,-38.5759],[-69.3794,-38.576],[-69.3794,-38.576],[-69.3794,-38.576],[-69.3794,-38.576],[-69.3794,-38.576],[-69.3794,-38.576],[-69.3794,-38.576],[-69.3794,-38.576],[-69.3794,-38.576],[-69.3794,-38.576],[-69.3794,-38.576],[-69.3793,-38.576],[-69.3793,-38.576],[-69.3793,-38.576],[-69.3793,-38.576],[-69.3793,-38.5761],[-69.3793,-38.5761],[-69.3793,-38.5761],[-69.3793,-38.5761],[-69.3793,-38.5761],[-69.3793,-38.5761],[-69.3793,-38.5761],[-69.3793,-38.5761],[-69.3793,-38.5761],[-69.3793,-38.5761],[-69.3793,-38.5761],[-69.3792,-38.5761],[-69.3792,-38.5761],[-69.3792,-38.5761],[-69.3792,-38.5761],[-69.3792,-38.5761],[-69.3792,-38.5762],[-69.3792,-38.5762],[-69.3792,-38.5762],[-69.3792,-38.5762],[-69.3792,-38.5762],[-69.3792,-38.5762],[-69.3792,-38.5762],[-69.3792,-38.5762],[-69.3792,-38.5762],[-69.3792,-38.5762],[-69.3791,-38.5762],[-69.3791,-38.5762],[-69.3791,-38.5762],[-69.3791,-38.5762],[-69.3791,-38.5762],[-69.3791,-38.5762],[-69.3791,-38.5762],[-69.3791,-38.5763],[-69.3791,-38.5763],[-69.3791,-38.5763],[-69.3791,-38.5763],[-69.3791,-38.5763],[-69.3791,-38.5763],[-69.3791,-38.5763],[-69.3791,-38.5763],[-69.379,-38.5763],[-69.379,-38.5763],[-69.379,-38.5763],[-69.379,-38.5763],[-69.379,-38.5763],[-69.379,-38.5763],[-69.379,-38.5763],[-69.379,-38.5763],[-69.379,-38.5763],[-69.379,-38.5764],[-69.379,-38.5764],[-69.379,-38.5764],[-69.379,-38.5764],[-69.379,-38.5764],[-69.379,-38.5764],[-69.3789,-38.5764],[-69.3789,-38.5764],[-69.3789,-38.5764],[-69.3789,-38.5764],[-69.3789,-38.5764],[-69.3789,-38.5764],[-69.3789,-38.5764],[-69.3789,-38.5764],[-69.3789,-38.5764],[-69.3789,-38.5764],[-69.3789,-38.5764],[-69.3789,-38.5765],[-69.3789,-38.5765],[-69.3789,-38.5765],[-69.3789,-38.5765],[-69.3788,-38.5765],[-69.3788,-38.5765],[-69.3788,-38.5765],[-69.3788,-38.5765],[-69.3788,-38.5765],[-69.3788,-38.5765],[-69.3788,-38.5765],[-69.3788,-38.5765],[-69.3788,-38.5765],[-69.3788,-38.5765],[-69.3788,-38.5765],[-69.3788,-38.5765],[-69.3788,-38.5765],[-69.3787,-38.5765],[-69.3787,-38.5765],[-69.3787,-38.5765],[-69.3787,-38.5766],[-69.3787,-38.5766],[-69.3787,-38.5766],[-69.3787,-38.5766],[-69.3787,-38.5766],[-69.3787,-38.5766],[-69.3787,-38.5766],[-69.3787,-38.5766],[-69.3787,-38.5766],[-69.3787,-38.5766],[-69.3786,-38.5766],[-69.3786,-38.5766],[-69.3786,-38.5766],[-69.3786,-38.5766],[-69.3786,-38.5766],[-69.3786,-38.5766],[-69.3786,-38.5766],[-69.3786,-38.5766],[-69.3786,-38.5766],[-69.3786,-38.5766],[-69.3786,-38.5766],[-69.3786,-38.5766],[-69.3785,-38.5766],[-69.3785,-38.5766],[-69.3785,-38.5766],[-69.3785,-38.5766],[-69.3785,-38.5767],[-69.3785,-38.5767],[-69.3785,-38.5767],[-69.3785,-38.5767],[-69.3785,-38.5767],[-69.3785,-38.5767],[-69.3785,-38.5767],[-69.3785,-38.5767],[-69.3785,-38.5767],[-69.3784,-38.5767],[-69.3784,-38.5767],[-69.3784,-38.5767],[-69.3784,-38.5767],[-69.3784,-38.5767],[-69.3784,-38.5767],[-69.3784,-38.5767],[-69.3784,-38.5767],[-69.3784,-38.5767],[-69.3784,-38.5767],[-69.3784,-38.5767],[-69.3784,-38.5767],[-69.3783,-38.5767],[-69.3783,-38.5767],[-69.3783,-38.5767],[-69.3783,-38.5767],[-69.3783,-38.5767],[-69.3783,-38.5768],[-69.3783,-38.5768],[-69.3783,-38.5768],[-69.3783,-38.5768],[-69.3783,-38.5768],[-69.3783,-38.5768],[-69.3783,-38.5768],[-69.3782,-38.5768],[-69.3782,-38.5768],[-69.3782,-38.5768],[-69.3782,-38.5768],[-69.3782,-38.5768],[-69.3782,-38.5768],[-69.3782,-38.5768],[-69.3782,-38.5768],[-69.3782,-38.5768],[-69.3782,-38.5768],[-69.3782,-38.5768],[-69.3782,-38.5768],[-69.3782,-38.5768],[-69.3781,-38.5768],[-69.3781,-38.5768],[-69.3781,-38.5768],[-69.3781,-38.5769],[-69.3781,-38.5769],[-69.3781,-38.5769],[-69.3781,-38.5769],[-69.3781,-38.5769],[-69.3781,-38.5769],[-69.3781,-38.5769],[-69.3781,-38.5769],[-69.3781,-38.5769],[-69.3781,-38.5769],[-69.3781,-38.5769],[-69.378,-38.5769],[-69.378,-38.5769],[-69.378,-38.5769],[-69.378,-38.5769],[-69.378,-38.5769],[-69.378,-38.5769],[-69.378,-38.5769],[-69.378,-38.577],[-69.378,-38.577],[-69.378,-38.577],[-69.378,-38.577],[-69.378,-38.577],[-69.378,-38.577],[-69.378,-38.577],[-69.378,-38.577],[-69.3779,-38.577],[-69.3779,-38.577],[-69.3779,-38.577],[-69.3779,-38.577],[-69.3779,-38.577],[-69.3779,-38.577],[-69.3779,-38.577],[-69.3779,-38.577],[-69.3779,-38.577],[-69.3779,-38.577],[-69.3779,-38.5771],[-69.3779,-38.5771],[-69.3779,-38.5771],[-69.3779,-38.5771],[-69.3778,-38.5771],[-69.3778,-38.5771],[-69.3778,-38.5771],[-69.3778,-38.5771],[-69.3778,-38.5771],[-69.3778,-38.5771],[-69.3778,-38.5771],[-69.3778,-38.5771],[-69.3778,-38.5771],[-69.3778,-38.5771],[-69.3778,-38.5771],[-69.3778,-38.5771],[-69.3778,-38.5771],[-69.3778,-38.5771],[-69.3777,-38.5772],[-69.3777,-38.5772],[-69.3777,-38.5772],[-69.3777,-38.5772],[-69.3777,-38.5772],[-69.3777,-38.5772],[-69.3777,-38.5772],[-69.3777,-38.5772],[-69.3777,-38.5772],[-69.3777,-38.5772],[-69.3777,-38.5772],[-69.3777,-38.5772],[-69.3777,-38.5772],[-69.3777,-38.5772],[-69.3777,-38.5772],[-69.3777,-38.5772],[-69.3776,-38.5773],[-69.3776,-38.5773],[-69.3776,-38.5773],[-69.3776,-38.5773],[-69.3776,-38.5773],[-69.3776,-38.5773],[-69.3776,-38.5773],[-69.3776,-38.5773],[-69.3776,-38.5773],[-69.3776,-38.5773],[-69.3776,-38.5773],[-69.3776,-38.5773],[-69.3776,-38.5773],[-69.3776,-38.5773],[-69.3776,-38.5773],[-69.3775,-38.5773],[-69.3775,-38.5774],[-69.3775,-38.5774],[-69.3775,-38.5774],[-69.3775,-38.5774],[-69.3775,-38.5774],[-69.3775,-38.5774],[-69.3775,-38.5774],[-69.3775,-38.5774],[-69.3775,-38.5774],[-69.3775,-38.5774],[-69.3775,-38.5774],[-69.3775,-38.5774],[-69.3775,-38.5774],[-69.3775,-38.5774],[-69.3775,-38.5774],[-69.3774,-38.5774],[-69.3774,-38.5775],[-69.3774,-38.5775],[-69.3774,-38.5775],[-69.3774,-38.5775],[-69.3774,-38.5775],[-69.3774,-38.5775],[-69.3774,-38.5775],[-69.3774,-38.5775],[-69.3774,-38.5775],[-69.3774,-38.5775],[-69.3774,-38.5775],[-69.3774,-38.5775],[-69.3774,-38.5775],[-69.3773,-38.5775],[-69.3773,-38.5775],[-69.3773,-38.5775],[-69.3773,-38.5775],[-69.3773,-38.5775],[-69.3773,-38.5776],[-69.3773,-38.5776],[-69.3773,-38.5776],[-69.3773,-38.5776],[-69.3773,-38.5776],[-69.3773,-38.5776],[-69.3773,-38.5776],[-69.3773,-38.5776],[-69.3773,-38.5776],[-69.3773,-38.5776],[-69.3772,-38.5776],[-69.3772,-38.5776],[-69.3772,-38.5776],[-69.3772,-38.5776],[-69.3772,-38.5776],[-69.3772,-38.5776],[-69.3772,-38.5776],[-69.3772,-38.5777],[-69.3772,-38.5777],[-69.3772,-38.5777],[-69.3772,-38.5777],[-69.3772,-38.5777],[-69.3772,-38.5777],[-69.3772,-38.5777],[-69.3772,-38.5777],[-69.3771,-38.5777],[-69.3771,-38.5777],[-69.3771,-38.5777],[-69.3771,-38.5777],[-69.3771,-38.5777],[-69.3771,-38.5777],[-69.3771,-38.5777],[-69.3771,-38.5777],[-69.3771,-38.5777],[-69.3771,-38.5778],[-69.3771,-38.5778],[-69.3771,-38.5778],[-69.3771,-38.5778],[-69.3771,-38.5778],[-69.3771,-38.5778],[-69.377,-38.5778],[-69.377,-38.5778],[-69.377,-38.5778],[-69.377,-38.5778],[-69.377,-38.5778],[-69.377,-38.5778],[-69.377,-38.5778],[-69.377,-38.5778],[-69.377,-38.5778],[-69.377,-38.5778],[-69.377,-38.5778],[-69.377,-38.5779],[-69.377,-38.5779],[-69.377,-38.5779],[-69.3769,-38.5779],[-69.3769,-38.5779],[-69.3769,-38.5779],[-69.3769,-38.5779],[-69.3769,-38.5779],[-69.3769,-38.5779],[-69.3769,-38.5779],[-69.3769,-38.5779],[-69.3769,-38.5779],[-69.3769,-38.5779],[-69.3769,-38.5779],[-69.3769,-38.5779],[-69.3769,-38.5779],[-69.3769,-38.5779],[-69.3769,-38.578],[-69.3768,-38.578],[-69.3768,-38.578],[-69.3768,-38.578],[-69.3768,-38.578],[-69.3768,-38.578],[-69.3768,-38.578],[-69.3768,-38.578],[-69.3768,-38.578],[-69.3768,-38.578],[-69.3768,-38.578],[-69.3768,-38.578],[-69.3768,-38.578],[-69.3768,-38.578],[-69.3768,-38.578],[-69.3767,-38.578],[-69.3767,-38.578],[-69.3767,-38.578],[-69.3767,-38.578],[-69.3767,-38.578],[-69.3767,-38.578],[-69.3767,-38.578],[-69.3767,-38.578],[-69.3767,-38.5781],[-69.3767,-38.5781],[-69.3767,-38.5781],[-69.3767,-38.5781],[-69.3766,-38.5781],[-69.3766,-38.5781],[-69.3766,-38.5781],[-69.3766,-38.5781],[-69.3766,-38.5781],[-69.3766,-38.5781],[-69.3766,-38.5781],[-69.3766,-38.5781],[-69.3766,-38.5781],[-69.3766,-38.5781],[-69.3766,-38.5781],[-69.3765,-38.5781],[-69.3765,-38.5781],[-69.3765,-38.5781],[-69.3765,-38.5781],[-69.3765,-38.5781],[-69.3765,-38.5781],[-69.3765,-38.5781],[-69.3765,-38.5781],[-69.3765,-38.5781],[-69.3765,-38.5781],[-69.3765,-38.5781],[-69.3765,-38.5781],[-69.3764,-38.5781],[-69.3764,-38.5781],[-69.3764,-38.5781],[-69.3764,-38.5781],[-69.3764,-38.5781],[-69.3764,-38.5782],[-69.3764,-38.5782],[-69.3764,-38.5782],[-69.3764,-38.5782],[-69.3764,-38.5782],[-69.3764,-38.5782],[-69.3764,-38.5782],[-69.3763,-38.5782],[-69.3763,-38.5782],[-69.3763,-38.5782],[-69.3763,-38.5782],[-69.3763,-38.5782],[-69.3763,-38.5782],[-69.3763,-38.5782],[-69.3763,-38.5782],[-69.3763,-38.5782],[-69.3763,-38.5782],[-69.3763,-38.5782],[-69.3763,-38.5782],[-69.3762,-38.5782],[-69.3762,-38.5782],[-69.3762,-38.5782],[-69.3762,-38.5782],[-69.3762,-38.5782],[-69.3762,-38.5782],[-69.3762,-38.5782],[-69.3762,-38.5782],[-69.3762,-38.5782],[-69.3762,-38.5782],[-69.3762,-38.5782],[-69.3762,-38.5782],[-69.3761,-38.5783],[-69.3761,-38.5783],[-69.3761,-38.5783],[-69.3761,-38.5783],[-69.3761,-38.5783],[-69.3761,-38.5783],[-69.3761,-38.5783],[-69.3761,-38.5783],[-69.3761,-38.5783],[-69.3761,-38.5783],[-69.3761,-38.5783],[-69.3761,-38.5783],[-69.376,-38.5783],[-69.376,-38.5783],[-69.376,-38.5783],[-69.376,-38.5783],[-69.376,-38.5783],[-69.376,-38.5783],[-69.376,-38.5783],[-69.376,-38.5783],[-69.376,-38.5783],[-69.376,-38.5783],[-69.376,-38.5783],[-69.376,-38.5783],[-69.3759,-38.5783],[-69.3759,-38.5783],[-69.3759,-38.5783],[-69.3759,-38.5783],[-69.3759,-38.5783],[-69.3759,-38.5783],[-69.3759,-38.5783],[-69.3759,-38.5783],[-69.3759,-38.5783],[-69.3759,-38.5783],[-69.3759,-38.5783],[-69.3758,-38.5783],[-69.3758,-38.5783],[-69.3758,-38.5783],[-69.3758,-38.5783],[-69.3758,-38.5784],[-69.3758,-38.5784],[-69.3758,-38.5784],[-69.3758,-38.5784],[-69.3758,-38.5784],[-69.3758,-38.5784],[-69.3758,-38.5784],[-69.3758,-38.5784],[-69.3757,-38.5784],[-69.3757,-38.5784],[-69.3757,-38.5784],[-69.3757,-38.5784],[-69.3757,-38.5784],[-69.3757,-38.5784],[-69.3757,-38.5784],[-69.3757,-38.5784],[-69.3757,-38.5784],[-69.3757,-38.5784],[-69.3757,-38.5784],[-69.3756,-38.5784],[-69.3756,-38.5784],[-69.3756,-38.5784],[-69.3756,-38.5784],[-69.3756,-38.5784],[-69.3756,-38.5784],[-69.3756,-38.5784],[-69.3756,-38.5784],[-69.3756,-38.5784],[-69.3756,-38.5784],[-69.3756,-38.5784],[-69.3756,-38.5784],[-69.3755,-38.5784],[-69.3755,-38.5784],[-69.3755,-38.5784],[-69.3755,-38.5784],[-69.3755,-38.5784],[-69.3755,-38.5784],[-69.3755,-38.5784],[-69.3755,-38.5784],[-69.3755,-38.5784],[-69.3755,-38.5784],[-69.3755,-38.5784],[-69.3754,-38.5784],[-69.3754,-38.5784],[-69.3754,-38.5784],[-69.3754,-38.5784],[-69.3754,-38.5784],[-69.3754,-38.5784],[-69.3754,-38.5784],[-69.3754,-38.5785],[-69.3754,-38.5785],[-69.3754,-38.5785],[-69.3754,-38.5785],[-69.3753,-38.5785],[-69.3753,-38.5785],[-69.3753,-38.5785],[-69.3753,-38.5785],[-69.3753,-38.5785],[-69.3753,-38.5785],[-69.3753,-38.5785],[-69.3753,-38.5785],[-69.3753,-38.5785],[-69.3753,-38.5785],[-69.3753,-38.5785],[-69.3753,-38.5785],[-69.3752,-38.5785],[-69.3752,-38.5785],[-69.3752,-38.5785],[-69.3752,-38.5785],[-69.3752,-38.5785],[-69.3752,-38.5785],[-69.3752,-38.5785],[-69.3752,-38.5785],[-69.3752,-38.5785],[-69.3752,-38.5785],[-69.3752,-38.5785],[-69.3751,-38.5785],[-69.3751,-38.5785],[-69.3751,-38.5785],[-69.3751,-38.5785],[-69.3751,-38.5785],[-69.3751,-38.5785],[-69.3751,-38.5785],[-69.3751,-38.5785],[-69.3751,-38.5785],[-69.3751,-38.5785],[-69.3751,-38.5785],[-69.3751,-38.5785],[-69.375,-38.5785],[-69.375,-38.5785],[-69.375,-38.5785],[-69.375,-38.5785],[-69.375,-38.5785],[-69.375,-38.5785],[-69.375,-38.5785],[-69.375,-38.5785],[-69.375,-38.5785],[-69.375,-38.5785],[-69.375,-38.5785],[-69.3749,-38.5785],[-69.3749,-38.5785],[-69.3749,-38.5785],[-69.3749,-38.5785],[-69.3749,-38.5785],[-69.3749,-38.5785],[-69.3749,-38.5785],[-69.3749,-38.5785],[-69.3749,-38.5785],[-69.3749,-38.5785],[-69.3749,-38.5785],[-69.3748,-38.5785],[-69.3748,-38.5785],[-69.3748,-38.5786],[-69.3748,-38.5786],[-69.3748,-38.5786],[-69.3748,-38.5786],[-69.3748,-38.5786],[-69.3748,-38.5786],[-69.3748,-38.5786],[-69.3748,-38.5786],[-69.3748,-38.5786],[-69.3748,-38.5786],[-69.3747,-38.5786],[-69.3747,-38.5786],[-69.3747,-38.5786],[-69.3747,-38.5786],[-69.3747,-38.5786],[-69.3747,-38.5786],[-69.3747,-38.5786],[-69.3747,-38.5786],[-69.3747,-38.5786],[-69.3747,-38.5786],[-69.3747,-38.5786],[-69.3746,-38.5786],[-69.3746,-38.5786],[-69.3746,-38.5786],[-69.3746,-38.5786],[-69.3746,-38.5786],[-69.3746,-38.5786],[-69.3746,-38.5786],[-69.3746,-38.5786],[-69.3746,-38.5786],[-69.3746,-38.5786],[-69.3746,-38.5786],[-69.3746,-38.5786],[-69.3745,-38.5786],[-69.3745,-38.5786],[-69.3745,-38.5786],[-69.3745,-38.5786],[-69.3745,-38.5786],[-69.3745,-38.5786],[-69.3745,-38.5786],[-69.3745,-38.5786],[-69.3745,-38.5787],[-69.3745,-38.5787],[-69.3745,-38.5787],[-69.3745,-38.5787],[-69.3745,-38.5787],[-69.3744,-38.5787],[-69.3744,-38.5787],[-69.3744,-38.5787],[-69.3744,-38.5787],[-69.3744,-38.5787],[-69.3744,-38.5787],[-69.3744,-38.5787],[-69.3744,-38.5787],[-69.3744,-38.5787],[-69.3744,-38.5787],[-69.3744,-38.5787],[-69.3744,-38.5787],[-69.3743,-38.5787],[-69.3743,-38.5787],[-69.3743,-38.5787],[-69.3743,-38.5787],[-69.3743,-38.5787],[-69.3743,-38.5787],[-69.3743,-38.5787],[-69.3743,-38.5788],[-69.3743,-38.5788],[-69.3743,-38.5788],[-69.3743,-38.5788],[-69.3743,-38.5788],[-69.3743,-38.5788],[-69.3742,-38.5788],[-69.3742,-38.5788],[-69.3742,-38.5788],[-69.3742,-38.5788],[-69.3742,-38.5788],[-69.3742,-38.5788],[-69.3742,-38.5788],[-69.3742,-38.5788],[-69.3742,-38.5788],[-69.3742,-38.5788],[-69.3742,-38.5788],[-69.3742,-38.5788],[-69.3741,-38.5788],[-69.3741,-38.5788],[-69.3741,-38.5788],[-69.3741,-38.5788],[-69.3741,-38.5788],[-69.3741,-38.5788],[-69.3741,-38.5788],[-69.3741,-38.5788],[-69.3741,-38.5789],[-69.3741,-38.5789],[-69.3741,-38.5789],[-69.3741,-38.5789],[-69.3741,-38.5789],[-69.374,-38.5789],[-69.374,-38.5789],[-69.374,-38.5789],[-69.374,-38.5789],[-69.374,-38.5789],[-69.374,-38.5789],[-69.374,-38.5789],[-69.374,-38.5789],[-69.374,-38.5789],[-69.374,-38.5789],[-69.374,-38.5789],[-69.374,-38.5789],[-69.3739,-38.5789],[-69.3739,-38.5789],[-69.3739,-38.5789],[-69.3739,-38.5789],[-69.3739,-38.5789],[-69.3739,-38.5789],[-69.3739,-38.5789],[-69.3739,-38.5789],[-69.3739,-38.579],[-69.3739,-38.579],[-69.3739,-38.579],[-69.3739,-38.579],[-69.3739,-38.579],[-69.3738,-38.579],[-69.3738,-38.579],[-69.3738,-38.579],[-69.3738,-38.579],[-69.3738,-38.579],[-69.3738,-38.579],[-69.3738,-38.579],[-69.3738,-38.579],[-69.3738,-38.579],[-69.3738,-38.579],[-69.3738,-38.579],[-69.3738,-38.579],[-69.3737,-38.579],[-69.3737,-38.579],[-69.3737,-38.579],[-69.3737,-38.579],[-69.3737,-38.579],[-69.3737,-38.579],[-69.3737,-38.579],[-69.3737,-38.579],[-69.3737,-38.579],[-69.3737,-38.5791],[-69.3737,-38.5791],[-69.3737,-38.5791],[-69.3737,-38.5791],[-69.3736,-38.5791],[-69.3736,-38.5791],[-69.3736,-38.5791],[-69.3736,-38.5791],[-69.3736,-38.5791],[-69.3736,-38.5791],[-69.3736,-38.5791],[-69.3736,-38.5791],[-69.3736,-38.5791],[-69.3736,-38.5791],[-69.3736,-38.5791],[-69.3736,-38.5791],[-69.3735,-38.5791],[-69.3735,-38.5791],[-69.3735,-38.5791],[-69.3735,-38.5791],[-69.3735,-38.5791],[-69.3735,-38.5791],[-69.3735,-38.5791],[-69.3735,-38.5791],[-69.3735,-38.5791],[-69.3735,-38.5791],[-69.3735,-38.5791],[-69.3735,-38.5791],[-69.3734,-38.5792],[-69.3734,-38.5792],[-69.3734,-38.5792],[-69.3734,-38.5792],[-69.3734,-38.5792],[-69.3734,-38.5792],[-69.3734,-38.5792],[-69.3734,-38.5792],[-69.3734,-38.5792],[-69.3734,-38.5792],[-69.3734,-38.5792],[-69.3734,-38.5792],[-69.3733,-38.5792],[-69.3733,-38.5792],[-69.3733,-38.5792],[-69.3733,-38.5792],[-69.3733,-38.5792],[-69.3733,-38.5792],[-69.3733,-38.5792],[-69.3733,-38.5792],[-69.3733,-38.5792],[-69.3733,-38.5792],[-69.3733,-38.5792],[-69.3733,-38.5792],[-69.3733,-38.5792],[-69.3732,-38.5792],[-69.3732,-38.5792],[-69.3732,-38.5792],[-69.3732,-38.5792],[-69.3732,-38.5793],[-69.3732,-38.5793],[-69.3732,-38.5793],[-69.3732,-38.5793],[-69.3732,-38.5793],[-69.3732,-38.5793],[-69.3732,-38.5793],[-69.3732,-38.5793],[-69.3731,-38.5793],[-69.3731,-38.5793],[-69.3731,-38.5793],[-69.3731,-38.5793],[-69.3731,-38.5793],[-69.3731,-38.5793],[-69.3731,-38.5793],[-69.3731,-38.5793],[-69.3731,-38.5793],[-69.3731,-38.5793],[-69.3731,-38.5793],[-69.3731,-38.5793],[-69.373,-38.5793],[-69.373,-38.5793],[-69.373,-38.5793],[-69.373,-38.5793],[-69.373,-38.5793],[-69.373,-38.5793],[-69.373,-38.5793],[-69.373,-38.5793],[-69.373,-38.5793],[-69.373,-38.5793],[-69.373,-38.5793],[-69.3729,-38.5793],[-69.3729,-38.5793],[-69.3729,-38.5793],[-69.3729,-38.5793],[-69.3729,-38.5793],[-69.3729,-38.5793],[-69.3729,-38.5793],[-69.3729,-38.5793],[-69.3729,-38.5793],[-69.3729,-38.5793],[-69.3729,-38.5793],[-69.3728,-38.5793],[-69.3728,-38.5793],[-69.3728,-38.5793],[-69.3728,-38.5793],[-69.3728,-38.5793],[-69.3728,-38.5793],[-69.3728,-38.5793],[-69.3728,-38.5793],[-69.3728,-38.5793],[-69.3728,-38.5793],[-69.3728,-38.5793],[-69.3727,-38.5793],[-69.3727,-38.5793],[-69.3727,-38.5793],[-69.3727,-38.5793],[-69.3727,-38.5793],[-69.3727,-38.5793],[-69.3727,-38.5793],[-69.3727,-38.5793],[-69.3727,-38.5793],[-69.3727,-38.5793],[-69.3727,-38.5793],[-69.3727,-38.5793],[-69.3726,-38.5793],[-69.3726,-38.5793],[-69.3726,-38.5793],[-69.3726,-38.5793],[-69.3726,-38.5793],[-69.3726,-38.5793],[-69.3726,-38.5793],[-69.3726,-38.5793],[-69.3726,-38.5793],[-69.3726,-38.5793],[-69.3726,-38.5793],[-69.3725,-38.5793],[-69.3725,-38.5793],[-69.3725,-38.5793],[-69.3725,-38.5793],[-69.3725,-38.5793],[-69.3725,-38.5793],[-69.3725,-38.5793],[-69.3725,-38.5793],[-69.3725,-38.5793],[-69.3725,-38.5793],[-69.3725,-38.5793],[-69.3724,-38.5793],[-69.3724,-38.5793],[-69.3724,-38.5793],[-69.3724,-38.5794],[-69.3724,-38.5794],[-69.3724,-38.5794],[-69.3724,-38.5794],[-69.3724,-38.5794],[-69.3724,-38.5794],[-69.3724,-38.5794],[-69.3724,-38.5794],[-69.3724,-38.5794],[-69.3723,-38.5794],[-69.3723,-38.5794],[-69.3723,-38.5794],[-69.3723,-38.5794],[-69.3723,-38.5794],[-69.3723,-38.5794],[-69.3723,-38.5794],[-69.3723,-38.5794],[-69.3723,-38.5794],[-69.3723,-38.5794],[-69.3723,-38.5794],[-69.3722,-38.5794],[-69.3722,-38.5794],[-69.3722,-38.5794],[-69.3722,-38.5794],[-69.3722,-38.5794],[-69.3722,-38.5794],[-69.3722,-38.5794],[-69.3722,-38.5794],[-69.3722,-38.5794],[-69.3722,-38.5794],[-69.3722,-38.5794],[-69.3722,-38.5794],[-69.3721,-38.5794],[-69.3721,-38.5794],[-69.3721,-38.5794],[-69.3721,-38.5794],[-69.3721,-38.5794],[-69.3721,-38.5794],[-69.3721,-38.5794],[-69.3721,-38.5794],[-69.3721,-38.5794],[-69.3721,-38.5794],[-69.3721,-38.5794],[-69.3721,-38.5794],[-69.372,-38.5794],[-69.372,-38.5794],[-69.372,-38.5795],[-69.372,-38.5795],[-69.372,-38.5795],[-69.372,-38.5795],[-69.372,-38.5795],[-69.372,-38.5795],[-69.372,-38.5795],[-69.372,-38.5795],[-69.372,-38.5795],[-69.3719,-38.5795],[-69.3719,-38.5795],[-69.3719,-38.5795],[-69.3719,-38.5795],[-69.3719,-38.5795],[-69.3719,-38.5795],[-69.3719,-38.5795],[-69.3719,-38.5795],[-69.3719,-38.5795],[-69.3719,-38.5795],[-69.3719,-38.5795],[-69.3719,-38.5795],[-69.3718,-38.5795],[-69.3718,-38.5795],[-69.3718,-38.5795],[-69.3718,-38.5795],[-69.3718,-38.5795],[-69.3718,-38.5795],[-69.3718,-38.5795],[-69.3718,-38.5795],[-69.3718,-38.5795],[-69.3718,-38.5795],[-69.3718,-38.5795],[-69.3718,-38.5795],[-69.3717,-38.5795],[-69.3717,-38.5795],[-69.3717,-38.5795],[-69.3717,-38.5795],[-69.3717,-38.5795],[-69.3717,-38.5795],[-69.3717,-38.5795],[-69.3717,-38.5795],[-69.3717,-38.5796],[-69.3717,-38.5796],[-69.3717,-38.5796],[-69.3716,-38.5796],[-69.3716,-38.5796],[-69.3716,-38.5796],[-69.3716,-38.5796],[-69.3716,-38.5796],[-69.3716,-38.5796],[-69.3716,-38.5796],[-69.3716,-38.5796],[-69.3716,-38.5796],[-69.3716,-38.5796],[-69.3716,-38.5796],[-69.3716,-38.5796],[-69.3715,-38.5796],[-69.3715,-38.5796],[-69.3715,-38.5796],[-69.3715,-38.5796],[-69.3715,-38.5796],[-69.3715,-38.5796],[-69.3715,-38.5796],[-69.3715,-38.5796],[-69.3715,-38.5796],[-69.3715,-38.5796],[-69.3715,-38.5796],[-69.3715,-38.5796],[-69.3715,-38.5796],[-69.3714,-38.5796],[-69.3714,-38.5797],[-69.3714,-38.5797],[-69.3714,-38.5797],[-69.3714,-38.5797],[-69.3714,-38.5797],[-69.3714,-38.5797],[-69.3714,-38.5797],[-69.3714,-38.5797],[-69.3714,-38.5797],[-69.3714,-38.5797],[-69.3714,-38.5797],[-69.3714,-38.5797],[-69.3714,-38.5797],[-69.3713,-38.5797],[-69.3713,-38.5797],[-69.3713,-38.5797],[-69.3713,-38.5797],[-69.3713,-38.5797],[-69.3713,-38.5797],[-69.3713,-38.5798],[-69.3713,-38.5798],[-69.3713,-38.5798],[-69.3713,-38.5798],[-69.3713,-38.5798],[-69.3713,-38.5798],[-69.3713,-38.5798],[-69.3713,-38.5798],[-69.3712,-38.5798],[-69.3712,-38.5798],[-69.3712,-38.5798],[-69.3712,-38.5798],[-69.3712,-38.5798],[-69.3712,-38.5798],[-69.3712,-38.5798],[-69.3712,-38.5798],[-69.3712,-38.5798],[-69.3712,-38.5798],[-69.3712,-38.5798],[-69.3712,-38.5799],[-69.3712,-38.5799],[-69.3711,-38.5799],[-69.3711,-38.5799],[-69.3711,-38.5799],[-69.3711,-38.5799],[-69.3711,-38.5799],[-69.3711,-38.5799],[-69.3711,-38.5799],[-69.3711,-38.5799],[-69.3711,-38.5799],[-69.3711,-38.5799],[-69.3711,-38.5799],[-69.3711,-38.5799],[-69.3711,-38.5799],[-69.3711,-38.5799],[-69.371,-38.5799],[-69.371,-38.5799],[-69.371,-38.5799],[-69.371,-38.58],[-69.371,-38.58],[-69.371,-38.58],[-69.371,-38.58],[-69.371,-38.58],[-69.371,-38.58],[-69.371,-38.58],[-69.371,-38.58],[-69.371,-38.58],[-69.371,-38.58],[-69.371,-38.58],[-69.3709,-38.58],[-69.3709,-38.58],[-69.3709,-38.58],[-69.3709,-38.58],[-69.3709,-38.58],[-69.3709,-38.58],[-69.3709,-38.58],[-69.3709,-38.58],[-69.3709,-38.5801],[-69.3709,-38.5801],[-69.3709,-38.5801],[-69.3709,-38.5801],[-69.3709,-38.5801],[-69.3709,-38.5801],[-69.3708,-38.5801],[-69.3708,-38.5801],[-69.3708,-38.5801],[-69.3708,-38.5801],[-69.3708,-38.5801],[-69.3708,-38.5801],[-69.3708,-38.5801],[-69.3708,-38.5801],[-69.3708,-38.5801],[-69.3708,-38.5801],[-69.3708,-38.5801],[-69.3708,-38.5801],[-69.3708,-38.5801],[-69.3707,-38.5802],[-69.3707,-38.5802],[-69.3707,-38.5802],[-69.3707,-38.5802],[-69.3707,-38.5802],[-69.3707,-38.5802],[-69.3707,-38.5802],[-69.3707,-38.5802],[-69.3707,-38.5802],[-69.3707,-38.5802],[-69.3707,-38.5802],[-69.3707,-38.5802],[-69.3707,-38.5802],[-69.3707,-38.5802],[-69.3706,-38.5802],[-69.3706,-38.5802],[-69.3706,-38.5802],[-69.3706,-38.5802],[-69.3706,-38.5802],[-69.3706,-38.5803],[-69.3706,-38.5803],[-69.3706,-38.5803],[-69.3706,-38.5803],[-69.3706,-38.5803],[-69.3706,-38.5803],[-69.3706,-38.5803],[-69.3706,-38.5803],[-69.3706,-38.5803],[-69.3705,-38.5803],[-69.3705,-38.5803],[-69.3705,-38.5803],[-69.3705,-38.5803],[-69.3705,-38.5803],[-69.3705,-38.5803],[-69.3705,-38.5803],[-69.3705,-38.5803],[-69.3705,-38.5803],[-69.3705,-38.5803],[-69.3705,-38.5804],[-69.3705,-38.5804],[-69.3705,-38.5804],[-69.3705,-38.5804],[-69.3704,-38.5804],[-69.3704,-38.5804],[-69.3704,-38.5804],[-69.3704,-38.5804],[-69.3704,-38.5804],[-69.3704,-38.5804],[-69.3704,-38.5804],[-69.3704,-38.5804],[-69.3704,-38.5804],[-69.3704,-38.5804],[-69.3704,-38.5804],[-69.3704,-38.5804],[-69.3704,-38.5804],[-69.3704,-38.5804],[-69.3703,-38.5804],[-69.3703,-38.5805],[-69.3703,-38.5805],[-69.3703,-38.5805],[-69.3703,-38.5805],[-69.3703,-38.5805],[-69.3703,-38.5805],[-69.3703,-38.5805],[-69.3703,-38.5805],[-69.3703,-38.5805],[-69.3703,-38.5805],[-69.3703,-38.5805],[-69.3703,-38.5805],[-69.3702,-38.5805],[-69.3702,-38.5805],[-69.3702,-38.5805],[-69.3702,-38.5805],[-69.3702,-38.5805],[-69.3702,-38.5805],[-69.3702,-38.5805],[-69.3702,-38.5806],[-69.3702,-38.5806],[-69.3702,-38.5806],[-69.3702,-38.5806],[-69.3702,-38.5806],[-69.3702,-38.5806],[-69.3702,-38.5806],[-69.3701,-38.5806],[-69.3701,-38.5806],[-69.3701,-38.5806],[-69.3701,-38.5806],[-69.3701,-38.5806],[-69.3701,-38.5806],[-69.3701,-38.5806],[-69.3701,-38.5806],[-69.3701,-38.5806],[-69.3701,-38.5806],[-69.3701,-38.5806],[-69.3701,-38.5806],[-69.3701,-38.5807],[-69.3701,-38.5807],[-69.3701,-38.5807],[-69.3701,-38.5807],[-69.37,-38.5807],[-69.37,-38.5807],[-69.37,-38.5807],[-69.37,-38.5807],[-69.37,-38.5807],[-69.37,-38.5807],[-69.37,-38.5807],[-69.37,-38.5807],[-69.37,-38.5808],[-69.37,-38.5808],[-69.37,-38.5808],[-69.37,-38.5808],[-69.37,-38.5808],[-69.37,-38.5808],[-69.37,-38.5808],[-69.37,-38.5808],[-69.37,-38.5808],[-69.37,-38.5808],[-69.37,-38.5808],[-69.37,-38.5808],[-69.37,-38.5809],[-69.37,-38.5809],[-69.37,-38.5809],[-69.37,-38.5809],[-69.37,-38.5809],[-69.37,-38.5809],[-69.37,-38.5809],[-69.37,-38.5809],[-69.3699,-38.5809],[-69.3699,-38.5809],[-69.3699,-38.5809],[-69.3699,-38.5809],[-69.3699,-38.581],[-69.3699,-38.581],[-69.3699,-38.581],[-69.3699,-38.581],[-69.3699,-38.581],[-69.3699,-38.581],[-69.3699,-38.581],[-69.3699,-38.581],[-69.3699,-38.581],[-69.3699,-38.581],[-69.3699,-38.581],[-69.3699,-38.581],[-69.3699,-38.5811],[-69.3699,-38.5811],[-69.3699,-38.5811],[-69.3699,-38.5811],[-69.3699,-38.5811],[-69.3699,-38.5811],[-69.3699,-38.5811],[-69.3699,-38.5811],[-69.3699,-38.5811],[-69.3699,-38.5811],[-69.3699,-38.5811],[-69.3698,-38.5811],[-69.3698,-38.5812],[-69.3698,-38.5812],[-69.3698,-38.5812],[-69.3698,-38.5812],[-69.3698,-38.5812],[-69.3698,-38.5812],[-69.3698,-38.5812],[-69.3698,-38.5812],[-69.3698,-38.5812],[-69.3698,-38.5812],[-69.3698,-38.5812],[-69.3698,-38.5812],[-69.3698,-38.5812],[-69.3698,-38.5813],[-69.3698,-38.5813],[-69.3698,-38.5813],[-69.3698,-38.5813],[-69.3698,-38.5813],[-69.3698,-38.5813],[-69.3698,-38.5813],[-69.3698,-38.5813],[-69.3698,-38.5813],[-69.3698,-38.5813],[-69.3698,-38.5813],[-69.3698,-38.5813],[-69.3698,-38.5814],[-69.3698,-38.5814],[-69.3697,-38.5814],[-69.3697,-38.5814],[-69.3697,-38.5814],[-69.3697,-38.5814],[-69.3697,-38.5814],[-69.3697,-38.5814],[-69.3697,-38.5814],[-69.3697,-38.5814],[-69.3697,-38.5814],[-69.3697,-38.5814],[-69.3697,-38.5815],[-69.3697,-38.5815],[-69.3697,-38.5815],[-69.3697,-38.5815],[-69.3697,-38.5815],[-69.3697,-38.5815],[-69.3697,-38.5815],[-69.3697,-38.5815],[-69.3697,-38.5815],[-69.3697,-38.5815],[-69.3697,-38.5815],[-69.3697,-38.5815],[-69.3697,-38.5816],[-69.3697,-38.5816],[-69.3697,-38.5816],[-69.3697,-38.5816],[-69.3697,-38.5816],[-69.3696,-38.5816],[-69.3696,-38.5816],[-69.3696,-38.5816],[-69.3696,-38.5816],[-69.3696,-38.5816],[-69.3696,-38.5816],[-69.3696,-38.5816],[-69.3696,-38.5817],[-69.3696,-38.5817],[-69.3696,-38.5817],[-69.3696,-38.5817],[-69.3696,-38.5817],[-69.3696,-38.5817],[-69.3696,-38.5817],[-69.3696,-38.5817],[-69.3696,-38.5817],[-69.3696,-38.5817],[-69.3696,-38.5817],[-69.3696,-38.5817],[-69.3696,-38.5818],[-69.3696,-38.5818],[-69.3696,-38.5818],[-69.3696,-38.5818],[-69.3696,-38.5818],[-69.3696,-38.5818],[-69.3696,-38.5818],[-69.3696,-38.5818],[-69.3696,-38.5818],[-69.3695,-38.5818],[-69.3695,-38.5818],[-69.3695,-38.5818],[-69.3695,-38.5818],[-69.3695,-38.5819],[-69.3695,-38.5819],[-69.3695,-38.5819],[-69.3695,-38.5819],[-69.3695,-38.5819],[-69.3695,-38.5819],[-69.3695,-38.5819],[-69.3695,-38.5819],[-69.3695,-38.5819],[-69.3695,-38.5819],[-69.3695,-38.5819],[-69.3695,-38.5819],[-69.3695,-38.582],[-69.3695,-38.582],[-69.3695,-38.582],[-69.3695,-38.582],[-69.3695,-38.582],[-69.3695,-38.582],[-69.3695,-38.582],[-69.3695,-38.582],[-69.3695,-38.582],[-69.3695,-38.582],[-69.3695,-38.582],[-69.3695,-38.582],[-69.3694,-38.5821],[-69.3694,-38.5821],[-69.3694,-38.5821],[-69.3694,-38.5821],[-69.3694,-38.5821],[-69.3694,-38.5821],[-69.3694,-38.5821],[-69.3694,-38.5821],[-69.3694,-38.5821],[-69.3694,-38.5821],[-69.3694,-38.5821],[-69.3694,-38.5821],[-69.3694,-38.5822],[-69.3694,-38.5822],[-69.3694,-38.5822],[-69.3694,-38.5822],[-69.3694,-38.5822],[-69.3694,-38.5822],[-69.3694,-38.5822],[-69.3694,-38.5822],[-69.3694,-38.5822],[-69.3694,-38.5822],[-69.3694,-38.5822],[-69.3694,-38.5822],[-69.3694,-38.5823],[-69.3694,-38.5823],[-69.3694,-38.5823],[-69.3694,-38.5823],[-69.3694,-38.5823],[-69.3693,-38.5823],[-69.3693,-38.5823],[-69.3693,-38.5823],[-69.3693,-38.5823],[-69.3693,-38.5823],[-69.3693,-38.5823],[-69.3693,-38.5823],[-69.3693,-38.5823],[-69.3693,-38.5824],[-69.3693,-38.5824],[-69.3693,-38.5824],[-69.3693,-38.5824],[-69.3693,-38.5824],[-69.3693,-38.5824],[-69.3693,-38.5824],[-69.3693,-38.5824],[-69.3693,-38.5824],[-69.3693,-38.5824],[-69.3693,-38.5824],[-69.3693,-38.5824],[-69.3693,-38.5825],[-69.3693,-38.5825],[-69.3693,-38.5825],[-69.3693,-38.5825],[-69.3693,-38.5825],[-69.3693,-38.5825],[-69.3693,-38.5825],[-69.3693,-38.5825],[-69.3693,-38.5825],[-69.3692,-38.5825],[-69.3692,-38.5825],[-69.3692,-38.5825],[-69.3692,-38.5826],[-69.3692,-38.5826],[-69.3692,-38.5826],[-69.3692,-38.5826],[-69.3692,-38.5826],[-69.3692,-38.5826],[-69.3692,-38.5826],[-69.3692,-38.5826],[-69.3692,-38.5826],[-69.3692,-38.5826],[-69.3692,-38.5826],[-69.3692,-38.5826],[-69.3692,-38.5826],[-69.3692,-38.5827],[-69.3692,-38.5827],[-69.3692,-38.5827],[-69.3692,-38.5827],[-69.3692,-38.5827],[-69.3692,-38.5827],[-69.3692,-38.5827],[-69.3691,-38.5827],[-69.3691,-38.5827],[-69.3691,-38.5827],[-69.3691,-38.5827],[-69.3691,-38.5827],[-69.3691,-38.5827],[-69.3691,-38.5828],[-69.3691,-38.5828],[-69.3691,-38.5828],[-69.3691,-38.5828],[-69.3691,-38.5828],[-69.3691,-38.5828],[-69.3691,-38.5828],[-69.3691,-38.5828],[-69.3691,-38.5828],[-69.3691,-38.5828],[-69.3691,-38.5828],[-69.3691,-38.5828],[-69.3691,-38.5829],[-69.3691,-38.5829],[-69.3691,-38.5829],[-69.3691,-38.5829],[-69.3691,-38.5829],[-69.3691,-38.5829],[-69.369,-38.5829],[-69.369,-38.5829],[-69.369,-38.5829],[-69.369,-38.5829],[-69.369,-38.5829],[-69.369,-38.5829],[-69.369,-38.5829],[-69.369,-38.583],[-69.369,-38.583],[-69.369,-38.583],[-69.369,-38.583],[-69.369,-38.583],[-69.369,-38.583],[-69.369,-38.583],[-69.369,-38.583],[-69.369,-38.583],[-69.369,-38.583],[-69.369,-38.583],[-69.369,-38.583],[-69.369,-38.583],[-69.369,-38.5831],[-69.369,-38.5831],[-69.369,-38.5831],[-69.369,-38.5831],[-69.3689,-38.5831],[-69.3689,-38.5831],[-69.3689,-38.5831],[-69.3689,-38.5831],[-69.3689,-38.5831],[-69.3689,-38.5831],[-69.3689,-38.5831],[-69.3689,-38.5831],[-69.3689,-38.5831],[-69.3689,-38.5832],[-69.3689,-38.5832],[-69.3689,-38.5832],[-69.3689,-38.5832],[-69.3689,-38.5832],[-69.3689,-38.5832],[-69.3689,-38.5832],[-69.3689,-38.5832],[-69.3689,-38.5832],[-69.3689,-38.5832],[-69.3689,-38.5832],[-69.3689,-38.5832],[-69.3689,-38.5832],[-69.3688,-38.5833],[-69.3688,-38.5833],[-69.3688,-38.5833],[-69.3688,-38.5833],[-69.3688,-38.5833],[-69.3688,-38.5833],[-69.3688,-38.5833],[-69.3688,-38.5833],[-69.3688,-38.5833],[-69.3688,-38.5833],[-69.3688,-38.5833],[-69.3688,-38.5833],[-69.3688,-38.5833],[-69.3688,-38.5834],[-69.3688,-38.5834],[-69.3688,-38.5834],[-69.3688,-38.5834],[-69.3688,-38.5834],[-69.3688,-38.5834],[-69.3688,-38.5834],[-69.3688,-38.5834],[-69.3688,-38.5834],[-69.3688,-38.5834],[-69.3687,-38.5834],[-69.3687,-38.5834],[-69.3687,-38.5834],[-69.3687,-38.5835],[-69.3687,-38.5835],[-69.3687,-38.5835],[-69.3687,-38.5835],[-69.3687,-38.5835],[-69.3687,-38.5835],[-69.3687,-38.5835],[-69.3687,-38.5835],[-69.3687,-38.5835],[-69.3687,-38.5835],[-69.3687,-38.5835],[-69.3687,-38.5835],[-69.3687,-38.5835],[-69.3687,-38.5836],[-69.3687,-38.5836],[-69.3687,-38.5836],[-69.3687,-38.5836],[-69.3687,-38.5836],[-69.3687,-38.5836],[-69.3686,-38.5836],[-69.3686,-38.5836],[-69.3686,-38.5836],[-69.3686,-38.5836],[-69.3686,-38.5836],[-69.3686,-38.5836],[-69.3686,-38.5836],[-69.3686,-38.5837],[-69.3686,-38.5837],[-69.3686,-38.5837],[-69.3686,-38.5837],[-69.3686,-38.5837],[-69.3686,-38.5837],[-69.3686,-38.5837],[-69.3686,-38.5837],[-69.3686,-38.5837],[-69.3686,-38.5837],[-69.3686,-38.5837],[-69.3686,-38.5837],[-69.3686,-38.5837],[-69.3686,-38.5838],[-69.3686,-38.5838],[-69.3685,-38.5838],[-69.3685,-38.5838],[-69.3685,-38.5838],[-69.3685,-38.5838],[-69.3685,-38.5838],[-69.3685,-38.5838],[-69.3685,-38.5838],[-69.3685,-38.5838],[-69.3685,-38.5838],[-69.3685,-38.5838],[-69.3685,-38.5838],[-69.3685,-38.5839],[-69.3685,-38.5839],[-69.3685,-38.5839],[-69.3685,-38.5839],[-69.3685,-38.5839],[-69.3685,-38.5839],[-69.3685,-38.5839],[-69.3685,-38.5839],[-69.3684,-38.5839],[-69.3684,-38.5839],[-69.3684,-38.5839],[-69.3684,-38.5839],[-69.3684,-38.5839],[-69.3684,-38.5839],[-69.3684,-38.5839],[-69.3684,-38.5839],[-69.3684,-38.5839],[-69.3684,-38.5839],[-69.3684,-38.5839],[-69.3683,-38.5839],[-69.3683,-38.5839],[-69.3683,-38.5839],[-69.3683,-38.5839],[-69.3683,-38.5839],[-69.3683,-38.5839],[-69.3683,-38.5839],[-69.3683,-38.5839],[-69.3683,-38.5839],[-69.3683,-38.5839],[-69.3683,-38.5839],[-69.3682,-38.5839],[-69.3682,-38.5839],[-69.3682,-38.5839],[-69.3682,-38.5839],[-69.3682,-38.5839],[-69.3682,-38.5839],[-69.3682,-38.5839],[-69.3682,-38.5839],[-69.3682,-38.5839],[-69.3682,-38.5839],[-69.3682,-38.5839],[-69.3682,-38.5839],[-69.3681,-38.5839],[-69.3681,-38.5839],[-69.3681,-38.5839],[-69.3681,-38.5839],[-69.3681,-38.5839],[-69.3681,-38.5839],[-69.3681,-38.5839],[-69.3681,-38.5839],[-69.3681,-38.5839],[-69.3681,-38.5839],[-69.3681,-38.5839],[-69.368,-38.5839],[-69.368,-38.5839],[-69.368,-38.5839],[-69.368,-38.5839],[-69.368,-38.5839],[-69.368,-38.5839],[-69.368,-38.5839],[-69.368,-38.5839],[-69.368,-38.5839],[-69.368,-38.5839],[-69.368,-38.5839],[-69.3679,-38.5839],[-69.3679,-38.5839],[-69.3679,-38.5839],[-69.3679,-38.5839],[-69.3679,-38.5839],[-69.3679,-38.5839],[-69.3679,-38.5839],[-69.3679,-38.5839],[-69.3679,-38.5839],[-69.3679,-38.5839],[-69.3679,-38.5839],[-69.3679,-38.5839],[-69.3679,-38.5839],[-69.3678,-38.584],[-69.3678,-38.584],[-69.3678,-38.584],[-69.3678,-38.584],[-69.3678,-38.584],[-69.3678,-38.584],[-69.3678,-38.584],[-69.3678,-38.584],[-69.3678,-38.584],[-69.3678,-38.584],[-69.3678,-38.584],[-69.3678,-38.584],[-69.3678,-38.584],[-69.3678,-38.584],[-69.3677,-38.584],[-69.3677,-38.584],[-69.3677,-38.584],[-69.3677,-38.584],[-69.3677,-38.584],[-69.3677,-38.584],[-69.3677,-38.5841],[-69.3677,-38.5841],[-69.3677,-38.5841],[-69.3677,-38.5841],[-69.3677,-38.5841],[-69.3677,-38.5841],[-69.3677,-38.5841],[-69.3677,-38.5841],[-69.3676,-38.5841],[-69.3676,-38.5841],[-69.3676,-38.5841],[-69.3676,-38.5841],[-69.3676,-38.5841],[-69.3676,-38.5841],[-69.3676,-38.5841],[-69.3676,-38.5841],[-69.3676,-38.5841],[-69.3676,-38.5841],[-69.3676,-38.5841],[-69.3676,-38.5842],[-69.3676,-38.5842],[-69.3675,-38.5842],[-69.3675,-38.5842],[-69.3675,-38.5842],[-69.3675,-38.5842],[-69.3675,-38.5842],[-69.3675,-38.5842],[-69.3675,-38.5842],[-69.3675,-38.5842],[-69.3675,-38.5842],[-69.3675,-38.5842],[-69.3675,-38.5842],[-69.3675,-38.5842],[-69.3675,-38.5842],[-69.3675,-38.5842],[-69.3674,-38.5842],[-69.3674,-38.5842],[-69.3674,-38.5842],[-69.3674,-38.5842],[-69.3674,-38.5843],[-69.3674,-38.5843],[-69.3674,-38.5843],[-69.3674,-38.5843],[-69.3674,-38.5843],[-69.3674,-38.5843],[-69.3674,-38.5843],[-69.3674,-38.5843],[-69.3674,-38.5843],[-69.3673,-38.5843],[-69.3673,-38.5843],[-69.3673,-38.5843],[-69.3673,-38.5843],[-69.3673,-38.5843],[-69.3673,-38.5843],[-69.3673,-38.5843],[-69.3673,-38.5843],[-69.3673,-38.5843],[-69.3673,-38.5843],[-69.3673,-38.5843],[-69.3673,-38.5843],[-69.3673,-38.5843],[-69.3672,-38.5843],[-69.3672,-38.5843],[-69.3672,-38.5843],[-69.3672,-38.5843],[-69.3672,-38.5844],[-69.3672,-38.5844],[-69.3672,-38.5844],[-69.3672,-38.5844],[-69.3672,-38.5844],[-69.3672,-38.5844],[-69.3672,-38.5844],[-69.3672,-38.5844],[-69.3671,-38.5844],[-69.3671,-38.5844],[-69.3671,-38.5844],[-69.3671,-38.5844],[-69.3671,-38.5844],[-69.3671,-38.5844],[-69.3671,-38.5844],[-69.3671,-38.5844],[-69.3671,-38.5844],[-69.3671,-38.5844],[-69.3671,-38.5844],[-69.3671,-38.5844],[-69.367,-38.5844],[-69.367,-38.5844],[-69.367,-38.5844],[-69.367,-38.5844],[-69.367,-38.5844],[-69.367,-38.5844],[-69.367,-38.5844],[-69.367,-38.5844],[-69.367,-38.5844],[-69.367,-38.5845],[-69.367,-38.5845],[-69.367,-38.5845],[-69.3669,-38.5845],[-69.3669,-38.5845],[-69.3669,-38.5845],[-69.3669,-38.5845],[-69.3669,-38.5845],[-69.3669,-38.5845],[-69.3669,-38.5845],[-69.3669,-38.5845],[-69.3669,-38.5845],[-69.3669,-38.5845],[-69.3669,-38.5845],[-69.3669,-38.5845],[-69.3668,-38.5845],[-69.3668,-38.5845],[-69.3668,-38.5845],[-69.3668,-38.5845],[-69.3668,-38.5845],[-69.3668,-38.5845],[-69.3668,-38.5845],[-69.3668,-38.5845],[-69.3668,-38.5845],[-69.3668,-38.5845],[-69.3668,-38.5845],[-69.3668,-38.5845],[-69.3667,-38.5845],[-69.3667,-38.5845],[-69.3667,-38.5846],[-69.3667,-38.5846],[-69.3667,-38.5846],[-69.3667,-38.5846],[-69.3667,-38.5846],[-69.3667,-38.5846],[-69.3667,-38.5846],[-69.3667,-38.5846],[-69.3667,-38.5846],[-69.3667,-38.5846],[-69.3666,-38.5846],[-69.3666,-38.5846],[-69.3666,-38.5846],[-69.3666,-38.5846],[-69.3666,-38.5846],[-69.3666,-38.5846],[-69.3666,-38.5846],[-69.3666,-38.5846],[-69.3666,-38.5846],[-69.3666,-38.5846],[-69.3666,-38.5846],[-69.3666,-38.5846],[-69.3666,-38.5846],[-69.3665,-38.5846],[-69.3665,-38.5846],[-69.3665,-38.5846],[-69.3665,-38.5846],[-69.3665,-38.5846],[-69.3665,-38.5846],[-69.3665,-38.5847],[-69.3665,-38.5847],[-69.3665,-38.5847],[-69.3665,-38.5847],[-69.3665,-38.5847],[-69.3665,-38.5847],[-69.3664,-38.5847],[-69.3664,-38.5847],[-69.3664,-38.5847],[-69.3664,-38.5847],[-69.3664,-38.5847],[-69.3664,-38.5847],[-69.3664,-38.5847],[-69.3664,-38.5847],[-69.3664,-38.5847],[-69.3664,-38.5847],[-69.3664,-38.5847],[-69.3664,-38.5847],[-69.3663,-38.5847],[-69.3663,-38.5847],[-69.3663,-38.5847],[-69.3663,-38.5847],[-69.3663,-38.5847],[-69.3663,-38.5847],[-69.3663,-38.5847],[-69.3663,-38.5847],[-69.3663,-38.5848],[-69.3663,-38.5848],[-69.3663,-38.5848],[-69.3663,-38.5848],[-69.3663,-38.5848],[-69.3662,-38.5848],[-69.3662,-38.5848],[-69.3662,-38.5848],[-69.3662,-38.5848],[-69.3662,-38.5848],[-69.3662,-38.5848],[-69.3662,-38.5848],[-69.3662,-38.5848],[-69.3662,-38.5848],[-69.3662,-38.5848],[-69.3662,-38.5848],[-69.3662,-38.5848],[-69.3662,-38.5848],[-69.3662,-38.5848],[-69.3661,-38.5848],[-69.3661,-38.5849],[-69.3661,-38.5849],[-69.3661,-38.5849],[-69.3661,-38.5849],[-69.3661,-38.5849],[-69.3661,-38.5849],[-69.3661,-38.5849],[-69.3661,-38.5849],[-69.3661,-38.5849],[-69.3661,-38.5849],[-69.3661,-38.5849],[-69.3661,-38.5849],[-69.366,-38.5849],[-69.366,-38.5849],[-69.366,-38.5849],[-69.366,-38.5849],[-69.366,-38.5849],[-69.366,-38.5849],[-69.366,-38.5849],[-69.366,-38.5849],[-69.366,-38.5849],[-69.366,-38.585],[-69.366,-38.585],[-69.366,-38.585],[-69.366,-38.585],[-69.3659,-38.585],[-69.3659,-38.585],[-69.3659,-38.585],[-69.3659,-38.585],[-69.3659,-38.585],[-69.3659,-38.585],[-69.3659,-38.585],[-69.3659,-38.585],[-69.3659,-38.585],[-69.3659,-38.585],[-69.3659,-38.585],[-69.3659,-38.585],[-69.3659,-38.585],[-69.3659,-38.585],[-69.3658,-38.585],[-69.3658,-38.585],[-69.3658,-38.5851],[-69.3658,-38.5851],[-69.3658,-38.5851],[-69.3658,-38.5851],[-69.3658,-38.5851],[-69.3658,-38.5851],[-69.3658,-38.5851],[-69.3658,-38.5851],[-69.3658,-38.5851],[-69.3658,-38.5851],[-69.3658,-38.5851],[-69.3657,-38.5851],[-69.3657,-38.5851],[-69.3657,-38.5851],[-69.3657,-38.5851],[-69.3657,-38.5851],[-69.3657,-38.5851],[-69.3657,-38.5851],[-69.3657,-38.5851],[-69.3657,-38.5851],[-69.3657,-38.5851],[-69.3657,-38.5852],[-69.3657,-38.5852],[-69.3657,-38.5852],[-69.3656,-38.5852],[-69.3656,-38.5852],[-69.3656,-38.5852],[-69.3656,-38.5852],[-69.3656,-38.5852],[-69.3656,-38.5852],[-69.3656,-38.5852],[-69.3656,-38.5852],[-69.3656,-38.5852],[-69.3656,-38.5852],[-69.3656,-38.5852],[-69.3656,-38.5852],[-69.3656,-38.5852],[-69.3655,-38.5852],[-69.3655,-38.5852],[-69.3655,-38.5852],[-69.3655,-38.5852],[-69.3655,-38.5852],[-69.3655,-38.5852],[-69.3655,-38.5853],[-69.3655,-38.5853],[-69.3655,-38.5853],[-69.3655,-38.5853],[-69.3655,-38.5853],[-69.3655,-38.5853],[-69.3655,-38.5853],[-69.3654,-38.5853],[-69.3654,-38.5853],[-69.3654,-38.5853],[-69.3654,-38.5853],[-69.3654,-38.5853],[-69.3654,-38.5853],[-69.3654,-38.5853],[-69.3654,-38.5853],[-69.3654,-38.5853],[-69.3654,-38.5853],[-69.3654,-38.5853],[-69.3654,-38.5853],[-69.3654,-38.5853],[-69.3653,-38.5853],[-69.3653,-38.5853],[-69.3653,-38.5854],[-69.3653,-38.5854],[-69.3653,-38.5854],[-69.3653,-38.5854],[-69.3653,-38.5854],[-69.3653,-38.5854],[-69.3653,-38.5854],[-69.3653,-38.5854],[-69.3653,-38.5854],[-69.3653,-38.5854],[-69.3653,-38.5854],[-69.3652,-38.5854],[-69.3652,-38.5854],[-69.3652,-38.5854],[-69.3652,-38.5854],[-69.3652,-38.5854],[-69.3652,-38.5854],[-69.3652,-38.5854],[-69.3652,-38.5854],[-69.3652,-38.5854],[-69.3652,-38.5854],[-69.3652,-38.5854],[-69.3652,-38.5855],[-69.3652,-38.5855],[-69.3651,-38.5855],[-69.3651,-38.5855],[-69.3651,-38.5855],[-69.3651,-38.5855],[-69.3651,-38.5855],[-69.3651,-38.5855],[-69.3651,-38.5855],[-69.3651,-38.5855],[-69.3651,-38.5855],[-69.3651,-38.5855],[-69.3651,-38.5855],[-69.3651,-38.5855],[-69.3651,-38.5855],[-69.365,-38.5855],[-69.365,-38.5855],[-69.365,-38.5855],[-69.365,-38.5855],[-69.365,-38.5855],[-69.365,-38.5855],[-69.365,-38.5855],[-69.365,-38.5855],[-69.365,-38.5856],[-69.365,-38.5856],[-69.365,-38.5856],[-69.365,-38.5856],[-69.3649,-38.5856],[-69.3649,-38.5856],[-69.3649,-38.5856],[-69.3649,-38.5856],[-69.3649,-38.5856],[-69.3649,-38.5856],[-69.3649,-38.5856],[-69.3649,-38.5856],[-69.3649,-38.5856],[-69.3649,-38.5856],[-69.3649,-38.5856],[-69.3649,-38.5856],[-69.3649,-38.5856],[-69.3648,-38.5856],[-69.3648,-38.5856],[-69.3648,-38.5856],[-69.3648,-38.5856],[-69.3648,-38.5856],[-69.3648,-38.5857],[-69.3648,-38.5857],[-69.3648,-38.5857],[-69.3648,-38.5857],[-69.3648,-38.5857],[-69.3648,-38.5857],[-69.3648,-38.5857],[-69.3648,-38.5857],[-69.3647,-38.5857],[-69.3647,-38.5857],[-69.3647,-38.5857],[-69.3647,-38.5857],[-69.3647,-38.5857],[-69.3647,-38.5857],[-69.3647,-38.5857],[-69.3647,-38.5857],[-69.3647,-38.5857],[-69.3647,-38.5857],[-69.3647,-38.5857],[-69.3647,-38.5857],[-69.3646,-38.5857],[-69.3646,-38.5857],[-69.3646,-38.5857],[-69.3646,-38.5857],[-69.3646,-38.5857],[-69.3646,-38.5857],[-69.3646,-38.5858],[-69.3646,-38.5858],[-69.3646,-38.5858],[-69.3646,-38.5858],[-69.3646,-38.5858],[-69.3646,-38.5858],[-69.3646,-38.5858],[-69.3645,-38.5858],[-69.3645,-38.5858],[-69.3645,-38.5858],[-69.3645,-38.5858],[-69.3645,-38.5858],[-69.3645,-38.5858],[-69.3645,-38.5858],[-69.3645,-38.5858],[-69.3645,-38.5858],[-69.3645,-38.5858],[-69.3645,-38.5858],[-69.3645,-38.5858],[-69.3644,-38.5858],[-69.3644,-38.5858],[-69.3644,-38.5858],[-69.3644,-38.5858],[-69.3644,-38.5858],[-69.3644,-38.5858],[-69.3644,-38.5858],[-69.3644,-38.5859],[-69.3644,-38.5859],[-69.3644,-38.5859],[-69.3644,-38.5859],[-69.3644,-38.5859],[-69.3643,-38.5859],[-69.3643,-38.5859],[-69.3643,-38.5859],[-69.3643,-38.5859],[-69.3643,-38.5859],[-69.3643,-38.5859],[-69.3643,-38.5859],[-69.3643,-38.5859],[-69.3643,-38.5859],[-69.3643,-38.5859],[-69.3643,-38.5859],[-69.3643,-38.5859],[-69.3643,-38.5859],[-69.3642,-38.5859],[-69.3642,-38.5859],[-69.3642,-38.5859],[-69.3642,-38.5859],[-69.3642,-38.5859],[-69.3642,-38.5859],[-69.3642,-38.5859],[-69.3642,-38.5859],[-69.3642,-38.586],[-69.3642,-38.586],[-69.3642,-38.586],[-69.3642,-38.586],[-69.3641,-38.586],[-69.3641,-38.586],[-69.3641,-38.586],[-69.3641,-38.586],[-69.3641,-38.586],[-69.3641,-38.586],[-69.3641,-38.586],[-69.3641,-38.586],[-69.3641,-38.586],[-69.3641,-38.586],[-69.3641,-38.586],[-69.3641,-38.586],[-69.364,-38.586],[-69.364,-38.586],[-69.364,-38.586],[-69.364,-38.586],[-69.364,-38.586],[-69.364,-38.586],[-69.364,-38.586],[-69.364,-38.586],[-69.364,-38.586],[-69.364,-38.586],[-69.364,-38.586],[-69.364,-38.5861],[-69.364,-38.5861],[-69.3639,-38.5861],[-69.3639,-38.5861],[-69.3639,-38.5861],[-69.3639,-38.5861],[-69.3639,-38.5861],[-69.3639,-38.5861],[-69.3639,-38.5861],[-69.3639,-38.5861],[-69.3639,-38.5861],[-69.3639,-38.5861],[-69.3639,-38.5861],[-69.3639,-38.5861],[-69.3638,-38.5861],[-69.3638,-38.5861],[-69.3638,-38.5861],[-69.3638,-38.5861],[-69.3638,-38.5861],[-69.3638,-38.5861],[-69.3638,-38.5861],[-69.3638,-38.5861],[-69.3638,-38.5861],[-69.3638,-38.5861],[-69.3638,-38.5861],[-69.3638,-38.5861],[-69.3637,-38.5862],[-69.3637,-38.5862],[-69.3637,-38.5862],[-69.3637,-38.5862],[-69.3637,-38.5862],[-69.3637,-38.5862],[-69.3637,-38.5862],[-69.3637,-38.5862],[-69.3637,-38.5862],[-69.3637,-38.5862],[-69.3637,-38.5862],[-69.3637,-38.5862],[-69.3636,-38.5862],[-69.3636,-38.5862],[-69.3636,-38.5862],[-69.3636,-38.5862],[-69.3636,-38.5862],[-69.3636,-38.5862],[-69.3636,-38.5862],[-69.3636,-38.5862],[-69.3636,-38.5862],[-69.3636,-38.5862],[-69.3636,-38.5862],[-69.3636,-38.5862],[-69.3635,-38.5862],[-69.3635,-38.5862],[-69.3635,-38.5862],[-69.3635,-38.5862],[-69.3635,-38.5862],[-69.3635,-38.5862],[-69.3635,-38.5862],[-69.3635,-38.5862],[-69.3635,-38.5863],[-69.3635,-38.5863],[-69.3635,-38.5863],[-69.3635,-38.5863],[-69.3634,-38.5863],[-69.3634,-38.5863],[-69.3634,-38.5863],[-69.3634,-38.5863],[-69.3634,-38.5863],[-69.3634,-38.5863],[-69.3634,-38.5863],[-69.3634,-38.5863],[-69.3634,-38.5863],[-69.3634,-38.5863],[-69.3634,-38.5863],[-69.3634,-38.5863],[-69.3633,-38.5863],[-69.3633,-38.5863],[-69.3633,-38.5863],[-69.3633,-38.5863],[-69.3633,-38.5863],[-69.3633,-38.5863],[-69.3633,-38.5863],[-69.3633,-38.5863],[-69.3633,-38.5863],[-69.3633,-38.5863],[-69.3633,-38.5863],[-69.3633,-38.5863],[-69.3632,-38.5863],[-69.3632,-38.5863],[-69.3632,-38.5863],[-69.3632,-38.5863],[-69.3632,-38.5864],[-69.3632,-38.5864],[-69.3632,-38.5864],[-69.3632,-38.5864],[-69.3632,-38.5864],[-69.3632,-38.5864],[-69.3632,-38.5864],[-69.3632,-38.5864],[-69.3631,-38.5864],[-69.3631,-38.5864],[-69.3631,-38.5864],[-69.3631,-38.5864],[-69.3631,-38.5864],[-69.3631,-38.5864],[-69.3631,-38.5864],[-69.3631,-38.5864],[-69.3631,-38.5864],[-69.3631,-38.5864],[-69.3631,-38.5864],[-69.3631,-38.5864],[-69.363,-38.5864],[-69.363,-38.5864],[-69.363,-38.5864],[-69.363,-38.5864],[-69.363,-38.5864],[-69.363,-38.5864],[-69.363,-38.5864],[-69.363,-38.5864],[-69.363,-38.5864],[-69.363,-38.5864],[-69.363,-38.5864],[-69.363,-38.5864],[-69.3629,-38.5865],[-69.3629,-38.5865],[-69.3629,-38.5865],[-69.3629,-38.5865],[-69.3629,-38.5865],[-69.3629,-38.5865],[-69.3629,-38.5865],[-69.3629,-38.5865],[-69.3629,-38.5865],[-69.3629,-38.5865],[-69.3629,-38.5865],[-69.3629,-38.5865],[-69.3628,-38.5865],[-69.3628,-38.5865],[-69.3628,-38.5865],[-69.3628,-38.5865],[-69.3628,-38.5865],[-69.3628,-38.5865],[-69.3628,-38.5865],[-69.3628,-38.5865],[-69.3628,-38.5865],[-69.3628,-38.5865],[-69.3628,-38.5865],[-69.3628,-38.5865],[-69.3627,-38.5865],[-69.3627,-38.5865],[-69.3627,-38.5865],[-69.3627,-38.5865],[-69.3627,-38.5865],[-69.3627,-38.5865],[-69.3627,-38.5865],[-69.3627,-38.5866],[-69.3627,-38.5866],[-69.3627,-38.5866],[-69.3627,-38.5866],[-69.3627,-38.5866],[-69.3626,-38.5866],[-69.3626,-38.5866],[-69.3626,-38.5866],[-69.3626,-38.5866],[-69.3626,-38.5866],[-69.3626,-38.5866],[-69.3626,-38.5866],[-69.3626,-38.5866],[-69.3626,-38.5866],[-69.3626,-38.5866],[-69.3626,-38.5866],[-69.3626,-38.5866],[-69.3625,-38.5866],[-69.3625,-38.5866],[-69.3625,-38.5866],[-69.3625,-38.5866],[-69.3625,-38.5866],[-69.3625,-38.5866],[-69.3625,-38.5866],[-69.3625,-38.5866],[-69.3625,-38.5866],[-69.3625,-38.5866],[-69.3625,-38.5866],[-69.3624,-38.5866],[-69.3624,-38.5866],[-69.3624,-38.5866],[-69.3624,-38.5867],[-69.3624,-38.5867],[-69.3624,-38.5867],[-69.3624,-38.5867],[-69.3624,-38.5867],[-69.3624,-38.5867],[-69.3624,-38.5867],[-69.3624,-38.5867],[-69.3624,-38.5867],[-69.3623,-38.5867],[-69.3623,-38.5867],[-69.3623,-38.5867],[-69.3623,-38.5867],[-69.3623,-38.5867],[-69.3623,-38.5867],[-69.3623,-38.5867],[-69.3623,-38.5867],[-69.3623,-38.5867],[-69.3623,-38.5867],[-69.3623,-38.5867],[-69.3623,-38.5867],[-69.3622,-38.5867],[-69.3622,-38.5867],[-69.3622,-38.5867],[-69.3622,-38.5867],[-69.3622,-38.5867],[-69.3622,-38.5867],[-69.3622,-38.5867],[-69.3622,-38.5867],[-69.3622,-38.5867],[-69.3622,-38.5868],[-69.3622,-38.5868],[-69.3622,-38.5868],[-69.3621,-38.5868],[-69.3621,-38.5868],[-69.3621,-38.5868],[-69.3621,-38.5868],[-69.3621,-38.5868],[-69.3621,-38.5868],[-69.3621,-38.5868],[-69.3621,-38.5868],[-69.3621,-38.5868],[-69.3621,-38.5868],[-69.3621,-38.5868],[-69.3621,-38.5868],[-69.362,-38.5868],[-69.362,-38.5868],[-69.362,-38.5868],[-69.362,-38.5868],[-69.362,-38.5868],[-69.362,-38.5868],[-69.362,-38.5868],[-69.362,-38.5868],[-69.362,-38.5868],[-69.362,-38.5868],[-69.362,-38.5868],[-69.362,-38.5868],[-69.3619,-38.5868],[-69.3619,-38.5868],[-69.3619,-38.5868],[-69.3619,-38.5868],[-69.3619,-38.5868],[-69.3619,-38.5868],[-69.3619,-38.5868],[-69.3619,-38.5868],[-69.3619,-38.5868],[-69.3619,-38.5868],[-69.3619,-38.5868],[-69.3618,-38.5868],[-69.3618,-38.5868],[-69.3618,-38.5868],[-69.3618,-38.5868],[-69.3618,-38.5868],[-69.3618,-38.5868],[-69.3618,-38.5868],[-69.3618,-38.5868],[-69.3618,-38.5868],[-69.3618,-38.5868],[-69.3618,-38.5868],[-69.3618,-38.5868],[-69.3617,-38.5868],[-69.3617,-38.5868],[-69.3617,-38.5868],[-69.3617,-38.5868],[-69.3617,-38.5868],[-69.3617,-38.5868],[-69.3617,-38.5868],[-69.3617,-38.5868],[-69.3617,-38.5868],[-69.3617,-38.5868],[-69.3617,-38.5868],[-69.3616,-38.5868],[-69.3616,-38.5868],[-69.3616,-38.5868],[-69.3616,-38.5868],[-69.3616,-38.5868],[-69.3616,-38.5868],[-69.3616,-38.5868],[-69.3616,-38.5868],[-69.3616,-38.5868],[-69.3616,-38.5868],[-69.3616,-38.5868],[-69.3615,-38.5868],[-69.3615,-38.5868],[-69.3615,-38.5868],[-69.3615,-38.5868],[-69.3615,-38.5868],[-69.3615,-38.5868],[-69.3615,-38.5868],[-69.3615,-38.5868],[-69.3615,-38.5868],[-69.3615,-38.5868],[-69.3615,-38.5868],[-69.3615,-38.5868],[-69.3614,-38.5868],[-69.3614,-38.5868],[-69.3614,-38.5868],[-69.3614,-38.5868],[-69.3614,-38.5868],[-69.3614,-38.5868],[-69.3614,-38.5868],[-69.3614,-38.5868],[-69.3614,-38.5868],[-69.3614,-38.5868],[-69.3614,-38.5868],[-69.3614,-38.5868],[-69.3613,-38.5868],[-69.3613,-38.5868],[-69.3613,-38.5868],[-69.3613,-38.5868],[-69.3613,-38.5868],[-69.3613,-38.5868],[-69.3613,-38.5868],[-69.3613,-38.5869],[-69.3613,-38.5869],[-69.3613,-38.5869],[-69.3613,-38.5869],[-69.3613,-38.5869],[-69.3613,-38.5869],[-69.3612,-38.5869],[-69.3612,-38.5869],[-69.3612,-38.5869],[-69.3612,-38.5869],[-69.3612,-38.5869],[-69.3612,-38.5869],[-69.3612,-38.5869],[-69.3612,-38.5869],[-69.3612,-38.5869],[-69.3612,-38.5869],[-69.3612,-38.5869],[-69.3612,-38.5869],[-69.3611,-38.5869],[-69.3611,-38.5869],[-69.3611,-38.5869],[-69.3611,-38.5869],[-69.3611,-38.5869],[-69.3611,-38.5869],[-69.3611,-38.5869],[-69.3611,-38.5869],[-69.3611,-38.587],[-69.3611,-38.587],[-69.3611,-38.587],[-69.3611,-38.587],[-69.3611,-38.587],[-69.361,-38.587],[-69.361,-38.587],[-69.361,-38.587],[-69.361,-38.587],[-69.361,-38.587],[-69.361,-38.587],[-69.361,-38.587],[-69.361,-38.587],[-69.361,-38.587],[-69.361,-38.587],[-69.361,-38.587],[-69.361,-38.587],[-69.361,-38.587],[-69.3609,-38.587],[-69.3609,-38.587],[-69.3609,-38.587],[-69.3609,-38.587],[-69.3609,-38.587],[-69.3609,-38.587],[-69.3609,-38.587],[-69.3609,-38.5871],[-69.3609,-38.5871],[-69.3609,-38.5871],[-69.3609,-38.5871],[-69.3609,-38.5871],[-69.3608,-38.5871],[-69.3608,-38.5871],[-69.3608,-38.5871],[-69.3608,-38.5871],[-69.3608,-38.5871],[-69.3608,-38.5871],[-69.3608,-38.5871],[-69.3608,-38.5871],[-69.3608,-38.5871],[-69.3608,-38.5871],[-69.3608,-38.5871],[-69.3608,-38.5871],[-69.3608,-38.5871],[-69.3607,-38.5871],[-69.3607,-38.5871],[-69.3607,-38.5871],[-69.3607,-38.5871],[-69.3607,-38.5871],[-69.3607,-38.5871],[-69.3607,-38.5872],[-69.3607,-38.5872],[-69.3607,-38.5872],[-69.3607,-38.5872],[-69.3607,-38.5872],[-69.3607,-38.5872],[-69.3606,-38.5872],[-69.3606,-38.5872],[-69.3606,-38.5872],[-69.3606,-38.5872],[-69.3606,-38.5872],[-69.3606,-38.5872],[-69.3606,-38.5872],[-69.3606,-38.5872],[-69.3606,-38.5872],[-69.3606,-38.5872],[-69.3606,-38.5872],[-69.3606,-38.5872],[-69.3606,-38.5872],[-69.3605,-38.5872],[-69.3605,-38.5872],[-69.3605,-38.5872],[-69.3605,-38.5872],[-69.3605,-38.5872],[-69.3605,-38.5873],[-69.3605,-38.5873],[-69.3605,-38.5873],[-69.3605,-38.5873],[-69.3605,-38.5873],[-69.3605,-38.5873],[-69.3605,-38.5873],[-69.3605,-38.5873],[-69.3604,-38.5873],[-69.3604,-38.5873],[-69.3604,-38.5873],[-69.3604,-38.5873],[-69.3604,-38.5873],[-69.3604,-38.5873],[-69.3604,-38.5873],[-69.3604,-38.5873],[-69.3604,-38.5873],[-69.3604,-38.5873],[-69.3604,-38.5873],[-69.3604,-38.5873],[-69.3603,-38.5873],[-69.3603,-38.5873],[-69.3603,-38.5873],[-69.3603,-38.5873],[-69.3603,-38.5874],[-69.3603,-38.5874],[-69.3603,-38.5874],[-69.3603,-38.5874],[-69.3603,-38.5874],[-69.3603,-38.5874],[-69.3603,-38.5874],[-69.3603,-38.5874],[-69.3603,-38.5874],[-69.3602,-38.5874],[-69.3602,-38.5874],[-69.3602,-38.5874],[-69.3602,-38.5874],[-69.3602,-38.5874],[-69.3602,-38.5874],[-69.3602,-38.5874],[-69.3602,-38.5874],[-69.3602,-38.5874],[-69.3602,-38.5874],[-69.3602,-38.5874],[-69.3602,-38.5874],[-69.3602,-38.5874],[-69.3601,-38.5874],[-69.3601,-38.5874],[-69.3601,-38.5875],[-69.3601,-38.5875],[-69.3601,-38.5875],[-69.3601,-38.5875],[-69.3601,-38.5875],[-69.3601,-38.5875],[-69.3601,-38.5875],[-69.3601,-38.5875],[-69.3601,-38.5875],[-69.3601,-38.5875],[-69.36,-38.5875],[-69.36,-38.5875],[-69.36,-38.5875],[-69.36,-38.5875],[-69.36,-38.5875],[-69.36,-38.5875],[-69.36,-38.5875],[-69.36,-38.5875],[-69.36,-38.5875],[-69.36,-38.5875],[-69.36,-38.5875],[-69.36,-38.5875],[-69.36,-38.5875],[-69.3599,-38.5875],[-69.3599,-38.5876],[-69.3599,-38.5876],[-69.3599,-38.5876],[-69.3599,-38.5876],[-69.3599,-38.5876],[-69.3599,-38.5876],[-69.3599,-38.5876],[-69.3599,-38.5876],[-69.3599,-38.5876],[-69.3599,-38.5876],[-69.3599,-38.5876],[-69.3599,-38.5876],[-69.3598,-38.5876],[-69.3598,-38.5876],[-69.3598,-38.5876],[-69.3598,-38.5876],[-69.3598,-38.5876],[-69.3598,-38.5876],[-69.3598,-38.5876],[-69.3598,-38.5876],[-69.3598,-38.5876],[-69.3598,-38.5876],[-69.3598,-38.5876],[-69.3598,-38.5876],[-69.3597,-38.5876],[-69.3597,-38.5877],[-69.3597,-38.5877],[-69.3597,-38.5877],[-69.3597,-38.5877],[-69.3597,-38.5877],[-69.3597,-38.5877],[-69.3597,-38.5877],[-69.3597,-38.5877],[-69.3597,-38.5877],[-69.3597,-38.5877],[-69.3597,-38.5877],[-69.3597,-38.5877],[-69.3596,-38.5877],[-69.3596,-38.5877],[-69.3596,-38.5877],[-69.3596,-38.5877],[-69.3596,-38.5877],[-69.3596,-38.5877],[-69.3596,-38.5877],[-69.3596,-38.5877],[-69.3596,-38.5877],[-69.3596,-38.5877],[-69.3596,-38.5877],[-69.3596,-38.5877],[-69.3595,-38.5877],[-69.3595,-38.5878],[-69.3595,-38.5878],[-69.3595,-38.5878],[-69.3595,-38.5878],[-69.3595,-38.5878],[-69.3595,-38.5878],[-69.3595,-38.5878],[-69.3595,-38.5878],[-69.3595,-38.5878],[-69.3595,-38.5878],[-69.3595,-38.5878],[-69.3594,-38.5878],[-69.3594,-38.5878],[-69.3594,-38.5878],[-69.3594,-38.5878],[-69.3594,-38.5878],[-69.3594,-38.5878],[-69.3594,-38.5878],[-69.3594,-38.5878],[-69.3594,-38.5878],[-69.3594,-38.5878],[-69.3594,-38.5878],[-69.3594,-38.5878],[-69.3594,-38.5878],[-69.3593,-38.5878],[-69.3593,-38.5878],[-69.3593,-38.5879],[-69.3593,-38.5879],[-69.3593,-38.5879],[-69.3593,-38.5879],[-69.3593,-38.5879],[-69.3593,-38.5879],[-69.3593,-38.5879],[-69.3593,-38.5879],[-69.3593,-38.5879],[-69.3593,-38.5879],[-69.3592,-38.5879],[-69.3592,-38.5879],[-69.3592,-38.5879],[-69.3592,-38.5879],[-69.3592,-38.5879],[-69.3592,-38.5879],[-69.3592,-38.5879],[-69.3592,-38.5879],[-69.3592,-38.5879],[-69.3592,-38.5879],[-69.3592,-38.5879],[-69.3592,-38.5879],[-69.3592,-38.5879],[-69.3591,-38.5879],[-69.3591,-38.5879],[-69.3591,-38.588],[-69.3591,-38.588],[-69.3591,-38.588],[-69.3591,-38.588],[-69.3591,-38.588],[-69.3591,-38.588],[-69.3591,-38.588],[-69.3591,-38.588],[-69.3591,-38.588],[-69.3591,-38.588],[-69.359,-38.588],[-69.359,-38.588],[-69.359,-38.588],[-69.359,-38.588],[-69.359,-38.588],[-69.359,-38.588],[-69.359,-38.588],[-69.359,-38.588],[-69.359,-38.588],[-69.359,-38.588],[-69.359,-38.588],[-69.359,-38.588],[-69.3589,-38.588],[-69.3589,-38.588],[-69.3589,-38.588],[-69.3589,-38.588],[-69.3589,-38.5881],[-69.3589,-38.5881],[-69.3589,-38.5881],[-69.3589,-38.5881],[-69.3589,-38.5881],[-69.3589,-38.5881],[-69.3589,-38.5881],[-69.3589,-38.5881],[-69.3589,-38.5881],[-69.3588,-38.5881],[-69.3588,-38.5881],[-69.3588,-38.5881],[-69.3588,-38.5881],[-69.3588,-38.5881],[-69.3588,-38.5881],[-69.3588,-38.5881],[-69.3588,-38.5881],[-69.3588,-38.5881],[-69.3588,-38.5881],[-69.3588,-38.5881],[-69.3588,-38.5881],[-69.3587,-38.5881],[-69.3587,-38.5881],[-69.3587,-38.5881],[-69.3587,-38.5881],[-69.3587,-38.5881],[-69.3587,-38.5882],[-69.3587,-38.5882],[-69.3587,-38.5882],[-69.3587,-38.5882],[-69.3587,-38.5882],[-69.3587,-38.5882],[-69.3587,-38.5882],[-69.3587,-38.5882],[-69.3586,-38.5882],[-69.3586,-38.5882],[-69.3586,-38.5882],[-69.3586,-38.5882],[-69.3586,-38.5882],[-69.3586,-38.5882],[-69.3586,-38.5882],[-69.3586,-38.5882],[-69.3586,-38.5882],[-69.3586,-38.5882],[-69.3586,-38.5882],[-69.3586,-38.5882],[-69.3585,-38.5882],[-69.3585,-38.5882],[-69.3585,-38.5882],[-69.3585,-38.5882],[-69.3585,-38.5882],[-69.3585,-38.5883],[-69.3585,-38.5883],[-69.3585,-38.5883],[-69.3585,-38.5883],[-69.3585,-38.5883],[-69.3585,-38.5883],[-69.3585,-38.5883],[-69.3585,-38.5883],[-69.3584,-38.5883],[-69.3584,-38.5883],[-69.3584,-38.5883],[-69.3584,-38.5883],[-69.3584,-38.5883],[-69.3584,-38.5883],[-69.3584,-38.5883],[-69.3584,-38.5883],[-69.3584,-38.5883],[-69.3584,-38.5883],[-69.3584,-38.5883],[-69.3584,-38.5883],[-69.3584,-38.5883],[-69.3583,-38.5883],[-69.3583,-38.5883],[-69.3583,-38.5884],[-69.3583,-38.5884],[-69.3583,-38.5884],[-69.3583,-38.5884],[-69.3583,-38.5884],[-69.3583,-38.5884],[-69.3583,-38.5884],[-69.3583,-38.5884],[-69.3583,-38.5884],[-69.3583,-38.5884],[-69.3582,-38.5884],[-69.3582,-38.5884],[-69.3582,-38.5884],[-69.3582,-38.5884],[-69.3582,-38.5884],[-69.3582,-38.5884],[-69.3582,-38.5884],[-69.3582,-38.5884],[-69.3582,-38.5884],[-69.3582,-38.5884],[-69.3582,-38.5884],[-69.3582,-38.5884],[-69.3582,-38.5885],[-69.3581,-38.5885],[-69.3581,-38.5885],[-69.3581,-38.5885],[-69.3581,-38.5885],[-69.3581,-38.5885],[-69.3581,-38.5885],[-69.3581,-38.5885],[-69.3581,-38.5885],[-69.3581,-38.5885],[-69.3581,-38.5885],[-69.3581,-38.5885],[-69.3581,-38.5885],[-69.3581,-38.5885],[-69.358,-38.5885],[-69.358,-38.5885],[-69.358,-38.5885],[-69.358,-38.5885],[-69.358,-38.5885],[-69.358,-38.5885],[-69.358,-38.5885],[-69.358,-38.5886],[-69.358,-38.5886],[-69.358,-38.5886],[-69.358,-38.5886],[-69.358,-38.5886],[-69.358,-38.5886],[-69.3579,-38.5886],[-69.3579,-38.5886],[-69.3579,-38.5886],[-69.3579,-38.5886],[-69.3579,-38.5886],[-69.3579,-38.5886],[-69.3579,-38.5886],[-69.3579,-38.5886],[-69.3579,-38.5886],[-69.3579,-38.5886],[-69.3579,-38.5886],[-69.3579,-38.5886],[-69.3579,-38.5886],[-69.3578,-38.5886],[-69.3578,-38.5886],[-69.3578,-38.5886],[-69.3578,-38.5887],[-69.3578,-38.5887],[-69.3578,-38.5887],[-69.3578,-38.5887],[-69.3578,-38.5887],[-69.3578,-38.5887],[-69.3578,-38.5887],[-69.3578,-38.5887],[-69.3578,-38.5887],[-69.3578,-38.5887],[-69.3577,-38.5887],[-69.3577,-38.5887],[-69.3577,-38.5887],[-69.3577,-38.5887],[-69.3577,-38.5887],[-69.3577,-38.5887],[-69.3577,-38.5887],[-69.3577,-38.5887],[-69.3577,-38.5887],[-69.3577,-38.5887],[-69.3577,-38.5887],[-69.3577,-38.5887],[-69.3577,-38.5887],[-69.3576,-38.5888],[-69.3576,-38.5888],[-69.3576,-38.5888],[-69.3576,-38.5888],[-69.3576,-38.5888],[-69.3576,-38.5888],[-69.3576,-38.5888],[-69.3576,-38.5888],[-69.3576,-38.5888],[-69.3576,-38.5888],[-69.3576,-38.5888],[-69.3576,-38.5888],[-69.3576,-38.5888],[-69.3575,-38.5888],[-69.3575,-38.5888],[-69.3575,-38.5888],[-69.3575,-38.5888],[-69.3575,-38.5888],[-69.3575,-38.5888],[-69.3575,-38.5888],[-69.3575,-38.5888],[-69.3575,-38.5888],[-69.3575,-38.5888],[-69.3575,-38.5889],[-69.3575,-38.5889],[-69.3574,-38.5889],[-69.3574,-38.5889],[-69.3574,-38.5889],[-69.3574,-38.5889],[-69.3574,-38.5889],[-69.3574,-38.5889],[-69.3574,-38.5889],[-69.3574,-38.5889],[-69.3574,-38.5889],[-69.3574,-38.5889],[-69.3574,-38.5889],[-69.3574,-38.5889],[-69.3574,-38.5889],[-69.3573,-38.5889],[-69.3573,-38.5889],[-69.3573,-38.5889],[-69.3573,-38.5889],[-69.3573,-38.5889],[-69.3573,-38.5889],[-69.3573,-38.5889],[-69.3573,-38.5889],[-69.3573,-38.589],[-69.3573,-38.589],[-69.3573,-38.589],[-69.3573,-38.589],[-69.3573,-38.589],[-69.3572,-38.589],[-69.3572,-38.589],[-69.3572,-38.589],[-69.3572,-38.589],[-69.3572,-38.589],[-69.3572,-38.589],[-69.3572,-38.589],[-69.3572,-38.589],[-69.3572,-38.589],[-69.3572,-38.589],[-69.3572,-38.589],[-69.3572,-38.589],[-69.3571,-38.589],[-69.3571,-38.589],[-69.3571,-38.589],[-69.3571,-38.589],[-69.3571,-38.589],[-69.3571,-38.589],[-69.3571,-38.589],[-69.3571,-38.5891],[-69.3571,-38.5891],[-69.3571,-38.5891],[-69.3571,-38.5891],[-69.3571,-38.5891],[-69.3571,-38.5891],[-69.357,-38.5891],[-69.357,-38.5891],[-69.357,-38.5891],[-69.357,-38.5891],[-69.357,-38.5891],[-69.357,-38.5891],[-69.357,-38.5891],[-69.357,-38.5891],[-69.357,-38.5891],[-69.357,-38.5891],[-69.357,-38.5891],[-69.357,-38.5891],[-69.357,-38.5891],[-69.3569,-38.5891],[-69.3569,-38.5891],[-69.3569,-38.5891],[-69.3569,-38.5892],[-69.3569,-38.5892],[-69.3569,-38.5892],[-69.3569,-38.5892],[-69.3569,-38.5892],[-69.3569,-38.5892],[-69.3569,-38.5892],[-69.3569,-38.5892],[-69.3569,-38.5892],[-69.3569,-38.5892],[-69.3568,-38.5892],[-69.3568,-38.5892],[-69.3568,-38.5892],[-69.3568,-38.5892],[-69.3568,-38.5892],[-69.3568,-38.5892],[-69.3568,-38.5892],[-69.3568,-38.5892],[-69.3568,-38.5892],[-69.3568,-38.5892],[-69.3568,-38.5892],[-69.3568,-38.5893],[-69.3568,-38.5893],[-69.3567,-38.5893],[-69.3567,-38.5893],[-69.3567,-38.5893],[-69.3567,-38.5893],[-69.3567,-38.5893],[-69.3567,-38.5893],[-69.3567,-38.5893],[-69.3567,-38.5893],[-69.3567,-38.5893],[-69.3567,-38.5893],[-69.3567,-38.5893],[-69.3567,-38.5893],[-69.3567,-38.5893],[-69.3567,-38.5893],[-69.3566,-38.5893],[-69.3566,-38.5893],[-69.3566,-38.5893],[-69.3566,-38.5893],[-69.3566,-38.5893],[-69.3566,-38.5894],[-69.3566,-38.5894],[-69.3566,-38.5894],[-69.3566,-38.5894],[-69.3566,-38.5894],[-69.3566,-38.5894],[-69.3566,-38.5894],[-69.3566,-38.5894],[-69.3565,-38.5894],[-69.3565,-38.5894],[-69.3565,-38.5894],[-69.3565,-38.5894],[-69.3565,-38.5894],[-69.3565,-38.5894],[-69.3565,-38.5894],[-69.3565,-38.5894],[-69.3565,-38.5894],[-69.3565,-38.5894],[-69.3565,-38.5894],[-69.3565,-38.5894],[-69.3565,-38.5894],[-69.3564,-38.5895],[-69.3564,-38.5895],[-69.3564,-38.5895],[-69.3564,-38.5895],[-69.3564,-38.5895],[-69.3564,-38.5895],[-69.3564,-38.5895],[-69.3564,-38.5895],[-69.3564,-38.5895],[-69.3564,-38.5895],[-69.3564,-38.5895],[-69.3564,-38.5895],[-69.3564,-38.5895],[-69.3563,-38.5895],[-69.3563,-38.5895],[-69.3563,-38.5895],[-69.3563,-38.5895],[-69.3563,-38.5895],[-69.3563,-38.5895],[-69.3563,-38.5895],[-69.3563,-38.5895],[-69.3563,-38.5896],[-69.3563,-38.5896],[-69.3563,-38.5896],[-69.3563,-38.5896],[-69.3563,-38.5896],[-69.3562,-38.5896],[-69.3562,-38.5896],[-69.3562,-38.5896],[-69.3562,-38.5896],[-69.3562,-38.5896],[-69.3562,-38.5896],[-69.3562,-38.5896],[-69.3562,-38.5896],[-69.3562,-38.5896],[-69.3562,-38.5896],[-69.3562,-38.5896],[-69.3562,-38.5896],[-69.3562,-38.5896],[-69.3562,-38.5896],[-69.3561,-38.5896],[-69.3561,-38.5896],[-69.3561,-38.5897],[-69.3561,-38.5897],[-69.3561,-38.5897],[-69.3561,-38.5897],[-69.3561,-38.5897],[-69.3561,-38.5897],[-69.3561,-38.5897],[-69.3561,-38.5897],[-69.3561,-38.5897],[-69.3561,-38.5897],[-69.3561,-38.5897],[-69.356,-38.5897],[-69.356,-38.5897],[-69.356,-38.5897],[-69.356,-38.5897],[-69.356,-38.5897],[-69.356,-38.5897],[-69.356,-38.5897],[-69.356,-38.5897],[-69.356,-38.5897],[-69.356,-38.5897],[-69.356,-38.5898],[-69.356,-38.5898],[-69.356,-38.5898],[-69.3559,-38.5898],[-69.3559,-38.5898],[-69.3559,-38.5898],[-69.3559,-38.5898],[-69.3559,-38.5898],[-69.3559,-38.5898],[-69.3559,-38.5898],[-69.3559,-38.5898],[-69.3559,-38.5898],[-69.3559,-38.5898],[-69.3559,-38.5898],[-69.3559,-38.5898],[-69.3559,-38.5898],[-69.3558,-38.5898],[-69.3558,-38.5898],[-69.3558,-38.5898],[-69.3558,-38.5898],[-69.3558,-38.5898],[-69.3558,-38.5898],[-69.3558,-38.5899],[-69.3558,-38.5899],[-69.3558,-38.5899],[-69.3558,-38.5899],[-69.3558,-38.5899],[-69.3558,-38.5899],[-69.3558,-38.5899],[-69.3557,-38.5899],[-69.3557,-38.5899],[-69.3557,-38.5899],[-69.3557,-38.5899],[-69.3557,-38.5899],[-69.3557,-38.5899],[-69.3557,-38.5899],[-69.3557,-38.5899],[-69.3557,-38.5899],[-69.3557,-38.5899],[-69.3557,-38.5899],[-69.3557,-38.5899],[-69.3557,-38.5899],[-69.3556,-38.5899],[-69.3556,-38.5899],[-69.3556,-38.59],[-69.3556,-38.59],[-69.3556,-38.59],[-69.3556,-38.59],[-69.3556,-38.59],[-69.3556,-38.59],[-69.3556,-38.59],[-69.3556,-38.59],[-69.3556,-38.59],[-69.3556,-38.59],[-69.3556,-38.59],[-69.3555,-38.59],[-69.3555,-38.59],[-69.3555,-38.59],[-69.3555,-38.59],[-69.3555,-38.59],[-69.3555,-38.59],[-69.3555,-38.59],[-69.3555,-38.59],[-69.3555,-38.59],[-69.3555,-38.59],[-69.3555,-38.59],[-69.3555,-38.5901],[-69.3555,-38.5901],[-69.3554,-38.5901],[-69.3554,-38.5901],[-69.3554,-38.5901],[-69.3554,-38.5901],[-69.3554,-38.5901],[-69.3554,-38.5901],[-69.3554,-38.5901],[-69.3554,-38.5901],[-69.3554,-38.5901],[-69.3554,-38.5901],[-69.3554,-38.5901],[-69.3554,-38.5901],[-69.3553,-38.5901],[-69.3553,-38.5901],[-69.3553,-38.5901],[-69.3553,-38.5901],[-69.3553,-38.5901],[-69.3553,-38.5901],[-69.3553,-38.5901],[-69.3553,-38.5901],[-69.3553,-38.5902],[-69.3553,-38.5902],[-69.3553,-38.5902],[-69.3553,-38.5902],[-69.3553,-38.5902],[-69.3552,-38.5902],[-69.3552,-38.5902],[-69.3552,-38.5902],[-69.3552,-38.5902],[-69.3552,-38.5902],[-69.3552,-38.5902],[-69.3552,-38.5902],[-69.3552,-38.5902],[-69.3552,-38.5902],[-69.3552,-38.5902],[-69.3552,-38.5902],[-69.3552,-38.5902],[-69.3552,-38.5902],[-69.3551,-38.5902],[-69.3551,-38.5902],[-69.3551,-38.5902],[-69.3551,-38.5902],[-69.3551,-38.5902],[-69.3551,-38.5902],[-69.3551,-38.5902],[-69.3551,-38.5903],[-69.3551,-38.5903],[-69.3551,-38.5903],[-69.3551,-38.5903],[-69.3551,-38.5903],[-69.355,-38.5903],[-69.355,-38.5903],[-69.355,-38.5903],[-69.355,-38.5903],[-69.355,-38.5903],[-69.355,-38.5903],[-69.355,-38.5903],[-69.355,-38.5903],[-69.355,-38.5903],[-69.355,-38.5903],[-69.355,-38.5903],[-69.355,-38.5903],[-69.355,-38.5903],[-69.3549,-38.5903],[-69.3549,-38.5903],[-69.3549,-38.5903],[-69.3549,-38.5903],[-69.3549,-38.5903],[-69.3549,-38.5903],[-69.3549,-38.5903],[-69.3549,-38.5904],[-69.3549,-38.5904],[-69.3549,-38.5904],[-69.3549,-38.5904],[-69.3549,-38.5904],[-69.3549,-38.5904],[-69.3548,-38.5904],[-69.3548,-38.5904],[-69.3548,-38.5904],[-69.3548,-38.5904],[-69.3548,-38.5904],[-69.3548,-38.5904],[-69.3548,-38.5904],[-69.3548,-38.5904],[-69.3548,-38.5904],[-69.3548,-38.5904],[-69.3548,-38.5904],[-69.3548,-38.5904],[-69.3547,-38.5904],[-69.3547,-38.5904],[-69.3547,-38.5904],[-69.3547,-38.5904],[-69.3547,-38.5904],[-69.3547,-38.5904],[-69.3547,-38.5904],[-69.3547,-38.5905],[-69.3547,-38.5905],[-69.3547,-38.5905],[-69.3547,-38.5905],[-69.3547,-38.5905],[-69.3547,-38.5905],[-69.3546,-38.5905],[-69.3546,-38.5905],[-69.3546,-38.5905],[-69.3546,-38.5905],[-69.3546,-38.5905],[-69.3546,-38.5905],[-69.3546,-38.5905],[-69.3546,-38.5905],[-69.3546,-38.5905],[-69.3546,-38.5905],[-69.3546,-38.5905],[-69.3546,-38.5905],[-69.3546,-38.5906],[-69.3546,-38.5906],[-69.3546,-38.5906],[-69.3546,-38.5906],[-69.3545,-38.5906],[-69.3545,-38.5906],[-69.3545,-38.5906],[-69.3545,-38.5906],[-69.3545,-38.5906],[-69.3545,-38.5906],[-69.3545,-38.5906],[-69.3545,-38.5906],[-69.3545,-38.5906],[-69.3545,-38.5906],[-69.3545,-38.5906],[-69.3545,-38.5906],[-69.3545,-38.5907],[-69.3545,-38.5907],[-69.3545,-38.5907],[-69.3544,-38.5907],[-69.3544,-38.5907],[-69.3544,-38.5907],[-69.3544,-38.5907],[-69.3544,-38.5907],[-69.3544,-38.5907],[-69.3544,-38.5907],[-69.3544,-38.5907],[-69.3544,-38.5907],[-69.3544,-38.5907],[-69.3544,-38.5907],[-69.3544,-38.5907],[-69.3544,-38.5908],[-69.3544,-38.5908],[-69.3544,-38.5908],[-69.3544,-38.5908],[-69.3543,-38.5908],[-69.3543,-38.5908],[-69.3543,-38.5908],[-69.3543,-38.5908],[-69.3543,-38.5908],[-69.3543,-38.5908],[-69.3543,-38.5908],[-69.3543,-38.5908],[-69.3543,-38.5908],[-69.3543,-38.5908],[-69.3543,-38.5908],[-69.3543,-38.5908],[-69.3543,-38.5909],[-69.3543,-38.5909],[-69.3543,-38.5909],[-69.3543,-38.5909],[-69.3542,-38.5909],[-69.3542,-38.5909],[-69.3542,-38.5909],[-69.3542,-38.5909],[-69.3542,-38.5909],[-69.3542,-38.5909],[-69.3542,-38.5909],[-69.3542,-38.5909],[-69.3542,-38.5909],[-69.3542,-38.5909],[-69.3542,-38.5909],[-69.3542,-38.5909],[-69.3542,-38.591],[-69.3542,-38.591],[-69.3542,-38.591],[-69.3542,-38.591],[-69.3542,-38.591],[-69.3541,-38.591],[-69.3541,-38.591],[-69.3541,-38.591],[-69.3541,-38.591],[-69.3541,-38.591],[-69.3541,-38.591],[-69.3541,-38.591],[-69.3541,-38.591],[-69.3541,-38.5911],[-69.3541,-38.5911],[-69.3541,-38.5911],[-69.3541,-38.5911],[-69.3541,-38.5911],[-69.3541,-38.5911],[-69.3541,-38.5911],[-69.3541,-38.5911],[-69.3541,-38.5911],[-69.3541,-38.5911],[-69.3541,-38.5911],[-69.3541,-38.5911],[-69.3541,-38.5911],[-69.3541,-38.5912],[-69.354,-38.5912],[-69.354,-38.5912],[-69.354,-38.5912],[-69.354,-38.5912],[-69.354,-38.5912],[-69.354,-38.5912],[-69.354,-38.5912],[-69.354,-38.5912],[-69.354,-38.5912],[-69.354,-38.5912],[-69.354,-38.5912],[-69.354,-38.5912],[-69.354,-38.5913],[-69.354,-38.5913],[-69.354,-38.5913],[-69.354,-38.5913],[-69.354,-38.5913],[-69.354,-38.5913],[-69.354,-38.5913],[-69.354,-38.5913],[-69.354,-38.5913],[-69.3539,-38.5913],[-69.3539,-38.5913],[-69.3539,-38.5913],[-69.3539,-38.5913],[-69.3539,-38.5914],[-69.3539,-38.5914],[-69.3539,-38.5914],[-69.3539,-38.5914],[-69.3539,-38.5914],[-69.3539,-38.5914],[-69.3539,-38.5914],[-69.3539,-38.5914],[-69.3539,-38.5914],[-69.3539,-38.5914],[-69.3539,-38.5914],[-69.3539,-38.5914],[-69.3539,-38.5914],[-69.3539,-38.5915],[-69.3539,-38.5915],[-69.3539,-38.5915],[-69.3539,-38.5915],[-69.3539,-38.5915],[-69.3538,-38.5915],[-69.3538,-38.5915],[-69.3538,-38.5915],[-69.3538,-38.5915],[-69.3538,-38.5915],[-69.3538,-38.5915],[-69.3538,-38.5915],[-69.3538,-38.5915],[-69.3538,-38.5916],[-69.3538,-38.5916],[-69.3538,-38.5916],[-69.3538,-38.5916],[-69.3538,-38.5916],[-69.3538,-38.5916],[-69.3538,-38.5916],[-69.3538,-38.5916],[-69.3538,-38.5916],[-69.3538,-38.5916],[-69.3538,-38.5916],[-69.3538,-38.5916],[-69.3538,-38.5916],[-69.3538,-38.5917],[-69.3537,-38.5917],[-69.3537,-38.5917],[-69.3537,-38.5917],[-69.3537,-38.5917],[-69.3537,-38.5917],[-69.3537,-38.5917],[-69.3537,-38.5917],[-69.3537,-38.5917],[-69.3537,-38.5917],[-69.3537,-38.5917],[-69.3537,-38.5917],[-69.3537,-38.5918],[-69.3537,-38.5918],[-69.3537,-38.5918],[-69.3537,-38.5918],[-69.3537,-38.5918],[-69.3537,-38.5918],[-69.3537,-38.5918],[-69.3537,-38.5918],[-69.3537,-38.5918],[-69.3537,-38.5918],[-69.3537,-38.5918],[-69.3537,-38.5918],[-69.3537,-38.5918],[-69.3536,-38.5919],[-69.3536,-38.5919],[-69.3536,-38.5919],[-69.3536,-38.5919],[-69.3536,-38.5919],[-69.3536,-38.5919],[-69.3536,-38.5919],[-69.3536,-38.5919],[-69.3536,-38.5919],[-69.3536,-38.5919],[-69.3536,-38.5919],[-69.3536,-38.5919],[-69.3536,-38.592],[-69.3536,-38.592],[-69.3536,-38.592],[-69.3536,-38.592],[-69.3536,-38.592],[-69.3536,-38.592],[-69.3536,-38.592],[-69.3536,-38.592],[-69.3536,-38.592],[-69.3536,-38.592],[-69.3536,-38.592],[-69.3536,-38.592],[-69.3536,-38.592],[-69.3536,-38.5921],[-69.3535,-38.5921],[-69.3535,-38.5921],[-69.3535,-38.5921],[-69.3535,-38.5921],[-69.3535,-38.5921],[-69.3535,-38.5921],[-69.3535,-38.5921],[-69.3535,-38.5921],[-69.3535,-38.5921],[-69.3535,-38.5921],[-69.3535,-38.5921],[-69.3535,-38.5922],[-69.3535,-38.5922],[-69.3535,-38.5922],[-69.3535,-38.5922],[-69.3535,-38.5922],[-69.3535,-38.5922],[-69.3535,-38.5922],[-69.3535,-38.5922],[-69.3535,-38.5922],[-69.3535,-38.5922],[-69.3535,-38.5922],[-69.3535,-38.5922],[-69.3535,-38.5922],[-69.3535,-38.5923],[-69.3535,-38.5923],[-69.3534,-38.5923],[-69.3534,-38.5923],[-69.3534,-38.5923],[-69.3534,-38.5923],[-69.3534,-38.5923],[-69.3534,-38.5923],[-69.3534,-38.5923],[-69.3534,-38.5923],[-69.3534,-38.5923],[-69.3534,-38.5923],[-69.3534,-38.5924],[-69.3534,-38.5924],[-69.3534,-38.5924],[-69.3534,-38.5924],[-69.3534,-38.5924],[-69.3534,-38.5924],[-69.3534,-38.5924],[-69.3534,-38.5924],[-69.3534,-38.5924],[-69.3534,-38.5924],[-69.3534,-38.5924],[-69.3534,-38.5924],[-69.3534,-38.5924],[-69.3534,-38.5925],[-69.3534,-38.5925],[-69.3534,-38.5925],[-69.3533,-38.5925],[-69.3533,-38.5925],[-69.3533,-38.5925],[-69.3533,-38.5925],[-69.3533,-38.5925],[-69.3533,-38.5925],[-69.3533,-38.5925],[-69.3533,-38.5925],[-69.3533,-38.5925],[-69.3533,-38.5926],[-69.3533,-38.5926],[-69.3533,-38.5926],[-69.3533,-38.5926],[-69.3533,-38.5926],[-69.3533,-38.5926],[-69.3533,-38.5926],[-69.3533,-38.5926],[-69.3533,-38.5926],[-69.3533,-38.5926],[-69.3533,-38.5926],[-69.3533,-38.5926],[-69.3533,-38.5926],[-69.3533,-38.5927],[-69.3533,-38.5927],[-69.3533,-38.5927],[-69.3533,-38.5927],[-69.3532,-38.5927],[-69.3532,-38.5927],[-69.3532,-38.5927],[-69.3532,-38.5927],[-69.3532,-38.5927],[-69.3532,-38.5927],[-69.3532,-38.5927],[-69.3532,-38.5927],[-69.3532,-38.5928],[-69.3532,-38.5928],[-69.3532,-38.5928],[-69.3532,-38.5928],[-69.3532,-38.5928],[-69.3532,-38.5928],[-69.3532,-38.5928],[-69.3532,-38.5928],[-69.3532,-38.5928],[-69.3532,-38.5928],[-69.3531,-38.5928],[-69.3531,-38.5928],[-69.3531,-38.5928],[-69.3531,-38.5928],[-69.3531,-38.5928],[-69.3531,-38.5928],[-69.3531,-38.5928],[-69.3531,-38.5929],[-69.3531,-38.5929],[-69.3531,-38.5929],[-69.3531,-38.5929],[-69.3531,-38.5929],[-69.3531,-38.5929],[-69.3531,-38.5929],[-69.3531,-38.5929],[-69.353,-38.5929],[-69.353,-38.5929],[-69.353,-38.5929],[-69.353,-38.5929],[-69.353,-38.5929],[-69.353,-38.5929],[-69.353,-38.5929],[-69.353,-38.5929],[-69.353,-38.5929],[-69.353,-38.593],[-69.353,-38.593],[-69.353,-38.593],[-69.353,-38.593],[-69.353,-38.593],[-69.353,-38.593],[-69.3529,-38.593],[-69.3529,-38.593],[-69.3529,-38.593],[-69.3529,-38.593],[-69.3529,-38.593],[-69.3529,-38.593],[-69.3529,-38.593],[-69.3529,-38.593],[-69.3529,-38.593],[-69.3529,-38.593],[-69.3529,-38.593],[-69.3529,-38.5931],[-69.3529,-38.5931],[-69.3529,-38.5931],[-69.3528,-38.5931],[-69.3528,-38.5931],[-69.3528,-38.5931],[-69.3528,-38.5931],[-69.3528,-38.5931],[-69.3528,-38.5931],[-69.3528,-38.5931],[-69.3528,-38.5931],[-69.3528,-38.5931],[-69.3528,-38.5931],[-69.3528,-38.5931],[-69.3528,-38.5931],[-69.3528,-38.5931],[-69.3528,-38.5931],[-69.3528,-38.5932],[-69.3527,-38.5932],[-69.3527,-38.5932],[-69.3527,-38.5932],[-69.3527,-38.5932],[-69.3527,-38.5932],[-69.3527,-38.5932],[-69.3527,-38.5932],[-69.3527,-38.5932],[-69.3527,-38.5932],[-69.3527,-38.5932],[-69.3527,-38.5932],[-69.3527,-38.5932],[-69.3527,-38.5932],[-69.3527,-38.5932],[-69.3527,-38.5932],[-69.3526,-38.5932],[-69.3526,-38.5933],[-69.3526,-38.5933],[-69.3526,-38.5933],[-69.3526,-38.5933],[-69.3526,-38.5933],[-69.3526,-38.5933],[-69.3526,-38.5933],[-69.3526,-38.5933],[-69.3526,-38.5933],[-69.3526,-38.5933],[-69.3526,-38.5933],[-69.3526,-38.5933],[-69.3526,-38.5933],[-69.3525,-38.5933],[-69.3525,-38.5933],[-69.3525,-38.5933],[-69.3525,-38.5933],[-69.3525,-38.5934],[-69.3525,-38.5934],[-69.3525,-38.5934],[-69.3525,-38.5934],[-69.3525,-38.5934],[-69.3525,-38.5934],[-69.3525,-38.5934],[-69.3525,-38.5934],[-69.3525,-38.5934],[-69.3525,-38.5934],[-69.3525,-38.5934],[-69.3524,-38.5934],[-69.3524,-38.5934],[-69.3524,-38.5934],[-69.3524,-38.5934],[-69.3524,-38.5934],[-69.3524,-38.5934],[-69.3524,-38.5935],[-69.3524,-38.5935],[-69.3524,-38.5935],[-69.3524,-38.5935],[-69.3524,-38.5935],[-69.3524,-38.5935],[-69.3524,-38.5935],[-69.3524,-38.5935],[-69.3524,-38.5935],[-69.3523,-38.5935],[-69.3523,-38.5935],[-69.3523,-38.5935],[-69.3523,-38.5935],[-69.3523,-38.5935],[-69.3523,-38.5935],[-69.3523,-38.5935],[-69.3523,-38.5935],[-69.3523,-38.5935],[-69.3523,-38.5936],[-69.3523,-38.5936],[-69.3523,-38.5936],[-69.3523,-38.5936],[-69.3523,-38.5936],[-69.3522,-38.5936],[-69.3522,-38.5936],[-69.3522,-38.5936],[-69.3522,-38.5936],[-69.3522,-38.5936],[-69.3522,-38.5936],[-69.3522,-38.5936],[-69.3522,-38.5936],[-69.3522,-38.5936],[-69.3522,-38.5936],[-69.3522,-38.5936],[-69.3522,-38.5936],[-69.3522,-38.5937],[-69.3522,-38.5937],[-69.3522,-38.5937],[-69.3521,-38.5937],[-69.3521,-38.5937],[-69.3521,-38.5937],[-69.3521,-38.5937],[-69.3521,-38.5937],[-69.3521,-38.5937],[-69.3521,-38.5937],[-69.3521,-38.5937],[-69.3521,-38.5937],[-69.3521,-38.5937],[-69.3521,-38.5937],[-69.3521,-38.5937],[-69.3521,-38.5937],[-69.3521,-38.5937],[-69.352,-38.5938],[-69.352,-38.5938],[-69.352,-38.5938],[-69.352,-38.5938],[-69.352,-38.5938],[-69.352,-38.5938],[-69.352,-38.5938],[-69.352,-38.5938],[-69.352,-38.5938],[-69.352,-38.5938],[-69.352,-38.5938],[-69.352,-38.5938],[-69.352,-38.5938],[-69.352,-38.5938],[-69.352,-38.5938],[-69.3519,-38.5938],[-69.3519,-38.5938],[-69.3519,-38.5938],[-69.3519,-38.5939],[-69.3519,-38.5939],[-69.3519,-38.5939],[-69.3519,-38.5939],[-69.3519,-38.5939],[-69.3519,-38.5939],[-69.3519,-38.5939],[-69.3519,-38.5939],[-69.3519,-38.5939],[-69.3519,-38.5939],[-69.3519,-38.5939],[-69.3519,-38.5939],[-69.3518,-38.5939],[-69.3518,-38.5939],[-69.3518,-38.5939],[-69.3518,-38.5939],[-69.3518,-38.5939],[-69.3518,-38.594],[-69.3518,-38.594],[-69.3518,-38.594],[-69.3518,-38.594],[-69.3518,-38.594],[-69.3518,-38.594],[-69.3518,-38.594],[-69.3518,-38.594],[-69.3518,-38.594],[-69.3517,-38.594],[-69.3517,-38.594],[-69.3517,-38.594],[-69.3517,-38.594],[-69.3517,-38.594],[-69.3517,-38.594],[-69.3517,-38.594],[-69.3517,-38.594],[-69.3517,-38.5941],[-69.3517,-38.5941],[-69.3517,-38.5941],[-69.3517,-38.5941],[-69.3517,-38.5941],[-69.3517,-38.5941],[-69.3517,-38.5941],[-69.3516,-38.5941],[-69.3516,-38.5941],[-69.3516,-38.5941],[-69.3516,-38.5941],[-69.3516,-38.5941],[-69.3516,-38.5941],[-69.3516,-38.5941],[-69.3516,-38.5941],[-69.3516,-38.5941],[-69.3516,-38.5941],[-69.3516,-38.5941],[-69.3516,-38.5942],[-69.3516,-38.5942],[-69.3516,-38.5942],[-69.3515,-38.5942],[-69.3515,-38.5942],[-69.3515,-38.5942],[-69.3515,-38.5942],[-69.3515,-38.5942],[-69.3515,-38.5942],[-69.3515,-38.5942],[-69.3515,-38.5942],[-69.3515,-38.5942],[-69.3515,-38.5942],[-69.3515,-38.5942],[-69.3515,-38.5942],[-69.3515,-38.5942],[-69.3515,-38.5942],[-69.3515,-38.5943],[-69.3514,-38.5943],[-69.3514,-38.5943],[-69.3514,-38.5943],[-69.3514,-38.5943],[-69.3514,-38.5943],[-69.3514,-38.5943],[-69.3514,-38.5943],[-69.3514,-38.5943],[-69.3514,-38.5943],[-69.3514,-38.5943],[-69.3514,-38.5943],[-69.3514,-38.5943],[-69.3514,-38.5943],[-69.3514,-38.5943],[-69.3514,-38.5944],[-69.3514,-38.5944],[-69.3513,-38.5944],[-69.3513,-38.5944],[-69.3513,-38.5944],[-69.3513,-38.5944],[-69.3513,-38.5944],[-69.3513,-38.5944],[-69.3513,-38.5944],[-69.3513,-38.5944],[-69.3513,-38.5944],[-69.3513,-38.5944],[-69.3513,-38.5944],[-69.3513,-38.5944],[-69.3513,-38.5944],[-69.3513,-38.5944],[-69.3513,-38.5945],[-69.3513,-38.5945],[-69.3512,-38.5945],[-69.3512,-38.5945],[-69.3512,-38.5945],[-69.3512,-38.5945],[-69.3512,-38.5945],[-69.3512,-38.5945],[-69.3512,-38.5945],[-69.3512,-38.5945],[-69.3512,-38.5945],[-69.3512,-38.5945],[-69.3512,-38.5945],[-69.3512,-38.5945],[-69.3512,-38.5945],[-69.3512,-38.5946],[-69.3512,-38.5946],[-69.3512,-38.5946],[-69.3512,-38.5946],[-69.3511,-38.5946],[-69.3511,-38.5946],[-69.3511,-38.5946],[-69.3511,-38.5946],[-69.3511,-38.5946],[-69.3511,-38.5946],[-69.3511,-38.5946],[-69.3511,-38.5946],[-69.3511,-38.5946],[-69.3511,-38.5946],[-69.3511,-38.5946],[-69.3511,-38.5947],[-69.3511,-38.5947],[-69.3511,-38.5947],[-69.3511,-38.5947],[-69.3511,-38.5947],[-69.351,-38.5947],[-69.351,-38.5947],[-69.351,-38.5947],[-69.351,-38.5947],[-69.351,-38.5947],[-69.351,-38.5947],[-69.351,-38.5947],[-69.351,-38.5947],[-69.351,-38.5947],[-69.351,-38.5947],[-69.351,-38.5948],[-69.351,-38.5948],[-69.351,-38.5948],[-69.351,-38.5948],[-69.351,-38.5948],[-69.351,-38.5948],[-69.3509,-38.5948],[-69.3509,-38.5948],[-69.3509,-38.5948],[-69.3509,-38.5948],[-69.3509,-38.5948],[-69.3509,-38.5948],[-69.3509,-38.5948],[-69.3509,-38.5948],[-69.3509,-38.5948],[-69.3509,-38.5948],[-69.3509,-38.5949],[-69.3509,-38.5949],[-69.3509,-38.5949],[-69.3509,-38.5949],[-69.3509,-38.5949],[-69.3509,-38.5949],[-69.3508,-38.5949],[-69.3508,-38.5949],[-69.3508,-38.5949],[-69.3508,-38.5949],[-69.3508,-38.5949],[-69.3508,-38.5949],[-69.3508,-38.5949],[-69.3508,-38.5949],[-69.3508,-38.5949],[-69.3508,-38.595],[-69.3508,-38.595],[-69.3508,-38.595],[-69.3508,-38.595],[-69.3508,-38.595],[-69.3508,-38.595],[-69.3508,-38.595],[-69.3508,-38.595],[-69.3507,-38.595],[-69.3507,-38.595],[-69.3507,-38.595],[-69.3507,-38.595],[-69.3507,-38.595],[-69.3507,-38.595],[-69.3507,-38.595],[-69.3507,-38.5951],[-69.3507,-38.5951],[-69.3507,-38.5951],[-69.3507,-38.5951],[-69.3507,-38.5951],[-69.3507,-38.5951],[-69.3507,-38.5951],[-69.3507,-38.5951],[-69.3507,-38.5951],[-69.3506,-38.5951],[-69.3506,-38.5951],[-69.3506,-38.5951],[-69.3506,-38.5951],[-69.3506,-38.5951],[-69.3506,-38.5951],[-69.3506,-38.5951],[-69.3506,-38.5952],[-69.3506,-38.5952],[-69.3506,-38.5952],[-69.3506,-38.5952],[-69.3506,-38.5952],[-69.3506,-38.5952],[-69.3506,-38.5952],[-69.3506,-38.5952],[-69.3506,-38.5952],[-69.3505,-38.5952],[-69.3505,-38.5952],[-69.3505,-38.5952],[-69.3505,-38.5952],[-69.3505,-38.5952],[-69.3505,-38.5952],[-69.3505,-38.5953],[-69.3505,-38.5953],[-69.3505,-38.5953],[-69.3505,-38.5953],[-69.3505,-38.5953],[-69.3505,-38.5953],[-69.3505,-38.5953],[-69.3505,-38.5953],[-69.3505,-38.5953],[-69.3505,-38.5953],[-69.3505,-38.5953],[-69.3504,-38.5953],[-69.3504,-38.5953],[-69.3504,-38.5953],[-69.3504,-38.5953],[-69.3504,-38.5954],[-69.3504,-38.5954],[-69.3504,-38.5954],[-69.3504,-38.5954],[-69.3504,-38.5954],[-69.3504,-38.5954],[-69.3504,-38.5954],[-69.3504,-38.5954],[-69.3504,-38.5954],[-69.3504,-38.5954],[-69.3504,-38.5954],[-69.3504,-38.5954],[-69.3503,-38.5954],[-69.3503,-38.5954],[-69.3503,-38.5954],[-69.3503,-38.5955],[-69.3503,-38.5955],[-69.3503,-38.5955],[-69.3503,-38.5955],[-69.3503,-38.5955],[-69.3503,-38.5955],[-69.3503,-38.5955],[-69.3503,-38.5955],[-69.3503,-38.5955],[-69.3503,-38.5955],[-69.3503,-38.5955],[-69.3503,-38.5955],[-69.3503,-38.5955],[-69.3502,-38.5955],[-69.3502,-38.5955],[-69.3502,-38.5955],[-69.3502,-38.5956],[-69.3502,-38.5956],[-69.3502,-38.5956],[-69.3502,-38.5956],[-69.3502,-38.5956],[-69.3502,-38.5956],[-69.3502,-38.5956],[-69.3502,-38.5956],[-69.3502,-38.5956],[-69.3502,-38.5956],[-69.3502,-38.5956],[-69.3502,-38.5956],[-69.3502,-38.5956],[-69.3501,-38.5956],[-69.3501,-38.5956],[-69.3501,-38.5957],[-69.3501,-38.5957],[-69.3501,-38.5957],[-69.3501,-38.5957],[-69.3501,-38.5957],[-69.3501,-38.5957],[-69.3501,-38.5957],[-69.3501,-38.5957],[-69.3501,-38.5957],[-69.3501,-38.5957],[-69.3501,-38.5957],[-69.3501,-38.5957],[-69.3501,-38.5957],[-69.3501,-38.5957],[-69.3501,-38.5957],[-69.35,-38.5958],[-69.35,-38.5958],[-69.35,-38.5958],[-69.35,-38.5958],[-69.35,-38.5958],[-69.35,-38.5958],[-69.35,-38.5958],[-69.35,-38.5958],[-69.35,-38.5958],[-69.35,-38.5958],[-69.35,-38.5958],[-69.35,-38.5958],[-69.35,-38.5958],[-69.35,-38.5958],[-69.35,-38.5958],[-69.35,-38.5959],[-69.35,-38.5959],[-69.35,-38.5959],[-69.35,-38.5959],[-69.35,-38.5959],[-69.35,-38.5959],[-69.35,-38.5959],[-69.3499,-38.5959],[-69.3499,-38.5959],[-69.3499,-38.5959],[-69.3499,-38.5959],[-69.3499,-38.596],[-69.3499,-38.596],[-69.3499,-38.596],[-69.3499,-38.596],[-69.3499,-38.596],[-69.3499,-38.596],[-69.3499,-38.596],[-69.3499,-38.596],[-69.3499,-38.596],[-69.3499,-38.596],[-69.3499,-38.596],[-69.3499,-38.596],[-69.3499,-38.5961],[-69.3499,-38.5961],[-69.3499,-38.5961],[-69.3499,-38.5961],[-69.3499,-38.5961],[-69.3499,-38.5961],[-69.3499,-38.5961],[-69.3499,-38.5961],[-69.3499,-38.5961],[-69.3499,-38.5961],[-69.3499,-38.5961],[-69.3499,-38.5961],[-69.3499,-38.5962],[-69.3499,-38.5962],[-69.3499,-38.5962],[-69.3499,-38.5962],[-69.3499,-38.5962],[-69.3499,-38.5962],[-69.3499,-38.5962],[-69.3499,-38.5962],[-69.3499,-38.5962],[-69.3498,-38.5962],[-69.3498,-38.5962],[-69.3498,-38.5963],[-69.3498,-38.5963],[-69.3498,-38.5963],[-69.3498,-38.5963],[-69.3498,-38.5963],[-69.3498,-38.5963],[-69.3498,-38.5963],[-69.3498,-38.5963],[-69.3498,-38.5963],[-69.3498,-38.5963],[-69.3498,-38.5963],[-69.3498,-38.5963],[-69.3498,-38.5964],[-69.3498,-38.5964],[-69.3498,-38.5964],[-69.3498,-38.5964],[-69.3498,-38.5964],[-69.3498,-38.5964],[-69.3498,-38.5964],[-69.3498,-38.5964],[-69.3498,-38.5964],[-69.3498,-38.5964],[-69.3498,-38.5964],[-69.3498,-38.5964],[-69.3498,-38.5965],[-69.3498,-38.5965],[-69.3498,-38.5965],[-69.3498,-38.5965],[-69.3498,-38.5965],[-69.3498,-38.5965],[-69.3498,-38.5965],[-69.3498,-38.5965],[-69.3498,-38.5965],[-69.3498,-38.5965],[-69.3498,-38.5965],[-69.3497,-38.5965],[-69.3497,-38.5966],[-69.3497,-38.5966],[-69.3497,-38.5966],[-69.3497,-38.5966],[-69.3497,-38.5966],[-69.3497,-38.5966],[-69.3497,-38.5966],[-69.3497,-38.5966],[-69.3497,-38.5966],[-69.3497,-38.5966],[-69.3497,-38.5966],[-69.3497,-38.5967],[-69.3497,-38.5967],[-69.3497,-38.5967],[-69.3497,-38.5967],[-69.3497,-38.5967],[-69.3497,-38.5967],[-69.3497,-38.5967],[-69.3497,-38.5967],[-69.3497,-38.5967],[-69.3497,-38.5967],[-69.3497,-38.5967],[-69.3497,-38.5967],[-69.3497,-38.5968],[-69.3497,-38.5968],[-69.3497,-38.5968],[-69.3497,-38.5968],[-69.3497,-38.5968],[-69.3497,-38.5968],[-69.3497,-38.5968],[-69.3497,-38.5968],[-69.3497,-38.5968],[-69.3497,-38.5968],[-69.3497,-38.5968],[-69.3497,-38.5968],[-69.3497,-38.5969],[-69.3497,-38.5969],[-69.3496,-38.5969],[-69.3496,-38.5969],[-69.3496,-38.5969],[-69.3496,-38.5969],[-69.3496,-38.5969],[-69.3496,-38.5969],[-69.3496,-38.5969],[-69.3496,-38.5969],[-69.3496,-38.5969],[-69.3496,-38.597],[-69.3496,-38.597],[-69.3496,-38.597],[-69.3496,-38.597],[-69.3496,-38.597],[-69.3496,-38.597],[-69.3496,-38.597],[-69.3496,-38.597],[-69.3496,-38.597],[-69.3496,-38.597],[-69.3496,-38.597],[-69.3496,-38.597],[-69.3496,-38.597],[-69.3496,-38.5971],[-69.3496,-38.5971],[-69.3496,-38.5971],[-69.3496,-38.5971],[-69.3496,-38.5971],[-69.3496,-38.5971],[-69.3495,-38.5971],[-69.3495,-38.5971],[-69.3495,-38.5971],[-69.3495,-38.5971],[-69.3495,-38.5971],[-69.3495,-38.5971],[-69.3495,-38.5972],[-69.3495,-38.5972],[-69.3495,-38.5972],[-69.3495,-38.5972],[-69.3495,-38.5972],[-69.3495,-38.5972],[-69.3495,-38.5972],[-69.3495,-38.5972],[-69.3495,-38.5972],[-69.3495,-38.5972],[-69.3495,-38.5972],[-69.3495,-38.5972],[-69.3495,-38.5972],[-69.3495,-38.5973],[-69.3495,-38.5973],[-69.3495,-38.5973],[-69.3495,-38.5973],[-69.3495,-38.5973],[-69.3494,-38.5973],[-69.3494,-38.5973],[-69.3494,-38.5973],[-69.3494,-38.5973],[-69.3494,-38.5973],[-69.3494,-38.5973],[-69.3494,-38.5973],[-69.3494,-38.5974],[-69.3494,-38.5974],[-69.3494,-38.5974],[-69.3494,-38.5974],[-69.3494,-38.5974],[-69.3494,-38.5974],[-69.3494,-38.5974],[-69.3494,-38.5974],[-69.3494,-38.5974],[-69.3494,-38.5974],[-69.3494,-38.5974],[-69.3494,-38.5974],[-69.3494,-38.5974],[-69.3494,-38.5975],[-69.3494,-38.5975],[-69.3494,-38.5975],[-69.3494,-38.5975],[-69.3493,-38.5975],[-69.3493,-38.5975],[-69.3493,-38.5975],[-69.3493,-38.5975],[-69.3493,-38.5975],[-69.3493,-38.5975],[-69.3493,-38.5975],[-69.3493,-38.5975],[-69.3493,-38.5975],[-69.3493,-38.5976],[-69.3493,-38.5976],[-69.3493,-38.5976],[-69.3493,-38.5976],[-69.3493,-38.5976],[-69.3493,-38.5976],[-69.3493,-38.5976],[-69.3493,-38.5976],[-69.3493,-38.5976],[-69.3493,-38.5976],[-69.3493,-38.5976],[-69.3493,-38.5976],[-69.3493,-38.5977],[-69.3493,-38.5977],[-69.3493,-38.5977],[-69.3492,-38.5977],[-69.3492,-38.5977],[-69.3492,-38.5977],[-69.3492,-38.5977],[-69.3492,-38.5977],[-69.3492,-38.5977],[-69.3492,-38.5977],[-69.3492,-38.5977],[-69.3492,-38.5977],[-69.3492,-38.5977],[-69.3492,-38.5978],[-69.3492,-38.5978],[-69.3492,-38.5978],[-69.3492,-38.5978],[-69.3492,-38.5978],[-69.3492,-38.5978],[-69.3492,-38.5978],[-69.3492,-38.5978],[-69.3492,-38.5978],[-69.3492,-38.5978],[-69.3492,-38.5978],[-69.3492,-38.5978],[-69.3492,-38.5979],[-69.3492,-38.5979],[-69.3491,-38.5979],[-69.3491,-38.5979],[-69.3491,-38.5979],[-69.3491,-38.5979],[-69.3491,-38.5979],[-69.3491,-38.5979],[-69.3491,-38.5979],[-69.3491,-38.5979],[-69.3491,-38.5979],[-69.3491,-38.5979],[-69.3491,-38.5979],[-69.3491,-38.598],[-69.3491,-38.598],[-69.3491,-38.598],[-69.3491,-38.598],[-69.3491,-38.598],[-69.3491,-38.598],[-69.3491,-38.598],[-69.3491,-38.598],[-69.3491,-38.598],[-69.3491,-38.598],[-69.3491,-38.598],[-69.3491,-38.598],[-69.3491,-38.5981],[-69.349,-38.5981],[-69.349,-38.5981],[-69.349,-38.5981],[-69.349,-38.5981],[-69.349,-38.5981],[-69.349,-38.5981],[-69.349,-38.5981],[-69.349,-38.5981],[-69.349,-38.5981],[-69.349,-38.5981],[-69.349,-38.5981],[-69.349,-38.5981],[-69.349,-38.5982],[-69.349,-38.5982],[-69.349,-38.5982],[-69.349,-38.5982],[-69.349,-38.5982],[-69.349,-38.5982],[-69.349,-38.5982],[-69.349,-38.5982],[-69.349,-38.5982],[-69.349,-38.5982],[-69.349,-38.5982],[-69.3489,-38.5982],[-69.3489,-38.5982],[-69.3489,-38.5983],[-69.3489,-38.5983],[-69.3489,-38.5983],[-69.3489,-38.5983],[-69.3489,-38.5983],[-69.3489,-38.5983],[-69.3489,-38.5983],[-69.3489,-38.5983],[-69.3489,-38.5983],[-69.3489,-38.5983],[-69.3489,-38.5983],[-69.3489,-38.5983],[-69.3489,-38.5983],[-69.3489,-38.5984],[-69.3489,-38.5984],[-69.3489,-38.5984],[-69.3489,-38.5984],[-69.3489,-38.5984],[-69.3489,-38.5984],[-69.3489,-38.5984],[-69.3488,-38.5984],[-69.3488,-38.5984],[-69.3488,-38.5984],[-69.3488,-38.5984],[-69.3488,-38.5984],[-69.3488,-38.5984],[-69.3488,-38.5985],[-69.3488,-38.5985],[-69.3488,-38.5985],[-69.3488,-38.5985],[-69.3488,-38.5985],[-69.3488,-38.5985],[-69.3488,-38.5985],[-69.3488,-38.5985],[-69.3488,-38.5985],[-69.3488,-38.5985],[-69.3488,-38.5985],[-69.3488,-38.5985],[-69.3488,-38.5985],[-69.3488,-38.5986],[-69.3488,-38.5986],[-69.3488,-38.5986],[-69.3487,-38.5986],[-69.3487,-38.5986],[-69.3487,-38.5986],[-69.3487,-38.5986],[-69.3487,-38.5986],[-69.3487,-38.5986],[-69.3487,-38.5986],[-69.3487,-38.5986],[-69.3487,-38.5986],[-69.3487,-38.5986],[-69.3487,-38.5987],[-69.3487,-38.5987],[-69.3487,-38.5987],[-69.3487,-38.5987],[-69.3487,-38.5987],[-69.3487,-38.5987],[-69.3487,-38.5987],[-69.3487,-38.5987],[-69.3487,-38.5987],[-69.3487,-38.5987],[-69.3487,-38.5987],[-69.3487,-38.5987],[-69.3487,-38.5987],[-69.3486,-38.5988],[-69.3486,-38.5988],[-69.3486,-38.5988],[-69.3486,-38.5988],[-69.3486,-38.5988],[-69.3486,-38.5988],[-69.3486,-38.5988],[-69.3486,-38.5988],[-69.3486,-38.5988],[-69.3486,-38.5988],[-69.3486,-38.5988],[-69.3486,-38.5988],[-69.3486,-38.5988],[-69.3486,-38.5989],[-69.3486,-38.5989],[-69.3486,-38.5989],[-69.3486,-38.5989],[-69.3486,-38.5989],[-69.3486,-38.5989],[-69.3486,-38.5989],[-69.3486,-38.5989],[-69.3486,-38.5989],[-69.3485,-38.5989],[-69.3485,-38.5989],[-69.3485,-38.5989],[-69.3485,-38.5989],[-69.3485,-38.599],[-69.3485,-38.599],[-69.3485,-38.599],[-69.3485,-38.599],[-69.3485,-38.599],[-69.3485,-38.599],[-69.3485,-38.599],[-69.3485,-38.599],[-69.3485,-38.599],[-69.3485,-38.599],[-69.3485,-38.599],[-69.3485,-38.599],[-69.3485,-38.599],[-69.3485,-38.5991],[-69.3485,-38.5991],[-69.3485,-38.5991],[-69.3485,-38.5991],[-69.3485,-38.5991],[-69.3484,-38.5991],[-69.3484,-38.5991],[-69.3484,-38.5991],[-69.3484,-38.5991],[-69.3484,-38.5991],[-69.3484,-38.5991],[-69.3484,-38.5991],[-69.3484,-38.5991],[-69.3484,-38.5992],[-69.3484,-38.5992],[-69.3484,-38.5992],[-69.3484,-38.5992],[-69.3484,-38.5992],[-69.3484,-38.5992],[-69.3484,-38.5992],[-69.3484,-38.5992],[-69.3484,-38.5992],[-69.3484,-38.5992],[-69.3484,-38.5992],[-69.3484,-38.5992],[-69.3484,-38.5992],[-69.3484,-38.5993],[-69.3484,-38.5993],[-69.3488,-38.5996],[-69.5731,-38.5988],[-69.572,-38.4498],[-69.572,-38.4498],[-69.572,-38.4498],[-69.572,-38.4498],[-69.572,-38.4498],[-69.572,-38.4499],[-69.572,-38.4499],[-69.572,-38.4499],[-69.572,-38.4499],[-69.572,-38.4499],[-69.572,-38.4499],[-69.5719,-38.4499],[-69.5719,-38.4499],[-69.5719,-38.4499],[-69.5719,-38.4499],[-69.5719,-38.4499],[-69.5719,-38.4499],[-69.5719,-38.4499],[-69.5719,-38.45],[-69.5719,-38.45],[-69.5719,-38.45],[-69.5719,-38.45],[-69.5719,-38.45],[-69.5719,-38.45],[-69.5719,-38.45],[-69.5719,-38.45],[-69.5719,-38.45],[-69.5719,-38.45],[-69.5719,-38.45],[-69.5719,-38.45],[-69.5719,-38.4501],[-69.5719,-38.4501],[-69.5719,-38.4501],[-69.5719,-38.4501],[-69.5719,-38.4501],[-69.5718,-38.4501],[-69.5718,-38.4501],[-69.5718,-38.4501],[-69.5718,-38.4501],[-69.5718,-38.4501],[-69.5718,-38.4501],[-69.5718,-38.4501],[-69.5718,-38.4501],[-69.5718,-38.4502],[-69.5718,-38.4502],[-69.5718,-38.4502],[-69.5718,-38.4502],[-69.5718,-38.4502],[-69.5718,-38.4502],[-69.5718,-38.4502],[-69.5718,-38.4502],[-69.5718,-38.4502],[-69.5718,-38.4502],[-69.5718,-38.4502],[-69.5718,-38.4502],[-69.5718,-38.4502],[-69.5718,-38.4503],[-69.5718,-38.4503],[-69.5718,-38.4503],[-69.5717,-38.4503],[-69.5717,-38.4503],[-69.5717,-38.4503],[-69.5717,-38.4503],[-69.5717,-38.4503],[-69.5717,-38.4503],[-69.5717,-38.4503],[-69.5717,-38.4503],[-69.5717,-38.4503],[-69.5717,-38.4504],[-69.5717,-38.4504],[-69.5717,-38.4504],[-69.5717,-38.4504],[-69.5717,-38.4504],[-69.5717,-38.4504],[-69.5717,-38.4504],[-69.5717,-38.4504],[-69.5717,-38.4504],[-69.5717,-38.4504],[-69.5717,-38.4504],[-69.5717,-38.4504],[-69.5717,-38.4504],[-69.5717,-38.4505],[-69.5717,-38.4505],[-69.5716,-38.4505],[-69.5716,-38.4505],[-69.5716,-38.4505],[-69.5716,-38.4505],[-69.5716,-38.4505],[-69.5716,-38.4505],[-69.5716,-38.4505],[-69.5716,-38.4505],[-69.5716,-38.4505],[-69.5716,-38.4505],[-69.5716,-38.4506],[-69.5716,-38.4506],[-69.5716,-38.4506],[-69.5716,-38.4506],[-69.5716,-38.4506],[-69.5716,-38.4506],[-69.5716,-38.4506],[-69.5716,-38.4506],[-69.5716,-38.4506],[-69.5716,-38.4506],[-69.5716,-38.4506],[-69.5716,-38.4506],[-69.5716,-38.4506],[-69.5716,-38.4507],[-69.5715,-38.4507],[-69.5715,-38.4507],[-69.5715,-38.4507],[-69.5715,-38.4507],[-69.5715,-38.4507],[-69.5715,-38.4507],[-69.5715,-38.4507],[-69.5715,-38.4507],[-69.5715,-38.4507],[-69.5715,-38.4507],[-69.5715,-38.4507],[-69.5715,-38.4508],[-69.5715,-38.4508],[-69.5715,-38.4508],[-69.5715,-38.4508],[-69.5715,-38.4508],[-69.5715,-38.4508],[-69.5715,-38.4508],[-69.5715,-38.4508],[-69.5715,-38.4508],[-69.5715,-38.4508],[-69.5715,-38.4508],[-69.5714,-38.4508],[-69.5714,-38.4508],[-69.5714,-38.4508],[-69.5714,-38.4508],[-69.5714,-38.4509],[-69.5714,-38.4509],[-69.5714,-38.4509],[-69.5714,-38.4509],[-69.5714,-38.4509],[-69.5714,-38.4509],[-69.5714,-38.4509],[-69.5714,-38.4509],[-69.5714,-38.4509],[-69.5714,-38.4509],[-69.5714,-38.4509],[-69.5714,-38.4509],[-69.5713,-38.4509],[-69.5713,-38.4509],[-69.5713,-38.4509],[-69.5713,-38.4509],[-69.5713,-38.451],[-69.5713,-38.451],[-69.5713,-38.451],[-69.5713,-38.451],[-69.5713,-38.451],[-69.5713,-38.451],[-69.5713,-38.451],[-69.5713,-38.451],[-69.5713,-38.451],[-69.5713,-38.451],[-69.5713,-38.451],[-69.5712,-38.451],[-69.5712,-38.451],[-69.5712,-38.451],[-69.5712,-38.451],[-69.5712,-38.451],[-69.5712,-38.4511],[-69.5712,-38.4511],[-69.5712,-38.4511],[-69.5712,-38.4511],[-69.5712,-38.4511],[-69.5712,-38.4511],[-69.5712,-38.4511],[-69.5712,-38.4511],[-69.5712,-38.4511],[-69.5712,-38.4511],[-69.5712,-38.4511],[-69.5711,-38.4511],[-69.5711,-38.4511],[-69.5711,-38.4511],[-69.5711,-38.4511],[-69.5711,-38.4511],[-69.5711,-38.4512],[-69.5711,-38.4512],[-69.5711,-38.4512],[-69.5711,-38.4512],[-69.5711,-38.4512],[-69.5711,-38.4512],[-69.5711,-38.4512],[-69.5711,-38.4512],[-69.5711,-38.4512],[-69.5711,-38.4512],[-69.571,-38.4512],[-69.571,-38.4512],[-69.571,-38.4512],[-69.571,-38.4512],[-69.571,-38.4512],[-69.571,-38.4512],[-69.571,-38.4513],[-69.571,-38.4513],[-69.571,-38.4513],[-69.571,-38.4513],[-69.571,-38.4513],[-69.571,-38.4513],[-69.571,-38.4513],[-69.571,-38.4513],[-69.571,-38.4513],[-69.571,-38.4513],[-69.5709,-38.4513],[-69.5709,-38.4513],[-69.5709,-38.4513],[-69.5709,-38.4513],[-69.5709,-38.4513],[-69.5709,-38.4513],[-69.5709,-38.4514],[-69.5709,-38.4514],[-69.5709,-38.4514],[-69.5709,-38.4514],[-69.5709,-38.4514],[-69.5709,-38.4514],[-69.5709,-38.4514],[-69.5709,-38.4514],[-69.5709,-38.4514],[-69.5708,-38.4514],[-69.5708,-38.4514],[-69.5708,-38.4514],[-69.5708,-38.4514],[-69.5708,-38.4514],[-69.5708,-38.4514],[-69.5708,-38.4515],[-69.5708,-38.4515],[-69.5708,-38.4515],[-69.5708,-38.4515],[-69.5708,-38.4515],[-69.5708,-38.4515],[-69.5708,-38.4515],[-69.5708,-38.4515],[-69.5708,-38.4515],[-69.5708,-38.4515],[-69.5707,-38.4515],[-69.5707,-38.4515],[-69.5707,-38.4515],[-69.5707,-38.4515],[-69.5707,-38.4515],[-69.5707,-38.4515],[-69.5707,-38.4516],[-69.5707,-38.4516],[-69.5707,-38.4516],[-69.5707,-38.4516],[-69.5707,-38.4516],[-69.5707,-38.4516],[-69.5707,-38.4516],[-69.5707,-38.4516],[-69.5707,-38.4516],[-69.5706,-38.4516],[-69.5706,-38.4516],[-69.5706,-38.4516],[-69.5706,-38.4516],[-69.5706,-38.4516],[-69.5706,-38.4516],[-69.5706,-38.4516],[-69.5706,-38.4517],[-69.5706,-38.4517],[-69.5706,-38.4517],[-69.5706,-38.4517],[-69.5706,-38.4517],[-69.5706,-38.4517],[-69.5706,-38.4517],[-69.5706,-38.4517],[-69.5706,-38.4517],[-69.5705,-38.4517],[-69.5705,-38.4517],[-69.5705,-38.4517],[-69.5705,-38.4517],[-69.5705,-38.4517],[-69.5705,-38.4517],[-69.5705,-38.4517],[-69.5705,-38.4518],[-69.5705,-38.4518],[-69.5705,-38.4518],[-69.5705,-38.4518],[-69.5705,-38.4518],[-69.5705,-38.4518],[-69.5705,-38.4518],[-69.5705,-38.4518],[-69.5705,-38.4518],[-69.5704,-38.4518],[-69.5704,-38.4518],[-69.5704,-38.4518],[-69.5704,-38.4518],[-69.5704,-38.4518],[-69.5704,-38.4518],[-69.5704,-38.4518],[-69.5704,-38.4519],[-69.5704,-38.4519],[-69.5704,-38.4519],[-69.5704,-38.4519],[-69.5704,-38.4519],[-69.5704,-38.4519],[-69.5704,-38.4519],[-69.5704,-38.4519],[-69.5703,-38.4519],[-69.5703,-38.4519],[-69.5703,-38.4519],[-69.5703,-38.4519],[-69.5703,-38.4519],[-69.5703,-38.4519],[-69.5703,-38.4519],[-69.5703,-38.4519],[-69.5703,-38.452],[-69.5703,-38.452],[-69.5703,-38.452],[-69.5703,-38.452],[-69.5703,-38.452],[-69.5703,-38.452],[-69.5703,-38.452],[-69.5703,-38.452],[-69.5702,-38.452],[-69.5702,-38.452],[-69.5702,-38.452],[-69.5702,-38.452],[-69.5702,-38.452],[-69.5702,-38.452],[-69.5702,-38.452],[-69.5702,-38.452],[-69.5702,-38.4521],[-69.5702,-38.4521],[-69.5702,-38.4521],[-69.5702,-38.4521],[-69.5702,-38.4521],[-69.5702,-38.4521],[-69.5702,-38.4521],[-69.5701,-38.4521],[-69.5701,-38.4521],[-69.5701,-38.4521],[-69.5701,-38.4521],[-69.5701,-38.4521],[-69.5701,-38.4521],[-69.5701,-38.4521],[-69.5701,-38.4521],[-69.5701,-38.4521],[-69.5701,-38.4521],[-69.5701,-38.4521],[-69.5701,-38.4521],[-69.5701,-38.4521],[-69.57,-38.4522],[-69.57,-38.4522],[-69.57,-38.4522],[-69.57,-38.4522],[-69.57,-38.4522],[-69.57,-38.4522],[-69.57,-38.4522],[-69.57,-38.4522],[-69.57,-38.4522],[-69.57,-38.4522],[-69.57,-38.4522],[-69.57,-38.4522],[-69.57,-38.4522],[-69.5699,-38.4522],[-69.5699,-38.4522],[-69.5699,-38.4522],[-69.5699,-38.4522],[-69.5699,-38.4522],[-69.5699,-38.4522],[-69.5699,-38.4522],[-69.5699,-38.4522],[-69.5699,-38.4522],[-69.5699,-38.4522],[-69.5699,-38.4523],[-69.5699,-38.4523],[-69.5698,-38.4523],[-69.5698,-38.4523],[-69.5698,-38.4523],[-69.5698,-38.4523],[-69.5698,-38.4523],[-69.5698,-38.4523],[-69.5698,-38.4523],[-69.5698,-38.4523],[-69.5698,-38.4523],[-69.5698,-38.4523],[-69.5698,-38.4523],[-69.5698,-38.4523],[-69.5698,-38.4523],[-69.5697,-38.4523],[-69.5697,-38.4523],[-69.5697,-38.4523],[-69.5697,-38.4523],[-69.5697,-38.4523],[-69.5697,-38.4523],[-69.5697,-38.4523],[-69.5697,-38.4523],[-69.5697,-38.4524],[-69.5697,-38.4524],[-69.5697,-38.4524],[-69.5697,-38.4524],[-69.5697,-38.4524],[-69.5696,-38.4524],[-69.5696,-38.4524],[-69.5696,-38.4524],[-69.5696,-38.4524],[-69.5696,-38.4524],[-69.5696,-38.4524],[-69.5696,-38.4524],[-69.5696,-38.4524],[-69.5696,-38.4524],[-69.5696,-38.4524],[-69.5696,-38.4524],[-69.5696,-38.4524],[-69.5696,-38.4524],[-69.5695,-38.4524],[-69.5695,-38.4524],[-69.5695,-38.4524],[-69.5695,-38.4524],[-69.5695,-38.4525],[-69.5695,-38.4525],[-69.5695,-38.4525],[-69.5695,-38.4525],[-69.5695,-38.4525],[-69.5695,-38.4525],[-69.5695,-38.4525],[-69.5695,-38.4525],[-69.5694,-38.4525],[-69.5694,-38.4525],[-69.5694,-38.4525],[-69.5694,-38.4525],[-69.5694,-38.4525],[-69.5694,-38.4525],[-69.5694,-38.4525],[-69.5694,-38.4525],[-69.5694,-38.4525],[-69.5694,-38.4525],[-69.5694,-38.4525],[-69.5694,-38.4525],[-69.5694,-38.4525],[-69.5693,-38.4525],[-69.5693,-38.4525],[-69.5693,-38.4526],[-69.5693,-38.4526],[-69.5693,-38.4526],[-69.5693,-38.4526],[-69.5693,-38.4526],[-69.5693,-38.4526],[-69.5693,-38.4526],[-69.5693,-38.4526],[-69.5693,-38.4526],[-69.5693,-38.4526],[-69.5693,-38.4526],[-69.5692,-38.4526],[-69.5692,-38.4526],[-69.5692,-38.4526],[-69.5692,-38.4526],[-69.5692,-38.4526],[-69.5692,-38.4526],[-69.5692,-38.4526],[-69.5692,-38.4526],[-69.5692,-38.4526],[-69.5692,-38.4526],[-69.5692,-38.4526],[-69.5692,-38.4526],[-69.5692,-38.4527],[-69.5691,-38.4527],[-69.5691,-38.4527],[-69.5691,-38.4527],[-69.5691,-38.4527],[-69.5691,-38.4527],[-69.5691,-38.4527],[-69.5691,-38.4527],[-69.5691,-38.4527],[-69.5691,-38.4527],[-69.5691,-38.4527],[-69.5691,-38.4527],[-69.5691,-38.4527],[-69.569,-38.4527],[-69.569,-38.4527],[-69.569,-38.4527],[-69.569,-38.4527],[-69.569,-38.4527],[-69.569,-38.4527],[-69.569,-38.4527],[-69.569,-38.4527],[-69.569,-38.4527],[-69.569,-38.4527],[-69.569,-38.4527],[-69.569,-38.4527],[-69.5689,-38.4527],[-69.5689,-38.4527],[-69.5689,-38.4527],[-69.5689,-38.4528],[-69.5689,-38.4528],[-69.5689,-38.4528],[-69.5689,-38.4528],[-69.5689,-38.4528],[-69.5689,-38.4528],[-69.5689,-38.4528],[-69.5689,-38.4528],[-69.5689,-38.4528],[-69.5688,-38.4528],[-69.5688,-38.4528],[-69.5688,-38.4528],[-69.5688,-38.4528],[-69.5688,-38.4528],[-69.5688,-38.4528],[-69.5688,-38.4528],[-69.5688,-38.4528],[-69.5688,-38.4528],[-69.5688,-38.4528],[-69.5688,-38.4528],[-69.5688,-38.4528],[-69.5687,-38.4528],[-69.5687,-38.4528],[-69.5687,-38.4528],[-69.5687,-38.4528],[-69.5687,-38.4528],[-69.5687,-38.4528],[-69.5687,-38.4528],[-69.5687,-38.4529],[-69.5687,-38.4529],[-69.5687,-38.4529],[-69.5687,-38.4529],[-69.5687,-38.4529],[-69.5686,-38.4529],[-69.5686,-38.4529],[-69.5686,-38.4529],[-69.5686,-38.4529],[-69.5686,-38.4529],[-69.5686,-38.4529],[-69.5686,-38.4529],[-69.5686,-38.4529],[-69.5686,-38.4529],[-69.5686,-38.4529],[-69.5686,-38.4529],[-69.5686,-38.4529],[-69.5685,-38.4529],[-69.5685,-38.4529],[-69.5685,-38.4529],[-69.5685,-38.4529],[-69.5685,-38.4529],[-69.5685,-38.4529],[-69.5685,-38.4529],[-69.5685,-38.4529],[-69.5685,-38.4529],[-69.5685,-38.4529],[-69.5685,-38.4529],[-69.5685,-38.4529],[-69.5685,-38.453],[-69.5684,-38.453],[-69.5684,-38.453],[-69.5684,-38.453],[-69.5684,-38.453],[-69.5684,-38.453],[-69.5684,-38.453],[-69.5684,-38.453],[-69.5684,-38.453],[-69.5684,-38.453],[-69.5684,-38.453],[-69.5684,-38.453],[-69.5684,-38.453],[-69.5683,-38.453],[-69.5683,-38.453],[-69.5683,-38.453],[-69.5683,-38.453],[-69.5683,-38.453],[-69.5683,-38.453],[-69.5683,-38.453],[-69.5683,-38.453],[-69.5683,-38.453],[-69.5683,-38.453],[-69.5683,-38.453],[-69.5683,-38.453],[-69.5682,-38.453],[-69.5682,-38.453],[-69.5682,-38.453],[-69.5682,-38.453],[-69.5682,-38.4531],[-69.5682,-38.4531],[-69.5682,-38.4531],[-69.5682,-38.4531],[-69.5682,-38.4531],[-69.5682,-38.4531],[-69.5682,-38.4531],[-69.5682,-38.4531],[-69.5681,-38.4531],[-69.5681,-38.4531],[-69.5681,-38.4531],[-69.5681,-38.4531],[-69.5681,-38.4531],[-69.5681,-38.4531],[-69.5681,-38.4531],[-69.5681,-38.4531],[-69.5681,-38.4531],[-69.5681,-38.4531],[-69.5681,-38.4531],[-69.5681,-38.4531],[-69.568,-38.4531],[-69.568,-38.4531],[-69.568,-38.4531],[-69.568,-38.4531],[-69.568,-38.4531],[-69.568,-38.4531],[-69.568,-38.4531],[-69.568,-38.4531],[-69.568,-38.4531],[-69.568,-38.4532],[-69.568,-38.4532],[-69.568,-38.4532],[-69.5679,-38.4532],[-69.5679,-38.4532],[-69.5679,-38.4532],[-69.5679,-38.4532],[-69.5679,-38.4532],[-69.5679,-38.4532],[-69.5679,-38.4532],[-69.5679,-38.4532],[-69.5679,-38.4532],[-69.5679,-38.4532],[-69.5679,-38.4532],[-69.5679,-38.4532],[-69.5678,-38.4532],[-69.5678,-38.4532],[-69.5678,-38.4532],[-69.5678,-38.4532],[-69.5678,-38.4532],[-69.5678,-38.4532],[-69.5678,-38.4532],[-69.5678,-38.4532],[-69.5678,-38.4532],[-69.5678,-38.4532],[-69.5678,-38.4532],[-69.5678,-38.4532],[-69.5677,-38.4532],[-69.5677,-38.4532],[-69.5677,-38.4532],[-69.5677,-38.4532],[-69.5677,-38.4532],[-69.5677,-38.4532],[-69.5677,-38.4532],[-69.5677,-38.4532],[-69.5677,-38.4532],[-69.5677,-38.4533],[-69.5677,-38.4533],[-69.5676,-38.4533],[-69.5676,-38.4533],[-69.5676,-38.4533],[-69.5676,-38.4533],[-69.5676,-38.4533],[-69.5676,-38.4533],[-69.5676,-38.4533],[-69.5676,-38.4533],[-69.5676,-38.4533],[-69.5676,-38.4533],[-69.5676,-38.4533],[-69.5676,-38.4533],[-69.5675,-38.4533],[-69.5675,-38.4533],[-69.5675,-38.4533],[-69.5675,-38.4533],[-69.5675,-38.4533],[-69.5675,-38.4533],[-69.5675,-38.4533],[-69.5675,-38.4533],[-69.5675,-38.4533],[-69.5675,-38.4533],[-69.5675,-38.4533],[-69.5675,-38.4533],[-69.5674,-38.4533],[-69.5674,-38.4533],[-69.5674,-38.4533],[-69.5674,-38.4533],[-69.5674,-38.4533],[-69.5674,-38.4533],[-69.5674,-38.4533],[-69.5674,-38.4533],[-69.5674,-38.4533],[-69.5674,-38.4534],[-69.5674,-38.4534],[-69.5674,-38.4534],[-69.5673,-38.4534],[-69.5673,-38.4534],[-69.5673,-38.4534],[-69.5673,-38.4534],[-69.5673,-38.4534],[-69.5673,-38.4534],[-69.5673,-38.4534],[-69.5673,-38.4534],[-69.5673,-38.4534],[-69.5673,-38.4534],[-69.5673,-38.4534],[-69.5672,-38.4534],[-69.5672,-38.4534],[-69.5672,-38.4534],[-69.5672,-38.4534],[-69.5672,-38.4534],[-69.5672,-38.4534],[-69.5672,-38.4534],[-69.5672,-38.4534],[-69.5672,-38.4534],[-69.5672,-38.4534],[-69.5672,-38.4534],[-69.5672,-38.4534],[-69.5671,-38.4534],[-69.5671,-38.4534],[-69.5671,-38.4534],[-69.5671,-38.4534],[-69.5671,-38.4534],[-69.5671,-38.4534],[-69.5671,-38.4534],[-69.5671,-38.4534],[-69.5671,-38.4534],[-69.5671,-38.4534],[-69.5671,-38.4535],[-69.5671,-38.4535],[-69.567,-38.4535],[-69.567,-38.4535],[-69.567,-38.4535],[-69.567,-38.4535],[-69.567,-38.4535],[-69.567,-38.4535],[-69.567,-38.4535],[-69.567,-38.4535],[-69.567,-38.4535],[-69.567,-38.4535],[-69.567,-38.4535],[-69.567,-38.4535],[-69.5669,-38.4535],[-69.5669,-38.4535],[-69.5669,-38.4535],[-69.5669,-38.4535],[-69.5669,-38.4535],[-69.5669,-38.4535],[-69.5669,-38.4535],[-69.5669,-38.4535],[-69.5669,-38.4535],[-69.5669,-38.4535],[-69.5669,-38.4535],[-69.5669,-38.4535],[-69.5668,-38.4535],[-69.5668,-38.4535],[-69.5668,-38.4535],[-69.5668,-38.4535],[-69.5668,-38.4535],[-69.5668,-38.4535],[-69.5668,-38.4535],[-69.5668,-38.4536],[-69.5668,-38.4536],[-69.5668,-38.4536],[-69.5668,-38.4536],[-69.5668,-38.4536],[-69.5667,-38.4536],[-69.5667,-38.4536],[-69.5667,-38.4536],[-69.5667,-38.4536],[-69.5667,-38.4536],[-69.5667,-38.4536],[-69.5667,-38.4536],[-69.5667,-38.4536],[-69.5667,-38.4536],[-69.5667,-38.4536],[-69.5667,-38.4536],[-69.5667,-38.4536],[-69.5666,-38.4536],[-69.5666,-38.4536],[-69.5666,-38.4536],[-69.5666,-38.4536],[-69.5666,-38.4536],[-69.5666,-38.4536],[-69.5666,-38.4536],[-69.5666,-38.4536],[-69.5666,-38.4536],[-69.5666,-38.4536],[-69.5666,-38.4536],[-69.5666,-38.4536],[-69.5665,-38.4536],[-69.5665,-38.4536],[-69.5665,-38.4537],[-69.5665,-38.4537],[-69.5665,-38.4537],[-69.5665,-38.4537],[-69.5665,-38.4537],[-69.5665,-38.4537],[-69.5665,-38.4537],[-69.5665,-38.4537],[-69.5665,-38.4537],[-69.5665,-38.4537],[-69.5664,-38.4537],[-69.5664,-38.4537],[-69.5664,-38.4537],[-69.5664,-38.4537],[-69.5664,-38.4537],[-69.5664,-38.4537],[-69.5664,-38.4537],[-69.5664,-38.4537],[-69.5664,-38.4537],[-69.5664,-38.4537],[-69.5664,-38.4537],[-69.5663,-38.4537],[-69.5663,-38.4537],[-69.5663,-38.4537],[-69.5663,-38.4537],[-69.5663,-38.4537],[-69.5663,-38.4537],[-69.5663,-38.4537],[-69.5663,-38.4537],[-69.5663,-38.4537],[-69.5663,-38.4537],[-69.5663,-38.4538],[-69.5663,-38.4538],[-69.5662,-38.4538],[-69.5662,-38.4538],[-69.5662,-38.4538],[-69.5662,-38.4538],[-69.5662,-38.4538],[-69.5662,-38.4538],[-69.5662,-38.4538],[-69.5662,-38.4538],[-69.5662,-38.4538],[-69.5662,-38.4538],[-69.5662,-38.4538],[-69.5662,-38.4538],[-69.5661,-38.4538],[-69.5661,-38.4538],[-69.5661,-38.4538],[-69.5661,-38.4538],[-69.5661,-38.4538],[-69.5661,-38.4538],[-69.5661,-38.4538],[-69.5661,-38.4538],[-69.5661,-38.4538],[-69.5661,-38.4538],[-69.5661,-38.4538],[-69.5661,-38.4538],[-69.566,-38.4538],[-69.566,-38.4538],[-69.566,-38.4538],[-69.566,-38.4538],[-69.566,-38.4538],[-69.566,-38.4539],[-69.566,-38.4539],[-69.566,-38.4539],[-69.566,-38.4539],[-69.566,-38.4539],[-69.566,-38.4539],[-69.566,-38.4539],[-69.5659,-38.4539],[-69.5659,-38.4539],[-69.5659,-38.4539],[-69.5659,-38.4539],[-69.5659,-38.4539],[-69.5659,-38.4539],[-69.5659,-38.4539],[-69.5659,-38.4539],[-69.5659,-38.4539],[-69.5659,-38.4539],[-69.5659,-38.4539],[-69.5659,-38.4539],[-69.5658,-38.4539],[-69.5658,-38.4539],[-69.5658,-38.4539],[-69.5658,-38.4539],[-69.5658,-38.4539],[-69.5658,-38.4539],[-69.5658,-38.4539],[-69.5658,-38.4539],[-69.5658,-38.4539],[-69.5658,-38.4539],[-69.5658,-38.4539],[-69.5658,-38.4539],[-69.5657,-38.454],[-69.5657,-38.454],[-69.5657,-38.454],[-69.5657,-38.454],[-69.5657,-38.454],[-69.5657,-38.454],[-69.5657,-38.454],[-69.5657,-38.454],[-69.5657,-38.454],[-69.5657,-38.454],[-69.5657,-38.454],[-69.5657,-38.454],[-69.5656,-38.454],[-69.5656,-38.454],[-69.5656,-38.454],[-69.5656,-38.454],[-69.5656,-38.454],[-69.5656,-38.454],[-69.5656,-38.454],[-69.5656,-38.454],[-69.5656,-38.454],[-69.5656,-38.454],[-69.5656,-38.454],[-69.5656,-38.454],[-69.5655,-38.454],[-69.5655,-38.454],[-69.5655,-38.454],[-69.5655,-38.454],[-69.5655,-38.454],[-69.5655,-38.454],[-69.5655,-38.454],[-69.5655,-38.4541],[-69.5655,-38.4541],[-69.5655,-38.4541],[-69.5655,-38.4541],[-69.5655,-38.4541],[-69.5654,-38.4541],[-69.5654,-38.4541],[-69.5654,-38.4541],[-69.5654,-38.4541],[-69.5654,-38.4541],[-69.5654,-38.4541],[-69.5654,-38.4541],[-69.5654,-38.4541],[-69.5654,-38.4541],[-69.5654,-38.4541],[-69.5654,-38.4541],[-69.5654,-38.4541],[-69.5653,-38.4541],[-69.5653,-38.4541],[-69.5653,-38.4541],[-69.5653,-38.4541],[-69.5653,-38.4541],[-69.5653,-38.4541],[-69.5653,-38.4541],[-69.5653,-38.4541],[-69.5653,-38.4541],[-69.5653,-38.4541],[-69.5653,-38.4541],[-69.5653,-38.4542],[-69.5653,-38.4542],[-69.5652,-38.4542],[-69.5652,-38.4542],[-69.5652,-38.4542],[-69.5652,-38.4542],[-69.5652,-38.4542],[-69.5652,-38.4542],[-69.5652,-38.4542],[-69.5652,-38.4542],[-69.5652,-38.4542],[-69.5652,-38.4542],[-69.5652,-38.4542],[-69.5652,-38.4542],[-69.5652,-38.4542],[-69.5651,-38.4542],[-69.5651,-38.4542],[-69.5651,-38.4542],[-69.5651,-38.4542],[-69.5651,-38.4542],[-69.5651,-38.4542],[-69.5651,-38.4543],[-69.5651,-38.4543],[-69.5651,-38.4543],[-69.5651,-38.4543],[-69.5651,-38.4543],[-69.5651,-38.4543],[-69.5651,-38.4543],[-69.565,-38.4543],[-69.565,-38.4543],[-69.565,-38.4543],[-69.565,-38.4543],[-69.565,-38.4543],[-69.565,-38.4543],[-69.565,-38.4543],[-69.565,-38.4543],[-69.565,-38.4543],[-69.565,-38.4543],[-69.565,-38.4543],[-69.565,-38.4543],[-69.565,-38.4543],[-69.5649,-38.4543],[-69.5649,-38.4543],[-69.5649,-38.4544],[-69.5649,-38.4544],[-69.5649,-38.4544],[-69.5649,-38.4544],[-69.5649,-38.4544],[-69.5649,-38.4544],[-69.5649,-38.4544],[-69.5649,-38.4544],[-69.5649,-38.4544],[-69.5649,-38.4544],[-69.5649,-38.4544],[-69.5648,-38.4544],[-69.5648,-38.4544],[-69.5648,-38.4544],[-69.5648,-38.4544],[-69.5648,-38.4544],[-69.5648,-38.4544],[-69.5648,-38.4544],[-69.5648,-38.4544],[-69.5648,-38.4544],[-69.5648,-38.4544],[-69.5648,-38.4544],[-69.5648,-38.4545],[-69.5648,-38.4545],[-69.5647,-38.4545],[-69.5647,-38.4545],[-69.5647,-38.4545],[-69.5647,-38.4545],[-69.5647,-38.4545],[-69.5647,-38.4545],[-69.5647,-38.4545],[-69.5647,-38.4545],[-69.5647,-38.4545],[-69.5647,-38.4545],[-69.5647,-38.4545],[-69.5647,-38.4545],[-69.5647,-38.4545],[-69.5646,-38.4545],[-69.5646,-38.4545],[-69.5646,-38.4545],[-69.5646,-38.4545],[-69.5646,-38.4545],[-69.5646,-38.4545],[-69.5646,-38.4545],[-69.5646,-38.4546],[-69.5646,-38.4546],[-69.5646,-38.4546],[-69.5646,-38.4546],[-69.5646,-38.4546],[-69.5646,-38.4546],[-69.5645,-38.4546],[-69.5645,-38.4546],[-69.5645,-38.4546],[-69.5645,-38.4546],[-69.5645,-38.4546],[-69.5645,-38.4546],[-69.5645,-38.4546],[-69.5645,-38.4546],[-69.5645,-38.4546],[-69.5645,-38.4546],[-69.5645,-38.4546],[-69.5645,-38.4546],[-69.5645,-38.4546],[-69.5644,-38.4546],[-69.5644,-38.4546],[-69.5644,-38.4547],[-69.5644,-38.4547],[-69.5644,-38.4547],[-69.5644,-38.4547],[-69.5644,-38.4547],[-69.5644,-38.4547],[-69.5644,-38.4547],[-69.5644,-38.4547],[-69.5644,-38.4547],[-69.5644,-38.4547],[-69.5644,-38.4547],[-69.5643,-38.4547],[-69.5643,-38.4547],[-69.5643,-38.4547],[-69.5643,-38.4547],[-69.5643,-38.4547],[-69.5643,-38.4547],[-69.5643,-38.4547],[-69.5643,-38.4547],[-69.5643,-38.4547],[-69.5643,-38.4547],[-69.5643,-38.4547],[-69.5643,-38.4548],[-69.5643,-38.4548],[-69.5642,-38.4548],[-69.5642,-38.4548],[-69.5642,-38.4548],[-69.5642,-38.4548],[-69.5642,-38.4548],[-69.5642,-38.4548],[-69.5642,-38.4548],[-69.5642,-38.4548],[-69.5642,-38.4548],[-69.5642,-38.4548],[-69.5642,-38.4548],[-69.5642,-38.4548],[-69.5642,-38.4548],[-69.5641,-38.4548],[-69.5641,-38.4548],[-69.5641,-38.4548],[-69.5641,-38.4548],[-69.5641,-38.4548],[-69.5641,-38.4548],[-69.5641,-38.4548],[-69.5641,-38.4549],[-69.5641,-38.4549],[-69.5641,-38.4549],[-69.5641,-38.4549],[-69.5641,-38.4549],[-69.5641,-38.4549],[-69.564,-38.4549],[-69.564,-38.4549],[-69.564,-38.4549],[-69.564,-38.4549],[-69.564,-38.4549],[-69.564,-38.4549],[-69.564,-38.4549],[-69.564,-38.4549],[-69.564,-38.4549],[-69.564,-38.4549],[-69.564,-38.4549],[-69.564,-38.4549],[-69.564,-38.4549],[-69.5639,-38.4549],[-69.5639,-38.4549],[-69.5639,-38.4549],[-69.5639,-38.4549],[-69.5639,-38.455],[-69.5639,-38.455],[-69.5639,-38.455],[-69.5639,-38.455],[-69.5639,-38.455],[-69.5639,-38.455],[-69.5639,-38.455],[-69.5639,-38.455],[-69.5638,-38.455],[-69.5638,-38.455],[-69.5638,-38.455],[-69.5638,-38.455],[-69.5638,-38.455],[-69.5638,-38.455],[-69.5638,-38.455],[-69.5638,-38.455],[-69.5638,-38.455],[-69.5638,-38.455],[-69.5638,-38.455],[-69.5638,-38.455],[-69.5638,-38.455],[-69.5637,-38.455],[-69.5637,-38.455],[-69.5637,-38.4551],[-69.5637,-38.4551],[-69.5637,-38.4551],[-69.5637,-38.4551],[-69.5637,-38.4551],[-69.5637,-38.4551],[-69.5637,-38.4551],[-69.5637,-38.4551],[-69.5637,-38.4551],[-69.5637,-38.4551],[-69.5637,-38.4551],[-69.5636,-38.4551],[-69.5636,-38.4551],[-69.5636,-38.4551],[-69.5636,-38.4551],[-69.5636,-38.4551],[-69.5636,-38.4551],[-69.5636,-38.4551],[-69.5636,-38.4551],[-69.5636,-38.4551],[-69.5636,-38.4551],[-69.5636,-38.4551],[-69.5636,-38.4551],[-69.5635,-38.4552],[-69.5635,-38.4552],[-69.5635,-38.4552],[-69.5635,-38.4552],[-69.5635,-38.4552],[-69.5635,-38.4552],[-69.5635,-38.4552],[-69.5635,-38.4552],[-69.5635,-38.4552],[-69.5635,-38.4552],[-69.5635,-38.4552],[-69.5635,-38.4552],[-69.5635,-38.4552],[-69.5634,-38.4552],[-69.5634,-38.4552],[-69.5634,-38.4552],[-69.5634,-38.4552],[-69.5634,-38.4552],[-69.5634,-38.4552],[-69.5634,-38.4552],[-69.5634,-38.4552],[-69.5634,-38.4552],[-69.5634,-38.4552],[-69.5634,-38.4552],[-69.5634,-38.4553],[-69.5634,-38.4553],[-69.5633,-38.4553],[-69.5633,-38.4553],[-69.5633,-38.4553],[-69.5633,-38.4553],[-69.5633,-38.4553],[-69.5633,-38.4553],[-69.5633,-38.4553],[-69.5633,-38.4553],[-69.5633,-38.4553],[-69.5633,-38.4553],[-69.5633,-38.4553],[-69.5633,-38.4553],[-69.5632,-38.4553],[-69.5632,-38.4553],[-69.5632,-38.4553],[-69.5632,-38.4553],[-69.5632,-38.4553],[-69.5632,-38.4553],[-69.5632,-38.4553],[-69.5632,-38.4553],[-69.5632,-38.4553],[-69.5632,-38.4554],[-69.5632,-38.4554],[-69.5632,-38.4554],[-69.5632,-38.4554],[-69.5631,-38.4554],[-69.5631,-38.4554],[-69.5631,-38.4554],[-69.5631,-38.4554],[-69.5631,-38.4554],[-69.5631,-38.4554],[-69.5631,-38.4554],[-69.5631,-38.4554],[-69.5631,-38.4554],[-69.5631,-38.4554],[-69.5631,-38.4554],[-69.5631,-38.4554],[-69.5631,-38.4554],[-69.563,-38.4554],[-69.563,-38.4554],[-69.563,-38.4554],[-69.563,-38.4554],[-69.563,-38.4554],[-69.563,-38.4554],[-69.563,-38.4555],[-69.563,-38.4555],[-69.563,-38.4555],[-69.563,-38.4555],[-69.563,-38.4555],[-69.563,-38.4555],[-69.5629,-38.4555],[-69.5629,-38.4555],[-69.5629,-38.4555],[-69.5629,-38.4555],[-69.5629,-38.4555],[-69.5629,-38.4555],[-69.5629,-38.4555],[-69.5629,-38.4555],[-69.5629,-38.4555],[-69.5629,-38.4555],[-69.5629,-38.4555],[-69.5629,-38.4555],[-69.5629,-38.4555],[-69.5628,-38.4555],[-69.5628,-38.4555],[-69.5628,-38.4555],[-69.5628,-38.4555],[-69.5628,-38.4556],[-69.5628,-38.4556],[-69.5628,-38.4556],[-69.5628,-38.4556],[-69.5628,-38.4556],[-69.5628,-38.4556],[-69.5628,-38.4556],[-69.5628,-38.4556],[-69.5628,-38.4556],[-69.5627,-38.4556],[-69.5627,-38.4556],[-69.5627,-38.4556],[-69.5627,-38.4556],[-69.5627,-38.4556],[-69.5627,-38.4556],[-69.5627,-38.4556],[-69.5627,-38.4556],[-69.5627,-38.4556],[-69.5627,-38.4556],[-69.5627,-38.4556],[-69.5627,-38.4556],[-69.5626,-38.4556],[-69.5626,-38.4556],[-69.5626,-38.4557],[-69.5626,-38.4557],[-69.5626,-38.4557],[-69.5626,-38.4557],[-69.5626,-38.4557],[-69.5626,-38.4557],[-69.5626,-38.4557],[-69.5626,-38.4557],[-69.5626,-38.4557],[-69.5626,-38.4557],[-69.5626,-38.4557],[-69.5625,-38.4557],[-69.5625,-38.4557],[-69.5625,-38.4557],[-69.5625,-38.4557],[-69.5625,-38.4557],[-69.5625,-38.4557],[-69.5625,-38.4557],[-69.5625,-38.4557],[-69.5625,-38.4557],[-69.5625,-38.4557],[-69.5625,-38.4557],[-69.5625,-38.4557],[-69.5625,-38.4558],[-69.5624,-38.4558],[-69.5624,-38.4558],[-69.5624,-38.4558],[-69.5624,-38.4558],[-69.5624,-38.4558],[-69.5624,-38.4558],[-69.5624,-38.4558],[-69.5624,-38.4558],[-69.5624,-38.4558],[-69.5624,-38.4558],[-69.5624,-38.4558],[-69.5624,-38.4558],[-69.5623,-38.4558],[-69.5623,-38.4558],[-69.5623,-38.4558],[-69.5623,-38.4558],[-69.5623,-38.4558],[-69.5623,-38.4558],[-69.5623,-38.4558],[-69.5623,-38.4558],[-69.5623,-38.4558],[-69.5623,-38.4558],[-69.5623,-38.4558],[-69.5622,-38.4558],[-69.5622,-38.4558],[-69.5622,-38.4558],[-69.5622,-38.4558],[-69.5622,-38.4558],[-69.5622,-38.4558],[-69.5622,-38.4558],[-69.5622,-38.4558],[-69.5622,-38.4558],[-69.5622,-38.4558],[-69.5622,-38.4558],[-69.5622,-38.4558],[-69.5621,-38.4558],[-69.5621,-38.4559],[-69.5621,-38.4559],[-69.5621,-38.4559],[-69.5621,-38.4559],[-69.5621,-38.4559],[-69.5621,-38.4559],[-69.5621,-38.4559],[-69.5621,-38.4559],[-69.5621,-38.4559],[-69.5621,-38.4559],[-69.5621,-38.4559],[-69.562,-38.4559],[-69.562,-38.4559],[-69.562,-38.4559],[-69.562,-38.4559],[-69.562,-38.4559],[-69.562,-38.4559],[-69.562,-38.4559],[-69.562,-38.4559],[-69.562,-38.4559],[-69.562,-38.4559],[-69.562,-38.4559],[-69.562,-38.4559],[-69.5619,-38.4559],[-69.5619,-38.4559],[-69.5619,-38.4559],[-69.5619,-38.4559],[-69.5619,-38.4559],[-69.5619,-38.4559],[-69.5619,-38.4559],[-69.5619,-38.4559],[-69.5619,-38.4559],[-69.5619,-38.4559],[-69.5619,-38.4559],[-69.5618,-38.4559],[-69.5618,-38.4559],[-69.5618,-38.4559],[-69.5618,-38.456],[-69.5618,-38.456],[-69.5618,-38.456],[-69.5618,-38.456],[-69.5618,-38.456],[-69.5618,-38.456],[-69.5618,-38.456],[-69.5618,-38.456],[-69.5618,-38.456],[-69.5617,-38.456],[-69.5617,-38.456],[-69.5617,-38.456],[-69.5617,-38.456],[-69.5617,-38.456],[-69.5617,-38.456],[-69.5617,-38.456],[-69.5617,-38.456],[-69.5617,-38.456],[-69.5617,-38.456],[-69.5617,-38.456],[-69.5617,-38.456],[-69.5616,-38.456],[-69.5616,-38.456],[-69.5616,-38.456],[-69.5616,-38.456],[-69.5616,-38.456],[-69.5616,-38.456],[-69.5616,-38.456],[-69.5616,-38.456],[-69.5616,-38.456],[-69.5616,-38.456],[-69.5616,-38.456],[-69.5616,-38.456],[-69.5615,-38.456],[-69.5615,-38.456],[-69.5615,-38.456],[-69.5615,-38.456],[-69.5615,-38.4561],[-69.5615,-38.4561],[-69.5615,-38.4561],[-69.5615,-38.4561],[-69.5615,-38.4561],[-69.5615,-38.4561],[-69.5615,-38.4561],[-69.5614,-38.4561],[-69.5614,-38.4561],[-69.5614,-38.4561],[-69.5614,-38.4561],[-69.5614,-38.4561],[-69.5614,-38.4561],[-69.5614,-38.4561],[-69.5614,-38.4561],[-69.5614,-38.4561],[-69.5614,-38.4561],[-69.5614,-38.4561],[-69.5614,-38.4561],[-69.5613,-38.4561],[-69.5613,-38.4561],[-69.5613,-38.4561],[-69.5613,-38.4561],[-69.5613,-38.4561],[-69.5613,-38.4561],[-69.5613,-38.4561],[-69.5613,-38.4561],[-69.5613,-38.4561],[-69.5613,-38.4561],[-69.5613,-38.4561],[-69.5613,-38.4561],[-69.5612,-38.4561],[-69.5612,-38.4561],[-69.5612,-38.4561],[-69.5612,-38.4561],[-69.5612,-38.4562],[-69.5612,-38.4562],[-69.5612,-38.4562],[-69.5612,-38.4562],[-69.5612,-38.4562],[-69.5612,-38.4562],[-69.5612,-38.4562],[-69.5612,-38.4562],[-69.5612,-38.4562],[-69.5611,-38.4562],[-69.5611,-38.4562],[-69.5611,-38.4562],[-69.5611,-38.4562],[-69.5611,-38.4562],[-69.5611,-38.4562],[-69.5611,-38.4562],[-69.5611,-38.4562],[-69.5611,-38.4562],[-69.5611,-38.4562],[-69.5611,-38.4562],[-69.5611,-38.4562],[-69.5611,-38.4562],[-69.561,-38.4563],[-69.561,-38.4563],[-69.561,-38.4563],[-69.561,-38.4563],[-69.561,-38.4563],[-69.561,-38.4563],[-69.561,-38.4563],[-69.561,-38.4563],[-69.561,-38.4563],[-69.561,-38.4563],[-69.561,-38.4563],[-69.561,-38.4563],[-69.561,-38.4563],[-69.5609,-38.4563],[-69.5609,-38.4563],[-69.5609,-38.4563],[-69.5609,-38.4563],[-69.5609,-38.4563],[-69.5609,-38.4563],[-69.5609,-38.4563],[-69.5609,-38.4563],[-69.5609,-38.4563],[-69.5609,-38.4564],[-69.5609,-38.4564],[-69.5609,-38.4564],[-69.5609,-38.4564],[-69.5608,-38.4564],[-69.5608,-38.4564],[-69.5608,-38.4564],[-69.5608,-38.4564],[-69.5608,-38.4564],[-69.5608,-38.4564],[-69.5608,-38.4564],[-69.5608,-38.4564],[-69.5608,-38.4564],[-69.5608,-38.4564],[-69.5608,-38.4564],[-69.5608,-38.4564],[-69.5608,-38.4564],[-69.5607,-38.4564],[-69.5607,-38.4564],[-69.5607,-38.4564],[-69.5607,-38.4564],[-69.5607,-38.4564],[-69.5607,-38.4565],[-69.5607,-38.4565],[-69.5607,-38.4565],[-69.5607,-38.4565],[-69.5607,-38.4565],[-69.5607,-38.4565],[-69.5607,-38.4565],[-69.5607,-38.4565],[-69.5606,-38.4565],[-69.5606,-38.4565],[-69.5606,-38.4565],[-69.5606,-38.4565],[-69.5606,-38.4565],[-69.5606,-38.4565],[-69.5606,-38.4565],[-69.5606,-38.4565],[-69.5606,-38.4565],[-69.5606,-38.4565],[-69.5606,-38.4565],[-69.5606,-38.4565],[-69.5606,-38.4565],[-69.5605,-38.4565],[-69.5605,-38.4566],[-69.5605,-38.4566],[-69.5605,-38.4566],[-69.5605,-38.4566],[-69.5605,-38.4566],[-69.5605,-38.4566],[-69.5605,-38.4566],[-69.5605,-38.4566],[-69.5605,-38.4566],[-69.5605,-38.4566],[-69.5605,-38.4566],[-69.5604,-38.4566],[-69.5604,-38.4566],[-69.5604,-38.4566],[-69.5604,-38.4566],[-69.5604,-38.4566],[-69.5604,-38.4566],[-69.5604,-38.4566],[-69.5604,-38.4566],[-69.5604,-38.4566],[-69.5604,-38.4566],[-69.5604,-38.4566],[-69.5604,-38.4567],[-69.5604,-38.4567],[-69.5603,-38.4567],[-69.5603,-38.4567],[-69.5603,-38.4567],[-69.5603,-38.4567],[-69.5603,-38.4567],[-69.5603,-38.4567],[-69.5603,-38.4567],[-69.5603,-38.4567],[-69.5603,-38.4567],[-69.5603,-38.4567],[-69.5603,-38.4567],[-69.5603,-38.4567],[-69.5603,-38.4567],[-69.5602,-38.4567],[-69.5602,-38.4567],[-69.5602,-38.4567],[-69.5602,-38.4567],[-69.5602,-38.4567],[-69.5602,-38.4567],[-69.5602,-38.4567],[-69.5602,-38.4568],[-69.5602,-38.4568],[-69.5602,-38.4568],[-69.5602,-38.4568],[-69.5602,-38.4568],[-69.5602,-38.4568],[-69.5601,-38.4568],[-69.5601,-38.4568],[-69.5601,-38.4568],[-69.5601,-38.4568],[-69.5601,-38.4568],[-69.5601,-38.4568],[-69.5601,-38.4568],[-69.5601,-38.4568],[-69.5601,-38.4568],[-69.5601,-38.4568],[-69.5601,-38.4568],[-69.5601,-38.4568],[-69.5601,-38.4568],[-69.56,-38.4568],[-69.56,-38.4568],[-69.56,-38.4568],[-69.56,-38.4569],[-69.56,-38.4569],[-69.56,-38.4569],[-69.56,-38.4569],[-69.56,-38.4569],[-69.56,-38.4569],[-69.56,-38.4569],[-69.56,-38.4569],[-69.56,-38.4569],[-69.56,-38.4569],[-69.5599,-38.4569],[-69.5599,-38.4569],[-69.5599,-38.4569],[-69.5599,-38.4569],[-69.5599,-38.4569],[-69.5599,-38.4569],[-69.5599,-38.4569],[-69.5599,-38.4569],[-69.5599,-38.4569],[-69.5599,-38.4569],[-69.5599,-38.4569],[-69.5599,-38.4569],[-69.5599,-38.457],[-69.5598,-38.457],[-69.5598,-38.457],[-69.5598,-38.457],[-69.5598,-38.457],[-69.5598,-38.457],[-69.5598,-38.457],[-69.5598,-38.457],[-69.5598,-38.457],[-69.5598,-38.457],[-69.5598,-38.457],[-69.5598,-38.457],[-69.5598,-38.457],[-69.5597,-38.457],[-69.5597,-38.457],[-69.5597,-38.457],[-69.5597,-38.457],[-69.5597,-38.457],[-69.5597,-38.457],[-69.5597,-38.457],[-69.5597,-38.457],[-69.5597,-38.457],[-69.5597,-38.457],[-69.5597,-38.457],[-69.5597,-38.457],[-69.5597,-38.457],[-69.5596,-38.457],[-69.5596,-38.4571],[-69.5596,-38.4571],[-69.5596,-38.4571],[-69.5596,-38.4571],[-69.5596,-38.4571],[-69.5596,-38.4571],[-69.5596,-38.4571],[-69.5596,-38.4571],[-69.5596,-38.4571],[-69.5596,-38.4571],[-69.5596,-38.4571],[-69.5595,-38.4571],[-69.5595,-38.4571],[-69.5595,-38.4571],[-69.5595,-38.4571],[-69.5595,-38.4571],[-69.5595,-38.4571],[-69.5595,-38.4571],[-69.5595,-38.4571],[-69.5595,-38.4571],[-69.5595,-38.4571],[-69.5595,-38.4571],[-69.5595,-38.4571],[-69.5594,-38.4571],[-69.5594,-38.4571],[-69.5594,-38.4571],[-69.5594,-38.4571],[-69.5594,-38.4571],[-69.5594,-38.4572],[-69.5594,-38.4572],[-69.5594,-38.4572],[-69.5594,-38.4572],[-69.5594,-38.4572],[-69.5594,-38.4572],[-69.5594,-38.4572],[-69.5593,-38.4572],[-69.5593,-38.4572],[-69.5593,-38.4572],[-69.5593,-38.4572],[-69.5593,-38.4572],[-69.5593,-38.4572],[-69.5593,-38.4572],[-69.5593,-38.4572],[-69.5593,-38.4572],[-69.5593,-38.4572],[-69.5593,-38.4572],[-69.5593,-38.4572],[-69.5592,-38.4572],[-69.5592,-38.4572],[-69.5592,-38.4572],[-69.5592,-38.4572],[-69.5592,-38.4572],[-69.5592,-38.4572],[-69.5592,-38.4572],[-69.5592,-38.4572],[-69.5592,-38.4572],[-69.5592,-38.4573],[-69.5592,-38.4573],[-69.5592,-38.4573],[-69.5591,-38.4573],[-69.5591,-38.4573],[-69.5591,-38.4573],[-69.5591,-38.4573],[-69.5591,-38.4573],[-69.5591,-38.4573],[-69.5591,-38.4573],[-69.5591,-38.4573],[-69.5591,-38.4573],[-69.5591,-38.4573],[-69.5591,-38.4573],[-69.5591,-38.4573],[-69.5591,-38.4573],[-69.559,-38.4573],[-69.559,-38.4573],[-69.559,-38.4573],[-69.559,-38.4573],[-69.559,-38.4573],[-69.559,-38.4573],[-69.559,-38.4573],[-69.559,-38.4573],[-69.559,-38.4573],[-69.559,-38.4573],[-69.559,-38.4573],[-69.559,-38.4573],[-69.5589,-38.4574],[-69.5589,-38.4574],[-69.5589,-38.4574],[-69.5589,-38.4574],[-69.5589,-38.4574],[-69.5589,-38.4574],[-69.5589,-38.4574],[-69.5589,-38.4574],[-69.5589,-38.4574],[-69.5589,-38.4574],[-69.5589,-38.4574],[-69.5589,-38.4574],[-69.5588,-38.4574],[-69.5588,-38.4574],[-69.5588,-38.4574],[-69.5588,-38.4574],[-69.5588,-38.4574],[-69.5588,-38.4574],[-69.5588,-38.4574],[-69.5588,-38.4574],[-69.5588,-38.4574],[-69.5588,-38.4574],[-69.5588,-38.4574],[-69.5588,-38.4574],[-69.5587,-38.4574],[-69.5587,-38.4574],[-69.5587,-38.4574],[-69.5587,-38.4574],[-69.5587,-38.4575],[-69.5587,-38.4575],[-69.5587,-38.4575],[-69.5587,-38.4575],[-69.5587,-38.4575],[-69.5587,-38.4575],[-69.5587,-38.4575],[-69.5587,-38.4575],[-69.5586,-38.4575],[-69.5586,-38.4575],[-69.5586,-38.4575],[-69.5586,-38.4575],[-69.5586,-38.4575],[-69.5586,-38.4575],[-69.5586,-38.4575],[-69.5586,-38.4575],[-69.5586,-38.4575],[-69.5586,-38.4575],[-69.5586,-38.4575],[-69.5586,-38.4575],[-69.5585,-38.4575],[-69.5585,-38.4575],[-69.5585,-38.4575],[-69.5585,-38.4575],[-69.5585,-38.4575],[-69.5585,-38.4575],[-69.5585,-38.4575],[-69.5585,-38.4576],[-69.5585,-38.4576],[-69.5585,-38.4576],[-69.5585,-38.4576],[-69.5585,-38.4576],[-69.5585,-38.4576],[-69.5584,-38.4576],[-69.5584,-38.4576],[-69.5584,-38.4576],[-69.5584,-38.4576],[-69.5584,-38.4576],[-69.5584,-38.4576],[-69.5584,-38.4576],[-69.5584,-38.4576],[-69.5584,-38.4576],[-69.5584,-38.4576],[-69.5584,-38.4576],[-69.5584,-38.4576],[-69.5583,-38.4576],[-69.5583,-38.4576],[-69.5583,-38.4576],[-69.5583,-38.4576],[-69.5583,-38.4576],[-69.5583,-38.4576],[-69.5583,-38.4576],[-69.5583,-38.4576],[-69.5583,-38.4576],[-69.5583,-38.4576],[-69.5583,-38.4577],[-69.5583,-38.4577],[-69.5582,-38.4577],[-69.5582,-38.4577],[-69.5582,-38.4577],[-69.5582,-38.4577],[-69.5582,-38.4577],[-69.5582,-38.4577],[-69.5582,-38.4577],[-69.5582,-38.4577],[-69.5582,-38.4577],[-69.5582,-38.4577],[-69.5582,-38.4577],[-69.5582,-38.4577],[-69.5581,-38.4577],[-69.5581,-38.4577],[-69.5581,-38.4577],[-69.5581,-38.4577],[-69.5581,-38.4577],[-69.5581,-38.4577],[-69.5581,-38.4577],[-69.5581,-38.4577],[-69.5581,-38.4577],[-69.5581,-38.4577],[-69.5581,-38.4577],[-69.5581,-38.4577],[-69.558,-38.4577],[-69.558,-38.4577],[-69.558,-38.4578],[-69.558,-38.4578],[-69.558,-38.4578],[-69.558,-38.4578],[-69.558,-38.4578],[-69.558,-38.4578],[-69.558,-38.4578],[-69.558,-38.4578],[-69.558,-38.4578],[-69.558,-38.4578],[-69.558,-38.4578],[-69.5579,-38.4578],[-69.5579,-38.4578],[-69.5579,-38.4578],[-69.5579,-38.4578],[-69.5579,-38.4578],[-69.5579,-38.4578],[-69.5579,-38.4578],[-69.5579,-38.4578],[-69.5579,-38.4578],[-69.5579,-38.4579],[-69.5579,-38.4579],[-69.5579,-38.4579],[-69.5579,-38.4579],[-69.5579,-38.4579],[-69.5579,-38.4579],[-69.5578,-38.4579],[-69.5578,-38.4579],[-69.5578,-38.4579],[-69.5578,-38.4579],[-69.5578,-38.4579],[-69.5578,-38.4579],[-69.5578,-38.4579],[-69.5578,-38.4579],[-69.5578,-38.4579],[-69.5578,-38.4579],[-69.5578,-38.4579],[-69.5578,-38.458],[-69.5578,-38.458],[-69.5578,-38.458],[-69.5578,-38.458],[-69.5577,-38.458],[-69.5577,-38.458],[-69.5577,-38.458],[-69.5577,-38.458],[-69.5577,-38.458],[-69.5577,-38.458],[-69.5577,-38.458],[-69.5577,-38.458],[-69.5577,-38.458],[-69.5577,-38.458],[-69.5577,-38.458],[-69.5577,-38.458],[-69.5577,-38.458],[-69.5577,-38.4581],[-69.5577,-38.4581],[-69.5576,-38.4581],[-69.5576,-38.4581],[-69.5576,-38.4581],[-69.5576,-38.4581],[-69.5576,-38.4581],[-69.5576,-38.4581],[-69.5576,-38.4581],[-69.5576,-38.4581],[-69.5576,-38.4581],[-69.5576,-38.4581],[-69.5576,-38.4581],[-69.5576,-38.4581],[-69.5576,-38.4581],[-69.5576,-38.4581],[-69.5575,-38.4581],[-69.5575,-38.4582],[-69.5575,-38.4582],[-69.5575,-38.4582],[-69.5575,-38.4582],[-69.5575,-38.4582],[-69.5575,-38.4582],[-69.5575,-38.4582],[-69.5575,-38.4582],[-69.5575,-38.4582],[-69.5575,-38.4582],[-69.5575,-38.4582],[-69.5575,-38.4582],[-69.5575,-38.4582],[-69.5575,-38.4582],[-69.5574,-38.4582],[-69.5574,-38.4582],[-69.5574,-38.4582],[-69.5574,-38.4582],[-69.5574,-38.4583],[-69.5574,-38.4583],[-69.5574,-38.4583],[-69.5574,-38.4583],[-69.5574,-38.4583],[-69.5574,-38.4583],[-69.5574,-38.4583],[-69.5574,-38.4583],[-69.5574,-38.4583],[-69.5574,-38.4583],[-69.5574,-38.4583],[-69.5573,-38.4583],[-69.5573,-38.4583],[-69.5573,-38.4583],[-69.5573,-38.4583],[-69.5573,-38.4583],[-69.5573,-38.4583],[-69.5573,-38.4584],[-69.5573,-38.4584],[-69.5573,-38.4584],[-69.5573,-38.4584],[-69.5573,-38.4584],[-69.5573,-38.4584],[-69.5573,-38.4584],[-69.5573,-38.4584],[-69.5572,-38.4584],[-69.5572,-38.4584],[-69.5572,-38.4584],[-69.5572,-38.4584],[-69.5572,-38.4584],[-69.5572,-38.4584],[-69.5572,-38.4584],[-69.5572,-38.4584],[-69.5572,-38.4584],[-69.5572,-38.4585],[-69.5572,-38.4585],[-69.5572,-38.4585],[-69.5572,-38.4585],[-69.5572,-38.4585],[-69.5572,-38.4585],[-69.5571,-38.4585],[-69.5571,-38.4585],[-69.5571,-38.4585],[-69.5571,-38.4585],[-69.5571,-38.4585],[-69.5571,-38.4585],[-69.5571,-38.4585],[-69.5571,-38.4585],[-69.5571,-38.4585],[-69.5571,-38.4586],[-69.5571,-38.4586],[-69.5571,-38.4586],[-69.5571,-38.4586],[-69.5571,-38.4586],[-69.5571,-38.4586],[-69.5571,-38.4586],[-69.5571,-38.4586],[-69.5571,-38.4586],[-69.5571,-38.4586],[-69.5571,-38.4586],[-69.557,-38.4586],[-69.557,-38.4586],[-69.557,-38.4586],[-69.557,-38.4587],[-69.557,-38.4587],[-69.557,-38.4587],[-69.557,-38.4587],[-69.557,-38.4587],[-69.557,-38.4587],[-69.557,-38.4587],[-69.557,-38.4587],[-69.557,-38.4587],[-69.557,-38.4587],[-69.557,-38.4587],[-69.557,-38.4587],[-69.557,-38.4587],[-69.557,-38.4588],[-69.557,-38.4588],[-69.557,-38.4588],[-69.557,-38.4588],[-69.5569,-38.4588],[-69.5569,-38.4588],[-69.5569,-38.4588],[-69.5569,-38.4588],[-69.5569,-38.4588],[-69.5569,-38.4588],[-69.5569,-38.4588],[-69.5569,-38.4588],[-69.5569,-38.4588],[-69.5569,-38.4589],[-69.5569,-38.4589],[-69.5569,-38.4589],[-69.5569,-38.4589],[-69.5569,-38.4589],[-69.5569,-38.4589],[-69.5569,-38.4589],[-69.5569,-38.4589],[-69.5569,-38.4589],[-69.5569,-38.4589],[-69.5569,-38.4589],[-69.5569,-38.4589],[-69.5568,-38.4589],[-69.5568,-38.4589],[-69.5568,-38.459],[-69.5568,-38.459],[-69.5568,-38.459],[-69.5568,-38.459],[-69.5568,-38.459],[-69.5568,-38.459],[-69.5568,-38.459],[-69.5568,-38.459],[-69.5568,-38.459],[-69.5568,-38.459],[-69.5568,-38.459],[-69.5568,-38.459],[-69.5568,-38.459],[-69.5568,-38.4591],[-69.5568,-38.4591],[-69.5568,-38.4591],[-69.5568,-38.4591],[-69.5568,-38.4591],[-69.5567,-38.4591],[-69.5567,-38.4591],[-69.5567,-38.4591],[-69.5567,-38.4591],[-69.5567,-38.4591],[-69.5567,-38.4591],[-69.5567,-38.4591],[-69.5567,-38.4591],[-69.5567,-38.4591],[-69.5567,-38.4592],[-69.5567,-38.4592],[-69.5567,-38.4592],[-69.5567,-38.4592],[-69.5567,-38.4592],[-69.5567,-38.4592],[-69.5567,-38.4592],[-69.5567,-38.4592],[-69.5567,-38.4592],[-69.5567,-38.4592],[-69.5567,-38.4592],[-69.5566,-38.4592],[-69.5566,-38.4592],[-69.5566,-38.4593],[-69.5566,-38.4593],[-69.5566,-38.4593],[-69.5566,-38.4593],[-69.5566,-38.4593],[-69.5566,-38.4593],[-69.5566,-38.4593],[-69.5566,-38.4593],[-69.5566,-38.4593],[-69.5566,-38.4593],[-69.5566,-38.4593],[-69.5566,-38.4593],[-69.5566,-38.4593],[-69.5566,-38.4593],[-69.5566,-38.4594],[-69.5566,-38.4594],[-69.5566,-38.4594],[-69.5566,-38.4594],[-69.5566,-38.4594],[-69.5565,-38.4594],[-69.5565,-38.4594],[-69.5565,-38.4594],[-69.5565,-38.4594],[-69.5565,-38.4594],[-69.5565,-38.4594],[-69.5565,-38.4594],[-69.5565,-38.4595],[-69.5565,-38.4595],[-69.5565,-38.4595],[-69.5565,-38.4595],[-69.5565,-38.4595],[-69.5565,-38.4595],[-69.5565,-38.4595],[-69.5565,-38.4595],[-69.5565,-38.4595],[-69.5565,-38.4595],[-69.5565,-38.4595],[-69.5565,-38.4595],[-69.5565,-38.4595],[-69.5565,-38.4596],[-69.5565,-38.4596],[-69.5565,-38.4596],[-69.5565,-38.4596],[-69.5565,-38.4596],[-69.5565,-38.4596],[-69.5564,-38.4596],[-69.5564,-38.4596],[-69.5564,-38.4596],[-69.5564,-38.4596],[-69.5564,-38.4596],[-69.5564,-38.4596],[-69.5564,-38.4597],[-69.5564,-38.4597],[-69.5564,-38.4597],[-69.5564,-38.4597],[-69.5564,-38.4597],[-69.5564,-38.4597],[-69.5564,-38.4597],[-69.5564,-38.4597],[-69.5564,-38.4597],[-69.5564,-38.4597],[-69.5564,-38.4597],[-69.5564,-38.4597],[-69.5564,-38.4598],[-69.5564,-38.4598],[-69.5564,-38.4598],[-69.5564,-38.4598],[-69.5564,-38.4598],[-69.5564,-38.4598],[-69.5564,-38.4598],[-69.5564,-38.4598],[-69.5564,-38.4598],[-69.5563,-38.4598],[-69.5563,-38.4598],[-69.5563,-38.4598],[-69.5563,-38.4599],[-69.5563,-38.4599],[-69.5563,-38.4599],[-69.5563,-38.4599],[-69.5563,-38.4599],[-69.5563,-38.4599],[-69.5563,-38.4599],[-69.5563,-38.4599],[-69.5563,-38.4599],[-69.5563,-38.4599],[-69.5563,-38.4599],[-69.5563,-38.4599],[-69.5563,-38.4599],[-69.5563,-38.46],[-69.5563,-38.46],[-69.5563,-38.46],[-69.5563,-38.46],[-69.5563,-38.46],[-69.5563,-38.46],[-69.5563,-38.46],[-69.5563,-38.46],[-69.5563,-38.46],[-69.5563,-38.46],[-69.5563,-38.46],[-69.5562,-38.46],[-69.5562,-38.4601],[-69.5562,-38.4601],[-69.5562,-38.4601],[-69.5562,-38.4601],[-69.5562,-38.4601],[-69.5562,-38.4601],[-69.5562,-38.4601],[-69.5562,-38.4601],[-69.5562,-38.4601],[-69.5562,-38.4601],[-69.5562,-38.4601],[-69.5562,-38.4601],[-69.5562,-38.4602],[-69.5562,-38.4602],[-69.5562,-38.4602],[-69.5562,-38.4602],[-69.5562,-38.4602],[-69.5562,-38.4602],[-69.5562,-38.4602],[-69.5562,-38.4602],[-69.5562,-38.4602],[-69.5562,-38.4602],[-69.5562,-38.4602],[-69.5562,-38.4602],[-69.5562,-38.4602],[-69.5562,-38.4603],[-69.5561,-38.4603],[-69.5561,-38.4603],[-69.5561,-38.4603],[-69.5561,-38.4603],[-69.5561,-38.4603],[-69.5561,-38.4603],[-69.5561,-38.4603],[-69.5561,-38.4603],[-69.5561,-38.4603],[-69.5561,-38.4603],[-69.5561,-38.4603],[-69.5561,-38.4604],[-69.5561,-38.4604],[-69.5561,-38.4604],[-69.5561,-38.4604],[-69.5561,-38.4604],[-69.5561,-38.4604],[-69.5561,-38.4604],[-69.5561,-38.4604],[-69.5561,-38.4604],[-69.5561,-38.4604],[-69.5561,-38.4604],[-69.5561,-38.4604],[-69.5561,-38.4605],[-69.5561,-38.4605],[-69.5561,-38.4605],[-69.5561,-38.4605],[-69.5561,-38.4605],[-69.5561,-38.4605],[-69.556,-38.4605],[-69.556,-38.4605],[-69.556,-38.4605],[-69.556,-38.4605],[-69.556,-38.4605],[-69.556,-38.4605],[-69.556,-38.4606],[-69.556,-38.4606],[-69.556,-38.4606],[-69.556,-38.4606],[-69.556,-38.4606],[-69.556,-38.4606],[-69.556,-38.4606],[-69.556,-38.4606],[-69.556,-38.4606],[-69.556,-38.4606],[-69.556,-38.4606],[-69.556,-38.4606],[-69.556,-38.4607],[-69.556,-38.4607],[-69.556,-38.4607],[-69.556,-38.4607],[-69.556,-38.4607],[-69.556,-38.4607],[-69.556,-38.4607],[-69.556,-38.4607],[-69.556,-38.4607],[-69.556,-38.4607],[-69.556,-38.4607],[-69.556,-38.4608],[-69.556,-38.4608],[-69.556,-38.4608],[-69.556,-38.4608],[-69.556,-38.4608],[-69.5559,-38.4608],[-69.5559,-38.4608],[-69.5559,-38.4608],[-69.5559,-38.4608],[-69.5559,-38.4608],[-69.5559,-38.4608],[-69.5559,-38.4608],[-69.5559,-38.4609],[-69.5559,-38.4609],[-69.5559,-38.4609],[-69.5559,-38.4609],[-69.5559,-38.4609],[-69.5559,-38.4609],[-69.5559,-38.4609],[-69.5559,-38.4609],[-69.5559,-38.4609],[-69.5559,-38.4609],[-69.5559,-38.4609],[-69.5559,-38.4609],[-69.5559,-38.461],[-69.5559,-38.461],[-69.5559,-38.461],[-69.5559,-38.461],[-69.5559,-38.461],[-69.5559,-38.461],[-69.5559,-38.461],[-69.5559,-38.461],[-69.5559,-38.461],[-69.5559,-38.461],[-69.5559,-38.461],[-69.5559,-38.461],[-69.5559,-38.4611],[-69.5559,-38.4611],[-69.5559,-38.4611],[-69.5558,-38.4611],[-69.5558,-38.4611],[-69.5558,-38.4611],[-69.5558,-38.4611],[-69.5558,-38.4611],[-69.5558,-38.4611],[-69.5558,-38.4611],[-69.5558,-38.4611],[-69.5558,-38.4611],[-69.5558,-38.4612],[-69.5558,-38.4612],[-69.5558,-38.4612],[-69.5558,-38.4612],[-69.5558,-38.4612],[-69.5558,-38.4612],[-69.5558,-38.4612],[-69.5558,-38.4612],[-69.5558,-38.4612],[-69.5558,-38.4612],[-69.5558,-38.4612],[-69.5558,-38.4613],[-69.5558,-38.4613],[-69.5558,-38.4613],[-69.5558,-38.4613],[-69.5558,-38.4613],[-69.5558,-38.4613],[-69.5558,-38.4613],[-69.5558,-38.4613],[-69.5558,-38.4613],[-69.5558,-38.4613],[-69.5558,-38.4613],[-69.5558,-38.4613],[-69.5558,-38.4614],[-69.5558,-38.4614],[-69.5557,-38.4614],[-69.5557,-38.4614],[-69.5557,-38.4614],[-69.5557,-38.4614],[-69.5557,-38.4614],[-69.5557,-38.4614],[-69.5557,-38.4614],[-69.5557,-38.4614],[-69.5557,-38.4614],[-69.5557,-38.4614],[-69.5557,-38.4615],[-69.5557,-38.4615],[-69.5557,-38.4615],[-69.5557,-38.4615],[-69.5557,-38.4615],[-69.5557,-38.4615],[-69.5557,-38.4615],[-69.5557,-38.4615],[-69.5557,-38.4615],[-69.5557,-38.4615],[-69.5557,-38.4615],[-69.5557,-38.4615],[-69.5557,-38.4616],[-69.5557,-38.4616],[-69.5557,-38.4616],[-69.5557,-38.4616],[-69.5557,-38.4616],[-69.5557,-38.4616],[-69.5557,-38.4616],[-69.5557,-38.4616],[-69.5557,-38.4616],[-69.5557,-38.4616],[-69.5557,-38.4616],[-69.5556,-38.4616],[-69.5556,-38.4617],[-69.5556,-38.4617],[-69.5556,-38.4617],[-69.5556,-38.4617],[-69.5556,-38.4617],[-69.5556,-38.4617],[-69.5556,-38.4617],[-69.5556,-38.4617],[-69.5556,-38.4617],[-69.5556,-38.4617],[-69.5556,-38.4617],[-69.5556,-38.4618],[-69.5556,-38.4618],[-69.5556,-38.4618],[-69.5556,-38.4618],[-69.5556,-38.4618],[-69.5556,-38.4618],[-69.5556,-38.4618],[-69.5556,-38.4618],[-69.5556,-38.4618],[-69.5556,-38.4618],[-69.5556,-38.4618],[-69.5556,-38.4618],[-69.5556,-38.4619],[-69.5556,-38.4619],[-69.5556,-38.4619],[-69.5556,-38.4619],[-69.5556,-38.4619],[-69.5556,-38.4619],[-69.5556,-38.4619],[-69.5556,-38.4619],[-69.5556,-38.4619],[-69.5556,-38.4619],[-69.5556,-38.4619],[-69.5556,-38.462],[-69.5556,-38.462],[-69.5556,-38.462],[-69.5556,-38.462],[-69.5556,-38.462],[-69.5556,-38.462],[-69.5556,-38.462],[-69.5556,-38.462],[-69.5556,-38.462],[-69.5556,-38.462],[-69.5556,-38.462],[-69.5556,-38.462],[-69.5555,-38.4621],[-69.5555,-38.4621],[-69.5555,-38.4621],[-69.5555,-38.4621],[-69.5555,-38.4621],[-69.5555,-38.4621],[-69.5555,-38.4621],[-69.5555,-38.4621],[-69.5555,-38.4621],[-69.5555,-38.4621],[-69.5555,-38.4621],[-69.5555,-38.4622],[-69.5555,-38.4622],[-69.5555,-38.4622],[-69.5555,-38.4622],[-69.5555,-38.4622],[-69.5555,-38.4622],[-69.5555,-38.4622],[-69.5555,-38.4622],[-69.5555,-38.4622],[-69.5555,-38.4622],[-69.5555,-38.4622],[-69.5555,-38.4622],[-69.5555,-38.4623],[-69.5555,-38.4623],[-69.5555,-38.4623],[-69.5555,-38.4623],[-69.5555,-38.4623],[-69.5555,-38.4623],[-69.5555,-38.4623],[-69.5555,-38.4623],[-69.5555,-38.4623],[-69.5555,-38.4623],[-69.5555,-38.4623],[-69.5555,-38.4623],[-69.5555,-38.4624],[-69.5555,-38.4624],[-69.5555,-38.4624],[-69.5555,-38.4624],[-69.5555,-38.4624],[-69.5555,-38.4624],[-69.5555,-38.4624],[-69.5555,-38.4624],[-69.5555,-38.4624],[-69.5555,-38.4624],[-69.5555,-38.4624],[-69.5555,-38.4625],[-69.5554,-38.4625],[-69.5554,-38.4625],[-69.5554,-38.4625],[-69.5554,-38.4625],[-69.5554,-38.4625],[-69.5554,-38.4625],[-69.5554,-38.4625],[-69.5554,-38.4625],[-69.5554,-38.4625],[-69.5554,-38.4625],[-69.5554,-38.4625],[-69.5554,-38.4626],[-69.5554,-38.4626],[-69.5554,-38.4626],[-69.5554,-38.4626],[-69.5554,-38.4626],[-69.5554,-38.4626],[-69.5554,-38.4626],[-69.5554,-38.4626],[-69.5554,-38.4626],[-69.5554,-38.4626],[-69.5554,-38.4626],[-69.5554,-38.4627],[-69.5554,-38.4627],[-69.5554,-38.4627],[-69.5554,-38.4627],[-69.5554,-38.4627],[-69.5554,-38.4627],[-69.5554,-38.4627],[-69.5554,-38.4627],[-69.5554,-38.4627],[-69.5554,-38.4627],[-69.5554,-38.4627],[-69.5554,-38.4627],[-69.5554,-38.4628],[-69.5554,-38.4628],[-69.5554,-38.4628],[-69.5554,-38.4628],[-69.5554,-38.4628],[-69.5553,-38.4628],[-69.5553,-38.4628],[-69.5553,-38.4628],[-69.5553,-38.4628],[-69.5553,-38.4628],[-69.5553,-38.4628],[-69.5553,-38.4628],[-69.5553,-38.4629],[-69.5553,-38.4629],[-69.5553,-38.4629],[-69.5553,-38.4629],[-69.5553,-38.4629],[-69.5553,-38.4629],[-69.5553,-38.4629],[-69.5553,-38.4629],[-69.5553,-38.4629],[-69.5553,-38.4629],[-69.5553,-38.4629],[-69.5553,-38.4629],[-69.5553,-38.463],[-69.5553,-38.463],[-69.5553,-38.463],[-69.5553,-38.463],[-69.5553,-38.463],[-69.5553,-38.463],[-69.5553,-38.463],[-69.5553,-38.463],[-69.5553,-38.463],[-69.5553,-38.463],[-69.5553,-38.463],[-69.5553,-38.4631],[-69.5553,-38.4631],[-69.5553,-38.4631],[-69.5553,-38.4631],[-69.5552,-38.4631],[-69.5552,-38.4631],[-69.5552,-38.4631],[-69.5552,-38.4631],[-69.5552,-38.4631],[-69.5552,-38.4631],[-69.5552,-38.4631],[-69.5552,-38.4631],[-69.5552,-38.4632],[-69.5552,-38.4632],[-69.5552,-38.4632],[-69.5552,-38.4632],[-69.5552,-38.4632],[-69.5552,-38.4632],[-69.5552,-38.4632],[-69.5552,-38.4632],[-69.5552,-38.4632],[-69.5552,-38.4632],[-69.5552,-38.4632],[-69.5552,-38.4632],[-69.5552,-38.4633],[-69.5552,-38.4633],[-69.5552,-38.4633],[-69.5552,-38.4633],[-69.5552,-38.4633],[-69.5552,-38.4633],[-69.5552,-38.4633],[-69.5552,-38.4633],[-69.5552,-38.4633],[-69.5552,-38.4633],[-69.5552,-38.4633],[-69.5552,-38.4633],[-69.5552,-38.4634],[-69.5552,-38.4634],[-69.5552,-38.4634],[-69.5551,-38.4634],[-69.5551,-38.4634],[-69.5551,-38.4634],[-69.5551,-38.4634],[-69.5551,-38.4634],[-69.5551,-38.4634],[-69.5551,-38.4634],[-69.5551,-38.4634],[-69.5551,-38.4635],[-69.5551,-38.4635],[-69.5551,-38.4635],[-69.5551,-38.4635],[-69.5551,-38.4635],[-69.5551,-38.4635],[-69.5551,-38.4635],[-69.5551,-38.4635],[-69.5551,-38.4635],[-69.5551,-38.4635],[-69.5551,-38.4635],[-69.5551,-38.4635],[-69.5551,-38.4636],[-69.5551,-38.4636],[-69.5551,-38.4636],[-69.5551,-38.4636],[-69.5551,-38.4636],[-69.5551,-38.4636],[-69.5551,-38.4636],[-69.5551,-38.4636],[-69.5551,-38.4636],[-69.5551,-38.4636],[-69.5551,-38.4636],[-69.5551,-38.4636],[-69.5551,-38.4637],[-69.5551,-38.4637],[-69.555,-38.4637],[-69.555,-38.4637],[-69.555,-38.4637],[-69.555,-38.4637],[-69.555,-38.4637],[-69.555,-38.4637],[-69.555,-38.4637],[-69.555,-38.4637],[-69.555,-38.4637],[-69.555,-38.4637],[-69.555,-38.4638],[-69.555,-38.4638],[-69.555,-38.4638],[-69.555,-38.4638],[-69.555,-38.4638],[-69.555,-38.4638],[-69.555,-38.4638],[-69.555,-38.4638],[-69.555,-38.4638],[-69.555,-38.4638],[-69.555,-38.4638],[-69.555,-38.4639],[-69.555,-38.4639],[-69.555,-38.4639],[-69.555,-38.4639],[-69.555,-38.4639],[-69.555,-38.4639],[-69.555,-38.4639],[-69.555,-38.4639],[-69.555,-38.4639],[-69.555,-38.4639],[-69.555,-38.4639],[-69.555,-38.4639],[-69.555,-38.464],[-69.555,-38.464],[-69.5549,-38.464],[-69.5549,-38.464],[-69.5549,-38.464],[-69.5549,-38.464],[-69.5549,-38.464],[-69.5549,-38.464],[-69.5549,-38.464],[-69.5549,-38.464],[-69.5549,-38.464],[-69.5549,-38.464],[-69.5549,-38.4641],[-69.5549,-38.4641],[-69.5549,-38.4641],[-69.5549,-38.4641],[-69.5549,-38.4641],[-69.5549,-38.4641],[-69.5549,-38.4641],[-69.5549,-38.4641],[-69.5549,-38.4641],[-69.5549,-38.4641],[-69.5549,-38.4641],[-69.5549,-38.4641],[-69.5549,-38.4642],[-69.5549,-38.4642],[-69.5549,-38.4642],[-69.5549,-38.4642],[-69.5549,-38.4642],[-69.5549,-38.4642],[-69.5549,-38.4642],[-69.5549,-38.4642],[-69.5548,-38.4642],[-69.5548,-38.4642],[-69.5548,-38.4642],[-69.5548,-38.4642],[-69.5548,-38.4642],[-69.5548,-38.4643],[-69.5548,-38.4643],[-69.5548,-38.4643],[-69.5548,-38.4643],[-69.5548,-38.4643],[-69.5548,-38.4643],[-69.5548,-38.4643],[-69.5548,-38.4643],[-69.5548,-38.4643],[-69.5548,-38.4643],[-69.5548,-38.4643],[-69.5548,-38.4643],[-69.5548,-38.4643],[-69.5548,-38.4644],[-69.5548,-38.4644],[-69.5547,-38.4644],[-69.5547,-38.4644],[-69.5547,-38.4644],[-69.5547,-38.4644],[-69.5547,-38.4644],[-69.5547,-38.4644],[-69.5547,-38.4644],[-69.5547,-38.4644],[-69.5547,-38.4644],[-69.5547,-38.4644],[-69.5547,-38.4644],[-69.5547,-38.4644],[-69.5547,-38.4645],[-69.5547,-38.4645],[-69.5547,-38.4645],[-69.5547,-38.4645],[-69.5547,-38.4645],[-69.5547,-38.4645],[-69.5547,-38.4645],[-69.5547,-38.4645],[-69.5546,-38.4645],[-69.5546,-38.4645],[-69.5546,-38.4645],[-69.5546,-38.4645],[-69.5546,-38.4645],[-69.5546,-38.4646],[-69.5546,-38.4646],[-69.5546,-38.4646],[-69.5546,-38.4646],[-69.5546,-38.4646],[-69.5546,-38.4646],[-69.5546,-38.4646],[-69.5546,-38.4646],[-69.5546,-38.4646],[-69.5546,-38.4646],[-69.5546,-38.4646],[-69.5546,-38.4646],[-69.5546,-38.4646],[-69.5546,-38.4646],[-69.5546,-38.4647],[-69.5545,-38.4647],[-69.5545,-38.4647],[-69.5545,-38.4647],[-69.5545,-38.4647],[-69.5545,-38.4647],[-69.5545,-38.4647],[-69.5545,-38.4647],[-69.5545,-38.4647],[-69.5545,-38.4647],[-69.5545,-38.4647],[-69.5545,-38.4647],[-69.5545,-38.4647],[-69.5545,-38.4647],[-69.5545,-38.4648],[-69.5545,-38.4648],[-69.5545,-38.4648],[-69.5545,-38.4648],[-69.5545,-38.4648],[-69.5545,-38.4648],[-69.5544,-38.4648],[-69.5544,-38.4648],[-69.5544,-38.4648],[-69.5544,-38.4648],[-69.5544,-38.4648],[-69.5544,-38.4648],[-69.5544,-38.4648],[-69.5544,-38.4649],[-69.5544,-38.4649],[-69.5544,-38.4649],[-69.5544,-38.4649],[-69.5544,-38.4649],[-69.5544,-38.4649],[-69.5544,-38.4649],[-69.5544,-38.4649],[-69.5544,-38.4649],[-69.5544,-38.4649],[-69.5544,-38.4649],[-69.5544,-38.4649],[-69.5544,-38.4649],[-69.5543,-38.4649],[-69.5543,-38.465],[-69.5543,-38.465],[-69.5543,-38.465],[-69.5543,-38.465],[-69.5543,-38.465],[-69.5543,-38.465],[-69.5543,-38.465],[-69.5543,-38.465],[-69.5543,-38.465],[-69.5543,-38.465],[-69.5543,-38.465],[-69.5543,-38.465],[-69.5543,-38.465],[-69.5543,-38.4651],[-69.5543,-38.4651],[-69.5543,-38.4651],[-69.5543,-38.4651],[-69.5543,-38.4651],[-69.5543,-38.4651],[-69.5542,-38.4651],[-69.5542,-38.4651],[-69.5542,-38.4651],[-69.5542,-38.4651],[-69.5542,-38.4651],[-69.5542,-38.4651],[-69.5542,-38.4651],[-69.5542,-38.4651],[-69.5542,-38.4652],[-69.5542,-38.4652],[-69.5542,-38.4652],[-69.5542,-38.4652],[-69.5542,-38.4652],[-69.5542,-38.4652],[-69.5542,-38.4652],[-69.5542,-38.4652],[-69.5541,-38.4652],[-69.5541,-38.4652],[-69.5541,-38.4652],[-69.5541,-38.4652],[-69.5541,-38.4652],[-69.5541,-38.4652],[-69.5541,-38.4652],[-69.5541,-38.4652],[-69.5541,-38.4652],[-69.5541,-38.4652],[-69.5541,-38.4653],[-69.5541,-38.4653],[-69.5541,-38.4653],[-69.5541,-38.4653],[-69.5541,-38.4653],[-69.554,-38.4653],[-69.554,-38.4653],[-69.554,-38.4653],[-69.554,-38.4653],[-69.554,-38.4653],[-69.554,-38.4653],[-69.554,-38.4653],[-69.554,-38.4653],[-69.554,-38.4653],[-69.554,-38.4653],[-69.554,-38.4653],[-69.554,-38.4653],[-69.554,-38.4654],[-69.554,-38.4654],[-69.554,-38.4654],[-69.5539,-38.4654],[-69.5539,-38.4654],[-69.5539,-38.4654],[-69.5539,-38.4654],[-69.5539,-38.4654],[-69.5539,-38.4654],[-69.5539,-38.4654],[-69.5539,-38.4654],[-69.5539,-38.4654],[-69.5539,-38.4654],[-69.5539,-38.4654],[-69.5539,-38.4654],[-69.5539,-38.4654],[-69.5539,-38.4654],[-69.5539,-38.4655],[-69.5538,-38.4655],[-69.5538,-38.4655],[-69.5538,-38.4655],[-69.5538,-38.4655],[-69.5538,-38.4655],[-69.5538,-38.4655],[-69.5538,-38.4655],[-69.5538,-38.4655],[-69.5538,-38.4655],[-69.5538,-38.4655],[-69.5538,-38.4655],[-69.5538,-38.4655],[-69.5538,-38.4655],[-69.5538,-38.4655],[-69.5537,-38.4655],[-69.5537,-38.4655],[-69.5537,-38.4656],[-69.5537,-38.4656],[-69.5537,-38.4656],[-69.5537,-38.4656],[-69.5537,-38.4656],[-69.5537,-38.4656],[-69.5537,-38.4656],[-69.5537,-38.4656],[-69.5537,-38.4656],[-69.5537,-38.4656],[-69.5537,-38.4656],[-69.5537,-38.4656],[-69.5537,-38.4656],[-69.5536,-38.4656],[-69.5536,-38.4656],[-69.5536,-38.4656],[-69.5536,-38.4656],[-69.5536,-38.4657],[-69.5536,-38.4657],[-69.5536,-38.4657],[-69.5536,-38.4657],[-69.5536,-38.4657],[-69.5536,-38.4657],[-69.5536,-38.4657],[-69.5536,-38.4657],[-69.5536,-38.4657],[-69.5536,-38.4657],[-69.5536,-38.4657],[-69.5535,-38.4657],[-69.5535,-38.4657],[-69.5535,-38.4657],[-69.5535,-38.4657],[-69.5535,-38.4657],[-69.5535,-38.4657],[-69.5535,-38.4658],[-69.5535,-38.4658],[-69.5535,-38.4658],[-69.5535,-38.4658],[-69.5535,-38.4658],[-69.5535,-38.4658],[-69.5535,-38.4658],[-69.5534,-38.4658],[-69.5534,-38.4658],[-69.5534,-38.4658],[-69.5534,-38.4658],[-69.5534,-38.4658],[-69.5534,-38.4658],[-69.5534,-38.4658],[-69.5534,-38.4658],[-69.5534,-38.4658],[-69.5534,-38.4658],[-69.5534,-38.4658],[-69.5534,-38.4658],[-69.5533,-38.4658],[-69.5533,-38.4658],[-69.5533,-38.4658],[-69.5533,-38.4658],[-69.5533,-38.4658],[-69.5533,-38.4658],[-69.5533,-38.4658],[-69.5533,-38.4658],[-69.5533,-38.4658],[-69.5533,-38.4658],[-69.5533,-38.4658],[-69.5533,-38.4658],[-69.5532,-38.4659],[-69.5532,-38.4659],[-69.5532,-38.4659],[-69.5532,-38.4659],[-69.5532,-38.4659],[-69.5532,-38.4659],[-69.5532,-38.4659],[-69.5532,-38.4659],[-69.5532,-38.4659],[-69.5532,-38.4659],[-69.5532,-38.4659],[-69.5532,-38.4659],[-69.5531,-38.4659],[-69.5531,-38.4659],[-69.5531,-38.4659],[-69.5531,-38.4659],[-69.5531,-38.4659],[-69.5531,-38.4659],[-69.5531,-38.4659],[-69.5531,-38.4659],[-69.5531,-38.4659],[-69.5531,-38.4659],[-69.5531,-38.4659],[-69.5531,-38.4659],[-69.553,-38.4659],[-69.553,-38.4659],[-69.553,-38.4659],[-69.553,-38.4659],[-69.553,-38.4659],[-69.553,-38.4659],[-69.553,-38.4659],[-69.553,-38.4659],[-69.553,-38.466],[-69.553,-38.466],[-69.553,-38.466],[-69.553,-38.466],[-69.5529,-38.466],[-69.5529,-38.466],[-69.5529,-38.466],[-69.5529,-38.466],[-69.5529,-38.466],[-69.5529,-38.466],[-69.5529,-38.466],[-69.5529,-38.466],[-69.5529,-38.466],[-69.5529,-38.466],[-69.5529,-38.466],[-69.5529,-38.466],[-69.5528,-38.466],[-69.5528,-38.466],[-69.5528,-38.466],[-69.5528,-38.466],[-69.5528,-38.466],[-69.5528,-38.466],[-69.5528,-38.466],[-69.5528,-38.466],[-69.5528,-38.466],[-69.5528,-38.466],[-69.5528,-38.466],[-69.5528,-38.466],[-69.5527,-38.466],[-69.5527,-38.466],[-69.5527,-38.466],[-69.5527,-38.466],[-69.5527,-38.4661],[-69.5527,-38.4661],[-69.5527,-38.4661],[-69.5527,-38.4661],[-69.5527,-38.4661],[-69.5527,-38.4661],[-69.5527,-38.4661],[-69.5527,-38.4661],[-69.5526,-38.4661],[-69.5526,-38.4661],[-69.5526,-38.4661],[-69.5526,-38.4661],[-69.5526,-38.4661],[-69.5526,-38.4661],[-69.5526,-38.4661],[-69.5526,-38.4661],[-69.5526,-38.4661],[-69.5526,-38.4661],[-69.5526,-38.4661],[-69.5526,-38.4661],[-69.5525,-38.4661],[-69.5525,-38.4661],[-69.5525,-38.4661],[-69.5525,-38.4661],[-69.5525,-38.4661],[-69.5525,-38.4661],[-69.5525,-38.4661],[-69.5525,-38.4661],[-69.5525,-38.4661],[-69.5525,-38.4661],[-69.5525,-38.4661],[-69.5525,-38.4661],[-69.5524,-38.4662],[-69.5524,-38.4662],[-69.5524,-38.4662],[-69.5524,-38.4662],[-69.5524,-38.4662],[-69.5524,-38.4662],[-69.5524,-38.4662],[-69.5524,-38.4662],[-69.5524,-38.4662],[-69.5524,-38.4662],[-69.5524,-38.4662],[-69.5524,-38.4662],[-69.5523,-38.4662],[-69.5523,-38.4662],[-69.5523,-38.4662],[-69.5523,-38.4662],[-69.5523,-38.4662],[-69.5523,-38.4662],[-69.5523,-38.4662],[-69.5523,-38.4662],[-69.5523,-38.4662],[-69.5523,-38.4662],[-69.5523,-38.4662],[-69.5523,-38.4662],[-69.5522,-38.4662],[-69.5522,-38.4662],[-69.5522,-38.4662],[-69.5522,-38.4662],[-69.5522,-38.4662],[-69.5522,-38.4662],[-69.5522,-38.4662],[-69.5522,-38.4662],[-69.5522,-38.4663],[-69.5522,-38.4663],[-69.5522,-38.4663],[-69.5522,-38.4663],[-69.5521,-38.4663],[-69.5521,-38.4663],[-69.5521,-38.4663],[-69.5521,-38.4663],[-69.5521,-38.4663],[-69.5521,-38.4663],[-69.5521,-38.4663],[-69.5521,-38.4663],[-69.5521,-38.4663],[-69.5521,-38.4663],[-69.5521,-38.4663],[-69.5521,-38.4663],[-69.552,-38.4663],[-69.552,-38.4663],[-69.552,-38.4663],[-69.552,-38.4663],[-69.552,-38.4663],[-69.552,-38.4663],[-69.552,-38.4663],[-69.552,-38.4663],[-69.552,-38.4663],[-69.552,-38.4663],[-69.552,-38.4663],[-69.552,-38.4663],[-69.5519,-38.4663],[-69.5519,-38.4663],[-69.5519,-38.4663],[-69.5519,-38.4664],[-69.5519,-38.4664],[-69.5519,-38.4664],[-69.5519,-38.4664],[-69.5519,-38.4664],[-69.5519,-38.4664],[-69.5519,-38.4664],[-69.5519,-38.4664],[-69.5519,-38.4664],[-69.5518,-38.4664],[-69.5518,-38.4664],[-69.5518,-38.4664],[-69.5518,-38.4664],[-69.5518,-38.4664],[-69.5518,-38.4664],[-69.5518,-38.4664],[-69.5518,-38.4664],[-69.5518,-38.4664],[-69.5518,-38.4664],[-69.5518,-38.4664],[-69.5517,-38.4664],[-69.5517,-38.4664],[-69.5517,-38.4664],[-69.5517,-38.4664],[-69.5517,-38.4664],[-69.5517,-38.4664],[-69.5517,-38.4664],[-69.5517,-38.4664],[-69.5517,-38.4664],[-69.5517,-38.4664],[-69.5517,-38.4664],[-69.5517,-38.4665],[-69.5516,-38.4665],[-69.5516,-38.4665],[-69.5516,-38.4665],[-69.5516,-38.4665],[-69.5516,-38.4665],[-69.5516,-38.4665],[-69.5516,-38.4665],[-69.5516,-38.4665],[-69.5516,-38.4665],[-69.5516,-38.4665],[-69.5516,-38.4665],[-69.5516,-38.4665],[-69.5515,-38.4665],[-69.5515,-38.4665],[-69.5515,-38.4665],[-69.5515,-38.4665],[-69.5515,-38.4665],[-69.5515,-38.4665],[-69.5515,-38.4665],[-69.5515,-38.4665],[-69.5515,-38.4665],[-69.5515,-38.4665],[-69.5515,-38.4665],[-69.5515,-38.4665],[-69.5514,-38.4665],[-69.5514,-38.4665],[-69.5514,-38.4665],[-69.5514,-38.4665],[-69.5514,-38.4665],[-69.5514,-38.4665],[-69.5514,-38.4666],[-69.5514,-38.4666],[-69.5514,-38.4666],[-69.5514,-38.4666],[-69.5514,-38.4666],[-69.5514,-38.4666],[-69.5513,-38.4666],[-69.5513,-38.4666],[-69.5513,-38.4666],[-69.5513,-38.4666],[-69.5513,-38.4666],[-69.5513,-38.4666],[-69.5513,-38.4666],[-69.5513,-38.4666],[-69.5513,-38.4666],[-69.5513,-38.4666],[-69.5513,-38.4666],[-69.5513,-38.4666],[-69.5512,-38.4666],[-69.5512,-38.4666],[-69.5512,-38.4666],[-69.5512,-38.4666],[-69.5512,-38.4666],[-69.5512,-38.4666],[-69.5512,-38.4666],[-69.5512,-38.4666],[-69.5512,-38.4666],[-69.5512,-38.4666],[-69.5512,-38.4666],[-69.5511,-38.4666],[-69.5511,-38.4666],[-69.5511,-38.4666],[-69.5511,-38.4666],[-69.5511,-38.4666],[-69.5511,-38.4666],[-69.5511,-38.4666],[-69.5511,-38.4666],[-69.5511,-38.4666],[-69.5511,-38.4666],[-69.5511,-38.4666],[-69.551,-38.4666],[-69.551,-38.4666],[-69.551,-38.4666],[-69.551,-38.4666],[-69.551,-38.4666],[-69.551,-38.4666],[-69.551,-38.4666],[-69.551,-38.4666],[-69.551,-38.4666],[-69.551,-38.4666],[-69.551,-38.4666],[-69.551,-38.4666],[-69.5509,-38.4667],[-69.5509,-38.4667],[-69.5509,-38.4667],[-69.5509,-38.4667],[-69.5509,-38.4667],[-69.5509,-38.4667],[-69.5509,-38.4667],[-69.5509,-38.4667],[-69.5509,-38.4667],[-69.5509,-38.4667],[-69.5509,-38.4667],[-69.5508,-38.4667],[-69.5508,-38.4667],[-69.5508,-38.4667],[-69.5508,-38.4667],[-69.5508,-38.4667],[-69.5508,-38.4667],[-69.5508,-38.4667],[-69.5508,-38.4667],[-69.5508,-38.4667],[-69.5508,-38.4667],[-69.5508,-38.4667],[-69.5508,-38.4667],[-69.5507,-38.4667],[-69.5507,-38.4667],[-69.5507,-38.4667],[-69.5507,-38.4667],[-69.5507,-38.4667],[-69.5507,-38.4667],[-69.5507,-38.4667],[-69.5507,-38.4667],[-69.5507,-38.4667],[-69.5507,-38.4667],[-69.5507,-38.4667],[-69.5506,-38.4667],[-69.5506,-38.4667],[-69.5506,-38.4667],[-69.5506,-38.4667],[-69.5506,-38.4667],[-69.5506,-38.4667],[-69.5506,-38.4667],[-69.5506,-38.4667],[-69.5506,-38.4667],[-69.5506,-38.4667],[-69.5506,-38.4667],[-69.5505,-38.4667],[-69.5505,-38.4667],[-69.5505,-38.4667],[-69.5505,-38.4667],[-69.5505,-38.4667],[-69.5505,-38.4667],[-69.5505,-38.4667],[-69.5505,-38.4667],[-69.5505,-38.4667],[-69.5505,-38.4667],[-69.5505,-38.4667],[-69.5505,-38.4667],[-69.5504,-38.4667],[-69.5504,-38.4667],[-69.5504,-38.4667],[-69.5504,-38.4667],[-69.5504,-38.4668],[-69.5504,-38.4668],[-69.5504,-38.4668],[-69.5504,-38.4668],[-69.5504,-38.4668],[-69.5504,-38.4668],[-69.5504,-38.4668],[-69.5503,-38.4668],[-69.5503,-38.4668],[-69.5503,-38.4668],[-69.5503,-38.4668],[-69.5503,-38.4668],[-69.5503,-38.4668],[-69.5503,-38.4668],[-69.5503,-38.4668],[-69.5503,-38.4668],[-69.5503,-38.4668],[-69.5503,-38.4668],[-69.5502,-38.4668],[-69.5502,-38.4668],[-69.5502,-38.4668],[-69.5502,-38.4668],[-69.5502,-38.4668],[-69.5502,-38.4668],[-69.5502,-38.4668],[-69.5502,-38.4668],[-69.5502,-38.4668],[-69.5502,-38.4668],[-69.5502,-38.4668],[-69.5502,-38.4668],[-69.5501,-38.4668],[-69.5501,-38.4668],[-69.5501,-38.4668],[-69.5501,-38.4668],[-69.5501,-38.4668],[-69.5501,-38.4668],[-69.5501,-38.4668],[-69.5501,-38.4668],[-69.5501,-38.4668],[-69.5501,-38.4668],[-69.5501,-38.4668],[-69.5501,-38.4668],[-69.55,-38.4668],[-69.55,-38.4668],[-69.55,-38.4668],[-69.55,-38.4668],[-69.55,-38.4669],[-69.55,-38.4669],[-69.55,-38.4669],[-69.55,-38.4669],[-69.55,-38.4669],[-69.55,-38.4669],[-69.55,-38.4669],[-69.5499,-38.4669],[-69.5499,-38.4669],[-69.5499,-38.4669],[-69.5499,-38.4669],[-69.5499,-38.4669],[-69.5499,-38.4669],[-69.5499,-38.4669],[-69.5499,-38.4669],[-69.5499,-38.4669],[-69.5499,-38.4669],[-69.5499,-38.4669],[-69.5499,-38.4669],[-69.5498,-38.4669],[-69.5498,-38.4669],[-69.5498,-38.4669],[-69.5498,-38.4669],[-69.5498,-38.4669],[-69.5498,-38.4669],[-69.5498,-38.4669],[-69.5498,-38.4669],[-69.5498,-38.4669],[-69.5498,-38.4669],[-69.5498,-38.4669],[-69.5497,-38.4669],[-69.5497,-38.4669],[-69.5497,-38.4669],[-69.5497,-38.4669],[-69.5497,-38.4669],[-69.5497,-38.4669],[-69.5497,-38.4669],[-69.5497,-38.4669],[-69.5497,-38.4669],[-69.5497,-38.4669],[-69.5497,-38.4669],[-69.5497,-38.467],[-69.5496,-38.467],[-69.5496,-38.467],[-69.5496,-38.467],[-69.5496,-38.467],[-69.5496,-38.467],[-69.5496,-38.467],[-69.5496,-38.467],[-69.5496,-38.467],[-69.5496,-38.467],[-69.5496,-38.467],[-69.5496,-38.467],[-69.5495,-38.467],[-69.5495,-38.467],[-69.5495,-38.467],[-69.5495,-38.467],[-69.5495,-38.467],[-69.5495,-38.467],[-69.5495,-38.467],[-69.5495,-38.467],[-69.5495,-38.467],[-69.5495,-38.467],[-69.5495,-38.467],[-69.5495,-38.467],[-69.5494,-38.467],[-69.5494,-38.467],[-69.5494,-38.467],[-69.5494,-38.467],[-69.5494,-38.467],[-69.5494,-38.467],[-69.5494,-38.467],[-69.5494,-38.467],[-69.5494,-38.467],[-69.5494,-38.467],[-69.5494,-38.467],[-69.5493,-38.467],[-69.5493,-38.467],[-69.5493,-38.467],[-69.5493,-38.467],[-69.5493,-38.467],[-69.5493,-38.467],[-69.5493,-38.467],[-69.5493,-38.4671],[-69.5493,-38.4671],[-69.5493,-38.4671],[-69.5493,-38.4671],[-69.5493,-38.4671],[-69.5492,-38.4671],[-69.5492,-38.4671],[-69.5492,-38.4671],[-69.5492,-38.4671],[-69.5492,-38.4671],[-69.5492,-38.4671],[-69.5492,-38.4671],[-69.5492,-38.4671],[-69.5492,-38.4671],[-69.5492,-38.4671],[-69.5492,-38.4671],[-69.5492,-38.4671],[-69.5491,-38.4671],[-69.5491,-38.4671],[-69.5491,-38.4671],[-69.5491,-38.4671],[-69.5491,-38.4671],[-69.5491,-38.4671],[-69.5491,-38.4671],[-69.5491,-38.4671],[-69.5491,-38.4671],[-69.5491,-38.4671],[-69.5491,-38.4671],[-69.549,-38.4671],[-69.549,-38.4671],[-69.549,-38.4671],[-69.549,-38.4671],[-69.549,-38.4671],[-69.549,-38.4671],[-69.549,-38.4671],[-69.549,-38.4671],[-69.549,-38.4671],[-69.549,-38.4671],[-69.549,-38.4671],[-69.549,-38.4671],[-69.5489,-38.4671],[-69.5489,-38.4671],[-69.5489,-38.4672],[-69.5489,-38.4672],[-69.5489,-38.4672],[-69.5489,-38.4672],[-69.5489,-38.4672],[-69.5489,-38.4672],[-69.5489,-38.4672],[-69.5489,-38.4672],[-69.5489,-38.4672],[-69.5488,-38.4672],[-69.5488,-38.4672],[-69.5488,-38.4672],[-69.5488,-38.4672],[-69.5488,-38.4672],[-69.5488,-38.4672],[-69.5488,-38.4672],[-69.5488,-38.4672],[-69.5488,-38.4672],[-69.5488,-38.4672],[-69.5488,-38.4672],[-69.5488,-38.4672],[-69.5487,-38.4672],[-69.5487,-38.4672],[-69.5487,-38.4672],[-69.5487,-38.4672],[-69.5487,-38.4672],[-69.5487,-38.4672],[-69.5487,-38.4672],[-69.5487,-38.4672],[-69.5487,-38.4672],[-69.5487,-38.4672],[-69.5487,-38.4672],[-69.5486,-38.4672],[-69.5486,-38.4672],[-69.5486,-38.4672],[-69.5486,-38.4672],[-69.5486,-38.4672],[-69.5486,-38.4672],[-69.5486,-38.4672],[-69.5486,-38.4672],[-69.5486,-38.4672],[-69.5486,-38.4672],[-69.5486,-38.4672],[-69.5486,-38.4673],[-69.5485,-38.4673],[-69.5485,-38.4673],[-69.5485,-38.4673],[-69.5485,-38.4673],[-69.5485,-38.4673],[-69.5485,-38.4673],[-69.5485,-38.4673],[-69.5485,-38.4673],[-69.5485,-38.4673],[-69.5485,-38.4673],[-69.5485,-38.4673],[-69.5484,-38.4673],[-69.5484,-38.4673],[-69.5484,-38.4673],[-69.5484,-38.4673],[-69.5484,-38.4673],[-69.5484,-38.4673],[-69.5484,-38.4673],[-69.5484,-38.4673],[-69.5484,-38.4673],[-69.5484,-38.4673],[-69.5484,-38.4673],[-69.5484,-38.4673],[-69.5483,-38.4673],[-69.5483,-38.4673],[-69.5483,-38.4673],[-69.5483,-38.4673],[-69.5483,-38.4673],[-69.5483,-38.4673],[-69.5483,-38.4673],[-69.5483,-38.4673],[-69.5483,-38.4673],[-69.5483,-38.4673],[-69.5483,-38.4673],[-69.5482,-38.4673],[-69.5482,-38.4673],[-69.5482,-38.4673],[-69.5482,-38.4673],[-69.5482,-38.4673],[-69.5482,-38.4673],[-69.5482,-38.4673],[-69.5482,-38.4673],[-69.5482,-38.4673],[-69.5482,-38.4673],[-69.5482,-38.4674],[-69.5482,-38.4674],[-69.5481,-38.4674],[-69.5481,-38.4674],[-69.5481,-38.4674],[-69.5481,-38.4674],[-69.5481,-38.4674],[-69.5481,-38.4674],[-69.5481,-38.4674],[-69.5481,-38.4674],[-69.5481,-38.4674],[-69.5481,-38.4674],[-69.5481,-38.4674],[-69.548,-38.4674],[-69.548,-38.4674],[-69.548,-38.4674],[-69.548,-38.4674],[-69.548,-38.4674],[-69.548,-38.4674],[-69.548,-38.4674],[-69.548,-38.4674],[-69.548,-38.4674],[-69.548,-38.4674],[-69.548,-38.4674],[-69.548,-38.4674],[-69.5479,-38.4674],[-69.5479,-38.4674],[-69.5479,-38.4674],[-69.5479,-38.4674],[-69.5479,-38.4674],[-69.5479,-38.4674],[-69.5479,-38.4674],[-69.5479,-38.4674],[-69.5479,-38.4674],[-69.5479,-38.4674],[-69.5479,-38.4674],[-69.5478,-38.4674],[-69.5478,-38.4674],[-69.5478,-38.4674],[-69.5478,-38.4674],[-69.5478,-38.4674],[-69.5478,-38.4674],[-69.5478,-38.4674],[-69.5478,-38.4674],[-69.5478,-38.4674],[-69.5478,-38.4675],[-69.5478,-38.4675],[-69.5478,-38.4675],[-69.5477,-38.4675],[-69.5477,-38.4675],[-69.5477,-38.4675],[-69.5477,-38.4675],[-69.5477,-38.4675],[-69.5477,-38.4675],[-69.5477,-38.4675],[-69.5477,-38.4675],[-69.5477,-38.4675],[-69.5477,-38.4675],[-69.5477,-38.4675],[-69.5476,-38.4675],[-69.5476,-38.4675],[-69.5476,-38.4675],[-69.5476,-38.4675],[-69.5476,-38.4675],[-69.5476,-38.4675],[-69.5476,-38.4675],[-69.5476,-38.4675],[-69.5476,-38.4675],[-69.5476,-38.4675],[-69.5476,-38.4675],[-69.5476,-38.4675],[-69.5475,-38.4675],[-69.5475,-38.4675],[-69.5475,-38.4675],[-69.5475,-38.4675],[-69.5475,-38.4675],[-69.5475,-38.4675],[-69.5475,-38.4675],[-69.5475,-38.4675],[-69.5475,-38.4675],[-69.5475,-38.4675],[-69.5475,-38.4675],[-69.5474,-38.4675],[-69.5474,-38.4675],[-69.5474,-38.4675],[-69.5474,-38.4675],[-69.5474,-38.4675],[-69.5474,-38.4675],[-69.5474,-38.4675],[-69.5474,-38.4675],[-69.5474,-38.4676],[-69.5474,-38.4676],[-69.5474,-38.4676],[-69.5474,-38.4676],[-69.5473,-38.4676],[-69.5473,-38.4676],[-69.5473,-38.4676],[-69.5473,-38.4676],[-69.5473,-38.4676],[-69.5473,-38.4676],[-69.5473,-38.4676],[-69.5473,-38.4676],[-69.5473,-38.4676],[-69.5473,-38.4676],[-69.5473,-38.4676],[-69.5473,-38.4676],[-69.5472,-38.4676],[-69.5472,-38.4676],[-69.5472,-38.4676],[-69.5472,-38.4676],[-69.5472,-38.4676],[-69.5472,-38.4676],[-69.5472,-38.4676],[-69.5472,-38.4676],[-69.5472,-38.4676],[-69.5472,-38.4676],[-69.5472,-38.4676],[-69.5471,-38.4676],[-69.5471,-38.4676],[-69.5471,-38.4676],[-69.5471,-38.4676],[-69.5471,-38.4676],[-69.5471,-38.4676],[-69.5471,-38.4676],[-69.5471,-38.4676],[-69.5471,-38.4676],[-69.5471,-38.4676],[-69.5471,-38.4676],[-69.5471,-38.4676],[-69.547,-38.4677],[-69.547,-38.4677],[-69.547,-38.4677],[-69.547,-38.4677],[-69.547,-38.4677],[-69.547,-38.4677],[-69.547,-38.4677],[-69.547,-38.4677],[-69.547,-38.4677],[-69.547,-38.4677],[-69.547,-38.4677],[-69.547,-38.4677],[-69.5469,-38.4677],[-69.5469,-38.4677],[-69.5469,-38.4677],[-69.5469,-38.4677],[-69.5469,-38.4677],[-69.5469,-38.4677],[-69.5469,-38.4677],[-69.5469,-38.4677],[-69.5469,-38.4677],[-69.5469,-38.4677],[-69.5469,-38.4677],[-69.5468,-38.4677],[-69.5468,-38.4677],[-69.5468,-38.4677],[-69.5468,-38.4677],[-69.5468,-38.4677],[-69.5468,-38.4677],[-69.5468,-38.4677],[-69.5468,-38.4677],[-69.5468,-38.4677],[-69.5468,-38.4677],[-69.5468,-38.4677],[-69.5468,-38.4677],[-69.5467,-38.4677],[-69.5467,-38.4677],[-69.5467,-38.4677],[-69.5467,-38.4678],[-69.5467,-38.4678],[-69.5467,-38.4678],[-69.5467,-38.4678],[-69.5467,-38.4678],[-69.5467,-38.4678],[-69.5467,-38.4678],[-69.5467,-38.4678],[-69.5467,-38.4678],[-69.5466,-38.4678],[-69.5466,-38.4678],[-69.5466,-38.4678],[-69.5466,-38.4678],[-69.5466,-38.4678],[-69.5466,-38.4678],[-69.5466,-38.4678],[-69.5466,-38.4678],[-69.5466,-38.4678],[-69.5466,-38.4678],[-69.5466,-38.4678],[-69.5465,-38.4678],[-69.5465,-38.4678],[-69.5465,-38.4678],[-69.5465,-38.4678],[-69.5465,-38.4678],[-69.5465,-38.4678],[-69.5465,-38.4678],[-69.5465,-38.4678],[-69.5465,-38.4678],[-69.5465,-38.4678],[-69.5465,-38.4678],[-69.5465,-38.4678],[-69.5464,-38.4678],[-69.5464,-38.4678],[-69.5464,-38.4678],[-69.5464,-38.4678],[-69.5464,-38.4678],[-69.5464,-38.4678],[-69.5464,-38.4678],[-69.5464,-38.4678],[-69.5464,-38.4678],[-69.5464,-38.4678],[-69.5464,-38.4678],[-69.5463,-38.4678],[-69.5463,-38.4678],[-69.5463,-38.4678],[-69.5463,-38.4678],[-69.5463,-38.4678],[-69.5463,-38.4678],[-69.5463,-38.4678],[-69.5463,-38.4678],[-69.5463,-38.4678],[-69.5463,-38.4678],[-69.5463,-38.4678],[-69.5462,-38.4678],[-69.5462,-38.4678],[-69.5462,-38.4678],[-69.5462,-38.4678],[-69.5462,-38.4679],[-69.5462,-38.4679],[-69.5462,-38.4679],[-69.5462,-38.4679],[-69.5462,-38.4679],[-69.5462,-38.4679],[-69.5462,-38.4679],[-69.5462,-38.4679],[-69.5461,-38.4679],[-69.5461,-38.4679],[-69.5461,-38.4679],[-69.5461,-38.4679],[-69.5461,-38.4679],[-69.5461,-38.4679],[-69.5461,-38.4679],[-69.5461,-38.4679],[-69.5461,-38.4679],[-69.5461,-38.4679],[-69.5461,-38.4679],[-69.546,-38.4679],[-69.546,-38.4679],[-69.546,-38.4679],[-69.546,-38.4679],[-69.546,-38.4679],[-69.546,-38.4679],[-69.546,-38.4679],[-69.546,-38.4679],[-69.546,-38.4679],[-69.546,-38.4679],[-69.546,-38.4679],[-69.5459,-38.4679],[-69.5459,-38.4679],[-69.5459,-38.4679],[-69.5459,-38.4679],[-69.5459,-38.4679],[-69.5459,-38.4679],[-69.5459,-38.4679],[-69.5459,-38.4679],[-69.5459,-38.4679],[-69.5459,-38.4679],[-69.5459,-38.4679],[-69.5458,-38.4679],[-69.5458,-38.4679],[-69.5458,-38.4679],[-69.5458,-38.4679],[-69.5458,-38.4679],[-69.5458,-38.4679],[-69.5458,-38.4679],[-69.5458,-38.4679],[-69.5458,-38.4679],[-69.5458,-38.4679],[-69.5458,-38.4679],[-69.5457,-38.4679],[-69.5457,-38.4679],[-69.5457,-38.4679],[-69.5457,-38.4679],[-69.5457,-38.4679],[-69.5457,-38.4679],[-69.5457,-38.4679],[-69.5457,-38.4679],[-69.5457,-38.4679],[-69.5457,-38.4679],[-69.5457,-38.4679],[-69.5457,-38.4679],[-69.5456,-38.4679],[-69.5456,-38.4679],[-69.5456,-38.4679],[-69.5456,-38.4679],[-69.5456,-38.4679],[-69.5456,-38.4679],[-69.5456,-38.4679],[-69.5456,-38.4679],[-69.5456,-38.4679],[-69.5456,-38.4679],[-69.5456,-38.4679],[-69.5455,-38.4679],[-69.5455,-38.4679],[-69.5455,-38.4679],[-69.5455,-38.4679],[-69.5455,-38.4679],[-69.5455,-38.4679],[-69.5455,-38.4679],[-69.5455,-38.4679],[-69.5455,-38.4679],[-69.5455,-38.4679],[-69.5455,-38.4679],[-69.5454,-38.4679],[-69.5454,-38.4679],[-69.5454,-38.4679],[-69.5454,-38.4679],[-69.5454,-38.4679],[-69.5454,-38.4679],[-69.5454,-38.4679],[-69.5454,-38.4679],[-69.5454,-38.4679],[-69.5454,-38.4679],[-69.5454,-38.4679],[-69.5453,-38.4679],[-69.5453,-38.4679]]]}},{"type":"Feature","properties":{"nombre":"VETA ESCONDIDA"},"geometry":{"type":"Polygon","coordinates":[[[-68.4803,-37.7972],[-68.4797,-37.8899],[-68.4969,-37.8982],[-68.6524,-37.8988],[-68.6469,-37.8609],[-68.6472,-37.7979],[-68.4803,-37.7972]]]}},{"type":"Feature","properties":{"nombre":"RINCON DE ARANDA"},"geometry":{"type":"Polygon","coordinates":[[[-68.4969,-37.8982],[-68.542,-37.92],[-68.4145,-38.0402],[-68.6574,-38.0411],[-68.6579,-37.9375],[-68.6524,-37.8988],[-68.4969,-37.8982]]]}},{"type":"Feature","properties":{"nombre":"SIERRA CHATA"},"geometry":{"type":"Polygon","coordinates":[[[-69.2381,-37.9603],[-69.2382,-37.9964],[-69.2269,-37.9964],[-69.2269,-38.0234],[-69.17,-38.0235],[-69.17,-38.0415],[-69.1132,-38.0414],[-69.1133,-38.1858],[-69.1704,-38.1856],[-69.546,-38.1845],[-69.5443,-37.9593],[-69.4699,-37.9596],[-69.2381,-37.9603]]]}},{"type":"Feature","properties":{"nombre":"LOS TOLDOS I NORTE"},"geometry":{"type":"Polygon","coordinates":[[[-69.4597,-37.5339],[-69.4597,-37.5364],[-69.4086,-37.5366],[-69.409,-37.6094],[-69.3787,-37.6095],[-69.3789,-37.6395],[-69.3505,-37.6396],[-69.3507,-37.6768],[-69.407,-37.6765],[-69.4072,-37.7119],[-69.5096,-37.7115],[-69.5091,-37.6358],[-69.5085,-37.5458],[-69.5267,-37.5456],[-69.5266,-37.5334],[-69.4597,-37.5339]]]}},{"type":"Feature","properties":{"nombre":"LOS TOLDOS II ESTE"},"geometry":{"type":"Polygon","coordinates":[[[-69.1685,-37.3613],[-69.1687,-37.4559],[-69.0986,-37.456],[-69.0987,-37.5015],[-69.1688,-37.5014],[-69.169,-37.5269],[-69.2069,-37.5269],[-69.2068,-37.4833],[-69.1984,-37.4833],[-69.1982,-37.3932],[-69.1814,-37.3932],[-69.1817,-37.3613],[-69.1685,-37.3613]]]}},{"type":"Feature","properties":{"nombre":"ANTICLINAL CAMPAMENTO"},"geometry":{"type":"Polygon","coordinates":[[[-69.7949,-38.9218],[-69.5873,-38.9231],[-69.5877,-38.977],[-69.5762,-38.9771],[-69.5767,-39.0366],[-69.8723,-39.0383],[-69.8933,-38.9571],[-69.7949,-38.9218]]]}},{"type":"Feature","properties":{"nombre":"JARILLA QUEMADA"},"geometry":{"type":"Polygon","coordinates":[[[-67.9526,-38.3686],[-67.9523,-38.3909],[-67.8831,-38.3903],[-67.8823,-38.4411],[-67.936,-38.4416],[-67.9354,-38.4847],[-67.7987,-38.4834],[-67.798,-38.5254],[-67.9671,-38.527],[-67.9684,-38.4425],[-68.032,-38.443],[-68.0838,-38.3696],[-67.9526,-38.3686]]]}},{"type":"Feature","properties":{"nombre":"ENTRE LOMAS"},"geometry":{"type":"Polygon","coordinates":[[[-68.1252,-38.3101],[-68.5419,-37.9199],[-68.4098,-37.8559],[-68.0165,-38.2241],[-68.1252,-38.3101]]]}},{"type":"Feature","properties":{"nombre":"CHARCO DEL PALENQUE"},"geometry":{"type":"Polygon","coordinates":[[[-68.2559,-38.2073],[-68.2445,-38.1996],[-68.1256,-38.3103],[-68.084,-38.3492],[-68.0838,-38.3696],[-68.032,-38.443],[-68.1286,-38.4438],[-68.1315,-38.4438],[-68.133,-38.3222],[-68.2187,-38.3228],[-68.2177,-38.4169],[-68.2562,-38.3968],[-68.256,-38.3095],[-68.2559,-38.2073]]]}},{"type":"Feature","properties":{"nombre":"JAG\u00dcEL DE LOS MACHOS RN"},"geometry":{"type":"Polygon","coordinates":[[[-67.5979,-38.236],[-67.7348,-38.2375],[-67.735,-38.2222],[-67.8321,-38.2232],[-67.834,-38.1085],[-67.7564,-38.1098],[-67.7567,-38.0954],[-67.7343,-38.0952],[-67.7348,-38.0967],[-67.7336,-38.0993],[-67.7309,-38.1022],[-67.7283,-38.1041],[-67.7259,-38.1062],[-67.7252,-38.1079],[-67.724,-38.1085],[-67.7229,-38.1095],[-67.7224,-38.1111],[-67.7218,-38.1131],[-67.7213,-38.1143],[-67.7201,-38.1156],[-67.7197,-38.117],[-67.7194,-38.1188],[-67.7193,-38.1199],[-67.7185,-38.1205],[-67.7162,-38.121],[-67.7143,-38.1218],[-67.7112,-38.1225],[-67.7104,-38.1233],[-67.709,-38.1238],[-67.7063,-38.1234],[-67.6984,-38.1266],[-67.6916,-38.1315],[-67.6836,-38.1394],[-67.6682,-38.1766],[-67.6661,-38.1817],[-67.6628,-38.1895],[-67.6525,-38.2005],[-67.6398,-38.2145],[-67.6245,-38.2259],[-67.5979,-38.236]]]}},{"type":"Feature","properties":{"nombre":"25 DE MAYO - MEDANITO SUD ESTE RN"},"geometry":{"type":"Polygon","coordinates":[[[-67.7576,-38.0564],[-67.7561,-38.0555],[-67.7552,-38.0551],[-67.7546,-38.0549],[-67.7541,-38.0549],[-67.7533,-38.0549],[-67.7507,-38.0551],[-67.7454,-38.0633],[-67.7453,-38.0645],[-67.7453,-38.0661],[-67.7466,-38.0692],[-67.7474,-38.071],[-67.7475,-38.0728],[-67.7472,-38.0741],[-67.7455,-38.0752],[-67.7428,-38.0757],[-67.7422,-38.076],[-67.7401,-38.077],[-67.7377,-38.0774],[-67.7349,-38.0772],[-67.733,-38.0769],[-67.7301,-38.0774],[-67.7294,-38.079],[-67.7306,-38.0842],[-67.7262,-38.0928],[-67.7266,-38.0942],[-67.7271,-38.0948],[-67.7278,-38.0951],[-67.7317,-38.0952],[-67.7342,-38.0952],[-67.7566,-38.0954],[-67.7563,-38.1098],[-67.8339,-38.1085],[-67.9182,-38.107],[-67.9194,-38.0367],[-67.925,-38.0368],[-67.9259,-37.98],[-67.8867,-37.9256],[-67.8434,-37.9251],[-67.8439,-37.9265],[-67.8453,-37.9275],[-67.8472,-37.9277],[-67.8501,-37.9265],[-67.8521,-37.926],[-67.8532,-37.9268],[-67.8533,-37.928],[-67.8536,-37.9291],[-67.8554,-37.9311],[-67.8577,-37.9323],[-67.8628,-37.9363],[-67.8668,-37.939],[-67.8708,-37.9395],[-67.8728,-37.9406],[-67.8731,-37.9416],[-67.8725,-37.9456],[-67.8723,-37.9507],[-67.873,-37.9521],[-67.8758,-37.9536],[-67.8809,-37.9528],[-67.8831,-37.9533],[-67.8845,-37.9556],[-67.8843,-37.9596],[-67.8849,-37.9613],[-67.8868,-37.9629],[-67.8888,-37.9665],[-67.8904,-37.9686],[-67.891,-37.9705],[-67.8935,-37.9726],[-67.8958,-37.973],[-67.8984,-37.9744],[-67.8988,-37.9778],[-67.9007,-37.9799],[-67.902,-37.982],[-67.9016,-37.9832],[-67.9016,-37.984],[-67.9022,-37.9847],[-67.904,-37.9853],[-67.9055,-37.9867],[-67.9057,-37.9873],[-67.905,-37.9882],[-67.9027,-37.988],[-67.8992,-37.9885],[-67.8988,-37.99],[-67.9007,-37.9924],[-67.9003,-37.9964],[-67.8998,-37.9973],[-67.8986,-37.9984],[-67.8971,-37.9982],[-67.8922,-37.9987],[-67.8891,-37.9994],[-67.8881,-38.0006],[-67.8884,-38.0011],[-67.8894,-38.0016],[-67.8911,-38.0035],[-67.8928,-38.006],[-67.8929,-38.0084],[-67.8937,-38.01],[-67.8953,-38.0126],[-67.8927,-38.0144],[-67.8914,-38.0155],[-67.8901,-38.0157],[-67.8866,-38.0147],[-67.8852,-38.015],[-67.8845,-38.0159],[-67.8834,-38.0194],[-67.8813,-38.0217],[-67.8807,-38.023],[-67.8815,-38.0251],[-67.8804,-38.0269],[-67.8786,-38.0296],[-67.876,-38.0339],[-67.8747,-38.035],[-67.8727,-38.0355],[-67.8677,-38.0362],[-67.8662,-38.0387],[-67.8651,-38.0402],[-67.8621,-38.0417],[-67.8616,-38.043],[-67.862,-38.0448],[-67.8596,-38.0458],[-67.859,-38.0458],[-67.858,-38.0456],[-67.8554,-38.0457],[-67.8547,-38.0462],[-67.8545,-38.0473],[-67.8541,-38.0485],[-67.8521,-38.0498],[-67.8502,-38.0496],[-67.8478,-38.0498],[-67.8461,-38.0509],[-67.8443,-38.052],[-67.8448,-38.0541],[-67.8486,-38.0563],[-67.8499,-38.0582],[-67.8509,-38.061],[-67.8514,-38.0636],[-67.8502,-38.0656],[-67.8479,-38.0666],[-67.8469,-38.0666],[-67.8448,-38.0653],[-67.8437,-38.0637],[-67.842,-38.0618],[-67.8405,-38.059],[-67.8384,-38.0563],[-67.8371,-38.0558],[-67.8361,-38.0558],[-67.8347,-38.056],[-67.8335,-38.0566],[-67.8323,-38.0579],[-67.832,-38.0599],[-67.8285,-38.0639],[-67.8256,-38.0659],[-67.8245,-38.0658],[-67.8221,-38.0637],[-67.8196,-38.0621],[-67.8189,-38.0617],[-67.8179,-38.0618],[-67.8167,-38.0624],[-67.8153,-38.0637],[-67.814,-38.0653],[-67.8135,-38.0672],[-67.8134,-38.0677],[-67.8126,-38.0699],[-67.8114,-38.0715],[-67.8103,-38.0725],[-67.81,-38.0727],[-67.8096,-38.0726],[-67.8085,-38.072],[-67.8079,-38.0711],[-67.8076,-38.0702],[-67.8081,-38.0685],[-67.8083,-38.0663],[-67.8075,-38.0654],[-67.807,-38.0651],[-67.806,-38.0649],[-67.805,-38.065],[-67.8041,-38.0652],[-67.8027,-38.0657],[-67.8009,-38.0661],[-67.7974,-38.0666],[-67.7959,-38.0665],[-67.7946,-38.0661],[-67.794,-38.0656],[-67.7934,-38.0648],[-67.7929,-38.0641],[-67.7922,-38.0635],[-67.7919,-38.0633],[-67.7915,-38.0631],[-67.7912,-38.0632],[-67.7904,-38.0636],[-67.7889,-38.0643],[-67.7874,-38.0638],[-67.787,-38.063],[-67.7873,-38.0619],[-67.7876,-38.0617],[-67.789,-38.061],[-67.7891,-38.0603],[-67.7887,-38.0598],[-67.7883,-38.0597],[-67.7861,-38.0595],[-67.7856,-38.0594],[-67.7849,-38.0588],[-67.7847,-38.0585],[-67.7846,-38.0582],[-67.7845,-38.0573],[-67.785,-38.0549],[-67.7851,-38.0538],[-67.785,-38.0531],[-67.7846,-38.0525],[-67.7837,-38.0519],[-67.7822,-38.0518],[-67.7814,-38.0521],[-67.7808,-38.0527],[-67.7806,-38.0533],[-67.7803,-38.0545],[-67.7787,-38.0554],[-67.7723,-38.0572],[-67.7705,-38.0591],[-67.7697,-38.0602],[-67.7689,-38.0612],[-67.7674,-38.0619],[-67.766,-38.0624],[-67.7653,-38.0636],[-67.7653,-38.0643],[-67.7664,-38.0662],[-67.7668,-38.0672],[-67.7662,-38.0679],[-67.7649,-38.0686],[-67.7633,-38.069],[-67.7623,-38.0689],[-67.7591,-38.0677],[-67.757,-38.0665],[-67.7562,-38.0652],[-67.7561,-38.0646],[-67.7563,-38.063],[-67.7574,-38.0613],[-67.7583,-38.0593],[-67.7584,-38.0579],[-67.7576,-38.0564]]]}},{"type":"Feature","properties":{"nombre":"SIERRAS BLANCAS"},"geometry":{"type":"Polygon","coordinates":[[[-68.3864,-38.4454],[-68.3851,-38.6012],[-68.3378,-38.601],[-68.3377,-38.6343],[-68.3918,-38.6346],[-68.4252,-38.61],[-68.4256,-38.5615],[-68.5061,-38.5331],[-68.5066,-38.446],[-68.3864,-38.4454]]]}},{"type":"Feature","properties":{"nombre":"CRUZ DE LORENA"},"geometry":{"type":"Polygon","coordinates":[[[-68.4895,-38.2414],[-68.4696,-38.2539],[-68.3809,-38.2805],[-68.5043,-38.3736],[-68.5038,-38.446],[-68.5066,-38.446],[-68.5681,-38.4072],[-68.5151,-38.3668],[-68.5942,-38.3175],[-68.4895,-38.2414]]]}},{"type":"Feature","properties":{"nombre":"AGUADA DEL CHA\u00d1AR"},"geometry":{"type":"Polygon","coordinates":[[[-68.5978,-38.041],[-68.5597,-38.0754],[-68.5127,-38.0756],[-68.4847,-38.1033],[-68.4841,-38.127],[-68.543,-38.1272],[-68.6118,-38.059],[-68.6407,-38.0771],[-68.6408,-38.0411],[-68.5978,-38.041]]]}},{"type":"Feature","properties":{"nombre":"LOMA AMARILLA SUR"},"geometry":{"type":"Polygon","coordinates":[[[-68.6469,-37.8209],[-68.6469,-37.8609],[-68.658,-37.9375],[-68.8058,-37.9378],[-68.8061,-37.8213],[-68.6469,-37.8209]]]}},{"type":"Feature","properties":{"nombre":"LINDERO ATRAVESADO"},"geometry":{"type":"Polygon","coordinates":[[[-68.6126,-38.5635],[-68.4255,-38.5627],[-68.4252,-38.61],[-68.2332,-38.7512],[-68.2647,-38.8064],[-68.6677,-38.6749],[-68.6126,-38.5635]]]}},{"type":"Feature","properties":{"nombre":"BANDURRIA CENTRO"},"geometry":{"type":"Polygon","coordinates":[[[-68.9023,-38.1005],[-68.9023,-38.1316],[-68.7711,-38.1315],[-68.7709,-38.1585],[-68.7138,-38.2183],[-68.8108,-38.2185],[-68.8109,-38.191],[-68.9095,-38.1911],[-68.9096,-38.165],[-68.9414,-38.1655],[-68.9415,-38.1005],[-68.9023,-38.1005]]]}},{"type":"Feature","properties":{"nombre":"AGUADA PICHANA OESTE"},"geometry":{"type":"Polygon","coordinates":[[[-69.4006,-38.238],[-69.3771,-38.2381],[-69.3775,-38.3176],[-69.3253,-38.3177],[-69.3256,-38.388],[-69.2856,-38.3881],[-69.2857,-38.4269],[-69.2619,-38.427],[-69.2623,-38.5368],[-69.4034,-38.5364],[-69.4033,-38.5339],[-69.401,-38.5211],[-69.4019,-38.5174],[-69.4033,-38.5163],[-69.404,-38.5137],[-69.4048,-38.5125],[-69.4091,-38.51],[-69.4127,-38.5066],[-69.4264,-38.505],[-69.4295,-38.505],[-69.4347,-38.5016],[-69.4408,-38.4987],[-69.4478,-38.4929],[-69.4606,-38.4862],[-69.4634,-38.4858],[-69.4706,-38.4861],[-69.4749,-38.4917],[-69.4724,-38.499],[-69.4745,-38.5019],[-69.4824,-38.5056],[-69.4869,-38.5056],[-69.4826,-38.4983],[-69.483,-38.4923],[-69.4901,-38.492],[-69.4937,-38.4913],[-69.4948,-38.4897],[-69.4964,-38.4884],[-69.4982,-38.4873],[-69.503,-38.4872],[-69.5075,-38.4885],[-69.5097,-38.489],[-69.5114,-38.4891],[-69.513,-38.4901],[-69.5137,-38.492],[-69.515,-38.4932],[-69.5139,-38.3442],[-69.5128,-38.1848],[-69.5128,-38.1847],[-69.4004,-38.1851],[-69.4006,-38.238]]]}},{"type":"Feature","properties":{"nombre":"CATRIEL OESTE"},"geometry":{"type":"Polygon","coordinates":[[[-67.9786,-37.708],[-68.0123,-37.7303],[-68.0713,-37.7308],[-68.0715,-37.7146],[-68.079,-37.7047],[-68.0793,-37.6795],[-67.979,-37.6787],[-67.9786,-37.708]]]}},{"type":"Feature","properties":{"nombre":"AGUADA DE CASTRO"},"geometry":{"type":"Polygon","coordinates":[[[-69.5489,-38.1846],[-69.5128,-38.1848],[-69.514,-38.3432],[-69.514,-38.3442],[-69.527,-38.3441],[-69.527,-38.3494],[-69.539,-38.3493],[-69.539,-38.354],[-69.5488,-38.354],[-69.5488,-38.3576],[-69.5598,-38.3575],[-69.5596,-38.3351],[-69.6323,-38.3348],[-69.632,-38.3012],[-69.5996,-38.3014],[-69.5995,-38.2854],[-69.6081,-38.2854],[-69.6079,-38.255],[-69.6249,-38.2549],[-69.6243,-38.1841],[-69.5489,-38.1846]]]}},{"type":"Feature","properties":{"nombre":"COIRON AMARGO SUR ESTE"},"geometry":{"type":"Polygon","coordinates":[[[-68.4785,-38.3545],[-68.3817,-38.2814],[-68.3319,-38.2812],[-68.3316,-38.3109],[-68.2568,-38.3104],[-68.257,-38.3977],[-68.2969,-38.3769],[-68.3257,-38.41],[-68.2583,-38.4456],[-68.388,-38.4463],[-68.3881,-38.4348],[-68.4785,-38.3545]]]}},{"type":"Feature","properties":{"nombre":"PUESTO FLORES - ESTANCIA VIEJA"},"geometry":{"type":"Polygon","coordinates":[[[-67.4786,-38.6475],[-67.3075,-38.6478],[-67.3075,-38.6478],[-67.2874,-38.648],[-67.2877,-38.662],[-67.2821,-38.662],[-67.283,-38.696],[-67.4262,-38.6955],[-67.4949,-38.6964],[-67.4946,-38.7123],[-67.5685,-38.7133],[-67.5683,-38.7027],[-67.5599,-38.7027],[-67.5596,-38.6866],[-67.528,-38.687],[-67.5277,-38.6712],[-67.4786,-38.6719],[-67.4783,-38.6575],[-67.4786,-38.6475],[-67.4786,-38.6475]]]}},{"type":"Feature","properties":{"nombre":"EL MEDANITO"},"geometry":{"type":"Polygon","coordinates":[[[-67.9084,-37.9555],[-67.9261,-37.98],[-67.9251,-38.0368],[-67.9195,-38.0367],[-67.9189,-38.0727],[-68.0123,-38.0735],[-68.0139,-37.9564],[-67.9084,-37.9555]]]}},{"type":"Feature","properties":{"nombre":"BAJO DEL PICHE"},"geometry":{"type":"Polygon","coordinates":[[[-67.9714,-38.2245],[-67.971,-38.2579],[-68.0559,-38.3153],[-68.0845,-38.3155],[-68.0841,-38.3492],[-68.1257,-38.3104],[-68.0194,-38.2249],[-67.9714,-38.2245]]]}},{"type":"Feature","properties":{"nombre":"BARRANCA DE LOS LOROS"},"geometry":{"type":"Polygon","coordinates":[[[-67.736,-37.7646],[-67.7335,-37.768],[-67.7353,-37.7728],[-67.7348,-37.7754],[-67.7248,-37.78],[-67.7249,-37.7866],[-67.722,-37.7949],[-67.7201,-37.8071],[-67.7204,-37.8137],[-67.7214,-37.8215],[-67.7234,-37.8274],[-67.7234,-37.8372],[-67.721,-37.845],[-67.7212,-37.8499],[-67.7248,-37.8554],[-67.7306,-37.8615],[-67.7399,-37.8644],[-67.7432,-37.863],[-67.7505,-37.8705],[-67.7596,-37.8778],[-67.762,-37.8857],[-67.7657,-37.8926],[-67.7765,-37.8979],[-67.7924,-37.9021],[-67.8039,-37.9025],[-67.8123,-37.9065],[-67.8196,-37.9096],[-67.8325,-37.9189],[-67.8435,-37.9249],[-67.8459,-37.9252],[-67.8868,-37.9256],[-67.8871,-37.9121],[-67.8734,-37.9119],[-67.8745,-37.8471],[-67.8621,-37.847],[-67.8759,-37.802],[-67.8433,-37.8017],[-67.8439,-37.7657],[-67.736,-37.7646]]]}},{"type":"Feature","properties":{"nombre":"EL SANTIAGUE\u00d1O"},"geometry":{"type":"Polygon","coordinates":[[[-68.0139,-37.9564],[-68.0123,-38.0735],[-67.9189,-38.0727],[-67.9183,-38.107],[-67.834,-38.1085],[-67.8321,-38.2232],[-68.0194,-38.2249],[-68.2549,-38.0037],[-68.3027,-37.9585],[-68.2549,-37.9582],[-68.0139,-37.9564]]]}},{"type":"Feature","properties":{"nombre":"ATUEL NORTE EXPLOTACION"},"geometry":{"type":"Polygon","coordinates":[[[-69.47,-35.2026],[-69.4695,-35.1214],[-69.4202,-35.1216],[-69.4206,-35.2027],[-69.47,-35.2026]]]}},{"type":"Feature","properties":{"nombre":"CATRIEL VIEJO"},"geometry":{"type":"Polygon","coordinates":[[[-68.2562,-37.8555],[-68.0974,-37.8544],[-68.1036,-37.8364],[-68.0223,-37.8358],[-68.0224,-37.8277],[-67.9599,-37.8272],[-67.9586,-37.9127],[-67.8871,-37.9121],[-67.8868,-37.9256],[-67.9084,-37.9555],[-68.0271,-37.9565],[-68.0273,-37.938],[-68.0206,-37.938],[-68.0207,-37.9325],[-68.041,-37.9326],[-68.0407,-37.9532],[-68.0721,-37.9534],[-68.0722,-37.9499],[-68.0822,-37.9499],[-68.082,-37.9427],[-68.0996,-37.9428],[-68.0996,-37.9397],[-68.1148,-37.9399],[-68.1149,-37.9291],[-68.1411,-37.9293],[-68.1412,-37.9256],[-68.1556,-37.9257],[-68.1557,-37.9151],[-68.1965,-37.9154],[-68.1967,-37.9001],[-68.2013,-37.9002],[-68.2014,-37.8881],[-68.2101,-37.8882],[-68.2102,-37.879],[-68.2229,-37.8791],[-68.2228,-37.8883],[-68.216,-37.8883],[-68.2159,-37.8962],[-68.2102,-37.8962],[-68.2097,-37.9386],[-68.2477,-37.9389],[-68.2477,-37.9348],[-68.2554,-37.9349],[-68.2562,-37.8555]]]}},{"type":"Feature","properties":{"nombre":"LOMA GUADALOSA"},"geometry":{"type":"Polygon","coordinates":[[[-68.133,-38.3223],[-68.1315,-38.4439],[-68.2174,-38.4445],[-68.2187,-38.3228],[-68.133,-38.3223]]]}},{"type":"Feature","properties":{"nombre":"BAJO DEL TORO NORTE"},"geometry":{"type":"Polygon","coordinates":[[[-69.0257,-37.456],[-69.0257,-37.5798],[-69.0598,-37.5798],[-69.0597,-37.5701],[-69.0984,-37.5701],[-69.0984,-37.5746],[-69.1143,-37.5746],[-69.1143,-37.5814],[-69.1369,-37.5813],[-69.1367,-37.5015],[-69.0987,-37.5015],[-69.0986,-37.456],[-69.0257,-37.456]]]}},{"type":"Feature","properties":{"nombre":"25 DE MAYO - MEDANITO SUD ESTE LP"},"geometry":{"type":"Polygon","coordinates":[[[-67.8334,-37.925],[-67.7299,-37.9979],[-67.6194,-38.002],[-67.6184,-38.0497],[-67.7323,-38.051],[-67.7299,-37.9979],[-67.7771,-37.9961],[-67.8117,-38.0086],[-67.8111,-38.0383],[-67.7574,-38.0513],[-67.7573,-38.0557],[-67.7573,-38.0569],[-67.7577,-38.057],[-67.758,-38.0574],[-67.7584,-38.0582],[-67.7586,-38.0589],[-67.7585,-38.0598],[-67.7572,-38.0616],[-67.7564,-38.063],[-67.7562,-38.064],[-67.7562,-38.0649],[-67.7566,-38.0659],[-67.7572,-38.0666],[-67.7582,-38.0673],[-67.7592,-38.0678],[-67.7607,-38.0683],[-67.7618,-38.0687],[-67.7629,-38.069],[-67.7637,-38.069],[-67.7647,-38.0687],[-67.7655,-38.0684],[-67.7661,-38.068],[-67.7666,-38.0676],[-67.7668,-38.0671],[-67.7668,-38.0669],[-67.7665,-38.0663],[-67.7658,-38.0655],[-67.7653,-38.0649],[-67.7652,-38.0646],[-67.7651,-38.0643],[-67.765,-38.064],[-67.7653,-38.0636],[-67.7656,-38.063],[-67.7662,-38.0624],[-67.7676,-38.062],[-67.7687,-38.0615],[-67.7691,-38.0611],[-67.7696,-38.0606],[-67.7699,-38.0602],[-67.7701,-38.0596],[-67.7703,-38.059],[-67.7705,-38.0584],[-67.771,-38.0578],[-67.7717,-38.0573],[-67.7727,-38.0569],[-67.7738,-38.0566],[-67.7754,-38.0562],[-67.7776,-38.0557],[-67.7786,-38.0555],[-67.7792,-38.055],[-67.7798,-38.0544],[-67.7802,-38.0537],[-67.7806,-38.0529],[-67.7816,-38.052],[-67.7822,-38.0518],[-67.7829,-38.0517],[-67.7838,-38.0518],[-67.7844,-38.0521],[-67.7848,-38.0526],[-67.785,-38.0533],[-67.7851,-38.0539],[-67.7851,-38.0547],[-67.7844,-38.0566],[-67.7843,-38.0573],[-67.7844,-38.0581],[-67.7848,-38.0589],[-67.7858,-38.0594],[-67.7865,-38.0596],[-67.7875,-38.0596],[-67.7893,-38.0595],[-67.7921,-38.0592],[-67.7931,-38.0591],[-67.7941,-38.0593],[-67.7948,-38.0595],[-67.7954,-38.0598],[-67.7958,-38.0602],[-67.7962,-38.0605],[-67.7965,-38.0609],[-67.7969,-38.0616],[-67.797,-38.0621],[-67.7968,-38.0626],[-67.7966,-38.0631],[-67.7962,-38.0635],[-67.7954,-38.0643],[-67.795,-38.0648],[-67.7948,-38.0653],[-67.7951,-38.0659],[-67.7954,-38.0662],[-67.7959,-38.0663],[-67.7965,-38.0664],[-67.7974,-38.0664],[-67.7992,-38.0663],[-67.8004,-38.0662],[-67.8014,-38.066],[-67.8021,-38.0659],[-67.8028,-38.0655],[-67.8036,-38.0649],[-67.8048,-38.0645],[-67.8058,-38.0645],[-67.8067,-38.0647],[-67.8073,-38.065],[-67.8077,-38.0653],[-67.808,-38.0657],[-67.8081,-38.0661],[-67.8083,-38.0667],[-67.8082,-38.0673],[-67.8078,-38.0681],[-67.8076,-38.0689],[-67.8076,-38.0697],[-67.8077,-38.0704],[-67.8082,-38.0711],[-67.8086,-38.0715],[-67.8091,-38.0718],[-67.8097,-38.072],[-67.8104,-38.072],[-67.8112,-38.0716],[-67.8117,-38.0713],[-67.813,-38.0691],[-67.8134,-38.068],[-67.8137,-38.0669],[-67.814,-38.0656],[-67.8159,-38.0631],[-67.8173,-38.0621],[-67.8184,-38.0618],[-67.8189,-38.0618],[-67.8195,-38.062],[-67.8206,-38.0628],[-67.8214,-38.0633],[-67.8223,-38.0634],[-67.8231,-38.0636],[-67.8238,-38.0638],[-67.8248,-38.0639],[-67.8265,-38.0637],[-67.8272,-38.0636],[-67.8285,-38.0631],[-67.8294,-38.0624],[-67.8302,-38.0617],[-67.831,-38.061],[-67.8319,-38.0602],[-67.8322,-38.0592],[-67.8327,-38.0577],[-67.8331,-38.0573],[-67.8336,-38.0566],[-67.8345,-38.0562],[-67.8354,-38.0559],[-67.8363,-38.0557],[-67.8373,-38.0559],[-67.8384,-38.0563],[-67.8389,-38.0568],[-67.8394,-38.0572],[-67.84,-38.0581],[-67.8407,-38.059],[-67.8411,-38.0599],[-67.8417,-38.0602],[-67.8423,-38.0606],[-67.8431,-38.0611],[-67.8434,-38.0615],[-67.8436,-38.062],[-67.8439,-38.0629],[-67.8441,-38.064],[-67.8444,-38.0648],[-67.845,-38.0656],[-67.8454,-38.066],[-67.8457,-38.0663],[-67.846,-38.0665],[-67.8464,-38.0667],[-67.847,-38.0668],[-67.8477,-38.0668],[-67.8483,-38.0666],[-67.8489,-38.0664],[-67.85,-38.0659],[-67.8507,-38.0653],[-67.851,-38.0649],[-67.8512,-38.0645],[-67.8514,-38.0643],[-67.8516,-38.064],[-67.8516,-38.0638],[-67.8516,-38.0636],[-67.8512,-38.0631],[-67.8509,-38.0626],[-67.8506,-38.0623],[-67.8504,-38.0614],[-67.8504,-38.0605],[-67.8504,-38.0602],[-67.8504,-38.0598],[-67.8503,-38.0593],[-67.8501,-38.0585],[-67.8497,-38.0576],[-67.8494,-38.057],[-67.849,-38.0567],[-67.8486,-38.0562],[-67.8481,-38.056],[-67.8468,-38.0556],[-67.8453,-38.055],[-67.8443,-38.0544],[-67.8439,-38.0535],[-67.8436,-38.0521],[-67.8436,-38.0517],[-67.8442,-38.0514],[-67.8451,-38.0513],[-67.8458,-38.051],[-67.8462,-38.0508],[-67.8473,-38.0502],[-67.8487,-38.0497],[-67.8499,-38.0497],[-67.8514,-38.0496],[-67.8523,-38.0496],[-67.8535,-38.049],[-67.8545,-38.0479],[-67.8548,-38.0464],[-67.8553,-38.0457],[-67.8562,-38.0455],[-67.8572,-38.0455],[-67.8582,-38.0457],[-67.8592,-38.0458],[-67.8598,-38.0458],[-67.8615,-38.0453],[-67.8622,-38.0447],[-67.8622,-38.0441],[-67.8619,-38.0432],[-67.8619,-38.0423],[-67.8622,-38.0419],[-67.8626,-38.0415],[-67.8639,-38.0408],[-67.8654,-38.0402],[-67.8663,-38.0386],[-67.8668,-38.0375],[-67.8672,-38.0368],[-67.8676,-38.0363],[-67.8683,-38.0361],[-67.8694,-38.0359],[-67.8705,-38.0358],[-67.8711,-38.0357],[-67.8718,-38.0357],[-67.8732,-38.0355],[-67.8742,-38.0353],[-67.8749,-38.0351],[-67.8758,-38.0345],[-67.8762,-38.0335],[-67.8763,-38.0323],[-67.8763,-38.0316],[-67.8771,-38.0308],[-67.8779,-38.0302],[-67.8788,-38.0298],[-67.8807,-38.0272],[-67.8813,-38.0263],[-67.8816,-38.0256],[-67.8815,-38.0251],[-67.8813,-38.0245],[-67.8809,-38.0238],[-67.8807,-38.023],[-67.8807,-38.0226],[-67.8811,-38.0221],[-67.8819,-38.0212],[-67.8829,-38.0203],[-67.8835,-38.0193],[-67.8841,-38.0184],[-67.8846,-38.0178],[-67.885,-38.0175],[-67.8852,-38.0171],[-67.8853,-38.0168],[-67.8855,-38.0166],[-67.8858,-38.0164],[-67.8864,-38.0163],[-67.8872,-38.0164],[-67.888,-38.0167],[-67.8885,-38.017],[-67.8896,-38.0175],[-67.8904,-38.0179],[-67.8913,-38.0184],[-67.8922,-38.0187],[-67.8926,-38.0189],[-67.8932,-38.019],[-67.8936,-38.019],[-67.894,-38.019],[-67.8944,-38.0189],[-67.8947,-38.0188],[-67.8952,-38.0186],[-67.8955,-38.0183],[-67.8957,-38.0179],[-67.8959,-38.0168],[-67.8959,-38.0165],[-67.8958,-38.0163],[-67.8955,-38.0159],[-67.895,-38.0159],[-67.8946,-38.0159],[-67.8937,-38.0161],[-67.8935,-38.0162],[-67.8932,-38.0162],[-67.8929,-38.0161],[-67.8928,-38.0158],[-67.8927,-38.0155],[-67.8928,-38.015],[-67.8932,-38.0146],[-67.8937,-38.0143],[-67.8939,-38.0136],[-67.8943,-38.0131],[-67.8946,-38.0124],[-67.8947,-38.0118],[-67.8946,-38.0115],[-67.8945,-38.0111],[-67.8943,-38.0105],[-67.8937,-38.0096],[-67.8934,-38.009],[-67.8932,-38.0083],[-67.893,-38.0068],[-67.8929,-38.0058],[-67.8924,-38.0049],[-67.8912,-38.0033],[-67.8899,-38.0021],[-67.8894,-38.0016],[-67.8892,-38.0014],[-67.8888,-38.0013],[-67.8886,-38.0012],[-67.8884,-38.001],[-67.8882,-38.0005],[-67.8882,-37.9997],[-67.8885,-37.9993],[-67.8896,-37.9991],[-67.8909,-37.9988],[-67.8921,-37.9986],[-67.8935,-37.9984],[-67.8945,-37.9984],[-67.8954,-37.9984],[-67.8961,-37.9986],[-67.8966,-37.9987],[-67.8975,-37.9987],[-67.8984,-37.9985],[-67.8988,-37.9982],[-67.8994,-37.9977],[-67.8999,-37.9971],[-67.8999,-37.9968],[-67.9001,-37.9963],[-67.9004,-37.9961],[-67.9016,-37.9955],[-67.9017,-37.9952],[-67.9017,-37.9949],[-67.9017,-37.9945],[-67.9014,-37.994],[-67.901,-37.9936],[-67.9006,-37.9931],[-67.8997,-37.992],[-67.8993,-37.9913],[-67.8992,-37.9908],[-67.899,-37.9902],[-67.8989,-37.9899],[-67.899,-37.9893],[-67.8995,-37.9888],[-67.9001,-37.9888],[-67.9011,-37.989],[-67.9017,-37.9891],[-67.9022,-37.989],[-67.9026,-37.9889],[-67.9029,-37.9888],[-67.9032,-37.9885],[-67.9033,-37.9882],[-67.9033,-37.9879],[-67.9033,-37.9876],[-67.9032,-37.9873],[-67.9028,-37.9868],[-67.9025,-37.9862],[-67.9023,-37.9856],[-67.9024,-37.985],[-67.9026,-37.9848],[-67.9032,-37.9844],[-67.9035,-37.984],[-67.9037,-37.9835],[-67.9038,-37.983],[-67.9038,-37.9823],[-67.9037,-37.982],[-67.9033,-37.9815],[-67.9029,-37.981],[-67.902,-37.9804],[-67.9011,-37.9799],[-67.9002,-37.9794],[-67.8994,-37.9788],[-67.8992,-37.9784],[-67.8989,-37.9774],[-67.8989,-37.976],[-67.8987,-37.9752],[-67.8985,-37.9747],[-67.8976,-37.9738],[-67.8964,-37.973],[-67.8959,-37.9728],[-67.8954,-37.9727],[-67.8946,-37.9727],[-67.8936,-37.9727],[-67.8929,-37.9726],[-67.8921,-37.9721],[-67.8917,-37.9717],[-67.8915,-37.9712],[-67.8914,-37.9708],[-67.8914,-37.9704],[-67.8912,-37.97],[-67.8904,-37.9683],[-67.8895,-37.9675],[-67.8893,-37.9671],[-67.8893,-37.9668],[-67.8892,-37.9665],[-67.8894,-37.9661],[-67.8897,-37.9657],[-67.8897,-37.9653],[-67.8893,-37.9647],[-67.8888,-37.9642],[-67.8884,-37.9638],[-67.8879,-37.9635],[-67.8867,-37.9626],[-67.8863,-37.9622],[-67.886,-37.9619],[-67.8858,-37.9618],[-67.8854,-37.9617],[-67.885,-37.9617],[-67.8842,-37.9616],[-67.8833,-37.9614],[-67.8829,-37.9612],[-67.8828,-37.9608],[-67.8828,-37.9605],[-67.883,-37.9602],[-67.8833,-37.96],[-67.8835,-37.9597],[-67.8838,-37.959],[-67.8838,-37.9586],[-67.8838,-37.9578],[-67.8837,-37.9572],[-67.8835,-37.9567],[-67.8833,-37.9558],[-67.8831,-37.9551],[-67.8828,-37.9546],[-67.8823,-37.954],[-67.8817,-37.9536],[-67.8811,-37.9533],[-67.8804,-37.9534],[-67.8797,-37.9536],[-67.8793,-37.9538],[-67.8787,-37.9541],[-67.8783,-37.9541],[-67.8776,-37.954],[-67.8769,-37.9536],[-67.8762,-37.9532],[-67.8754,-37.9528],[-67.875,-37.9526],[-67.8745,-37.9524],[-67.874,-37.9521],[-67.8736,-37.9519],[-67.8731,-37.9517],[-67.8724,-37.9511],[-67.8722,-37.9507],[-67.872,-37.9499],[-67.8715,-37.9495],[-67.871,-37.9489],[-67.871,-37.9482],[-67.8712,-37.9477],[-67.8714,-37.9471],[-67.8715,-37.9469],[-67.8718,-37.9464],[-67.872,-37.9459],[-67.8729,-37.9433],[-67.8731,-37.9418],[-67.8732,-37.9404],[-67.8731,-37.94],[-67.8729,-37.9398],[-67.872,-37.9397],[-67.8709,-37.9397],[-67.8698,-37.9398],[-67.8693,-37.9397],[-67.8687,-37.9393],[-67.868,-37.9386],[-67.8676,-37.9383],[-67.8669,-37.9381],[-67.8664,-37.938],[-67.8659,-37.938],[-67.8656,-37.938],[-67.8651,-37.9378],[-67.8647,-37.9377],[-67.8642,-37.9375],[-67.8634,-37.9372],[-67.8627,-37.9367],[-67.8623,-37.9365],[-67.8618,-37.9362],[-67.8612,-37.9359],[-67.8606,-37.9357],[-67.8599,-37.9353],[-67.8596,-37.9348],[-67.8594,-37.934],[-67.8591,-37.9332],[-67.8588,-37.9328],[-67.8585,-37.9325],[-67.8579,-37.932],[-67.8571,-37.9316],[-67.8563,-37.9314],[-67.8556,-37.9313],[-67.8545,-37.9312],[-67.854,-37.9308],[-67.8537,-37.9304],[-67.8536,-37.9299],[-67.8535,-37.9293],[-67.8535,-37.9286],[-67.8538,-37.9279],[-67.854,-37.9273],[-67.854,-37.9268],[-67.8538,-37.9263],[-67.8534,-37.9258],[-67.8528,-37.9256],[-67.8522,-37.9255],[-67.8514,-37.9256],[-67.8506,-37.926],[-67.8499,-37.9265],[-67.8493,-37.9272],[-67.8489,-37.9275],[-67.8484,-37.9278],[-67.8479,-37.9279],[-67.8465,-37.9277],[-67.8459,-37.9276],[-67.8455,-37.9274],[-67.8451,-37.9272],[-67.8446,-37.9269],[-67.8442,-37.9265],[-67.844,-37.9261],[-67.8439,-37.9251],[-67.8384,-37.9251],[-67.8382,-37.9251],[-67.8334,-37.925]]]}},{"type":"Feature","properties":{"nombre":"JAG\u00dcEL DE LOS MACHOS LP"},"geometry":{"type":"Polygon","coordinates":[[[-67.5857,-38.0935],[-67.5833,-38.2163],[-67.586,-38.2167],[-67.5951,-38.2127],[-67.6045,-38.2072],[-67.6292,-38.1985],[-67.634,-38.1976],[-67.6465,-38.1958],[-67.6502,-38.1924],[-67.6554,-38.1906],[-67.6583,-38.1859],[-67.6576,-38.1827],[-67.6586,-38.1784],[-67.6604,-38.1713],[-67.6607,-38.1625],[-67.6625,-38.1571],[-67.6913,-38.1297],[-67.6988,-38.1242],[-67.7118,-38.1203],[-67.7175,-38.1193],[-67.724,-38.1062],[-67.7267,-38.1018],[-67.7317,-38.0989],[-67.7271,-38.0951],[-67.5857,-38.0935]]]}},{"type":"Feature","properties":{"nombre":"PUESTO MORALES ESTE"},"geometry":{"type":"Polygon","coordinates":[[[-67.6273,-38.3045],[-67.6156,-38.3032],[-67.6145,-38.3578],[-67.6263,-38.3579],[-67.6273,-38.3045]]]}},{"type":"Feature","properties":{"nombre":"RINCONADA PUESTO MORALES RN"},"geometry":{"type":"MultiPolygon","coordinates":[[[[-67.4912,-38.2535],[-67.3199,-38.2511],[-67.3183,-38.3201],[-67.4898,-38.3225],[-67.4912,-38.2535]]],[[[-67.7327,-38.3591],[-67.7348,-38.2375],[-67.6286,-38.2363],[-67.6263,-38.3579],[-67.7327,-38.3591]]]]}},{"type":"Feature","properties":{"nombre":"MATA MORA NORTE"},"geometry":{"type":"Polygon","coordinates":[[[-68.3864,-38.4454],[-68.2661,-38.4448],[-68.2657,-38.4862],[-68.2528,-38.4861],[-68.2516,-38.6049],[-68.3094,-38.6052],[-68.3097,-38.5783],[-68.3579,-38.5786],[-68.3581,-38.5545],[-68.3854,-38.5546],[-68.3864,-38.4454]]]}},{"type":"Feature","properties":{"nombre":"SAN ROQUE"},"geometry":{"type":"Polygon","coordinates":[[[-68.8062,-37.7982],[-68.8058,-37.9379],[-68.658,-37.9375],[-68.6575,-38.0411],[-68.7714,-38.0414],[-68.7711,-38.1315],[-68.9023,-38.1317],[-68.9023,-38.0641],[-69.1131,-38.0641],[-69.1127,-37.7983],[-68.8062,-37.7982]]]}},{"type":"Feature","properties":{"nombre":"RINCON LA CENIZA"},"geometry":{"type":"Polygon","coordinates":[[[-69.1694,-37.7712],[-69.1695,-37.7983],[-69.1127,-37.7983],[-69.1136,-37.8968],[-69.2379,-37.8965],[-69.2381,-37.9513],[-69.2608,-37.9513],[-69.2607,-37.9152],[-69.2835,-37.9152],[-69.2833,-37.8701],[-69.2947,-37.8701],[-69.2943,-37.771],[-69.1694,-37.7712]]]}},{"type":"Feature","properties":{"nombre":"LA ESCALONADA"},"geometry":{"type":"Polygon","coordinates":[[[-69.169,-37.597],[-69.1694,-37.7712],[-69.281,-37.771],[-69.2809,-37.7439],[-69.2399,-37.744],[-69.2397,-37.6771],[-69.2861,-37.677],[-69.2862,-37.695],[-69.3145,-37.695],[-69.3144,-37.6769],[-69.3507,-37.6768],[-69.3505,-37.6396],[-69.3789,-37.6395],[-69.3787,-37.6095],[-69.409,-37.6094],[-69.4089,-37.5964],[-69.169,-37.597]]]}},{"type":"Feature","properties":{"nombre":"AGUADA PICHANA ESTE"},"geometry":{"type":"Polygon","coordinates":[[[-69.1704,-38.1856],[-69.1706,-38.2577],[-69.0792,-38.2578],[-69.0794,-38.42],[-69.0564,-38.42],[-69.0566,-38.5155],[-69.2308,-38.5153],[-69.2309,-38.5369],[-69.2616,-38.5368],[-69.2612,-38.4277],[-69.2855,-38.4276],[-69.2854,-38.3882],[-69.3254,-38.3881],[-69.3251,-38.3183],[-69.3781,-38.3181],[-69.3777,-38.2387],[-69.401,-38.2386],[-69.4007,-38.1851],[-69.1704,-38.1856]]]}},{"type":"Feature","properties":{"nombre":"PUESTO PARADA"},"geometry":{"type":"Polygon","coordinates":[[[-68.769,-38.7936],[-68.51,-38.7928],[-68.5094,-38.8874],[-68.5458,-38.8876],[-68.5464,-38.8815],[-68.5688,-38.8693],[-68.5694,-38.8532],[-68.6096,-38.8533],[-68.6097,-38.8479],[-68.6741,-38.8482],[-68.7688,-38.8484],[-68.769,-38.7936]]]}},{"type":"Feature","properties":{"nombre":"AGUADA BAGUALES"},"geometry":{"type":"Polygon","coordinates":[[[-69.0061,-38.7893],[-68.769,-38.7891],[-68.7687,-38.8684],[-69.0011,-38.8684],[-69.0009,-38.8092],[-69.0061,-38.8092],[-69.0061,-38.7893]]]}},{"type":"Feature","properties":{"nombre":"DOS HERMANAS"},"geometry":{"type":"MultiPolygon","coordinates":[[[[-69.0974,-39.1046],[-69.0975,-39.1407],[-69.0628,-39.1407],[-69.0628,-39.1046],[-69.0321,-39.1047],[-69.0321,-39.1497],[-69.0454,-39.1497],[-69.0455,-39.1875],[-69.2307,-39.1873],[-69.2305,-39.1341],[-69.1727,-39.1342],[-69.1726,-39.1045],[-69.0974,-39.1046]]],[[[-68.8373,-39.1],[-68.8373,-39.1091],[-68.7448,-39.1089],[-68.7447,-39.1485],[-68.8522,-39.1487],[-68.8522,-39.1406],[-68.9616,-39.1407],[-68.9616,-39.1047],[-68.9414,-39.1046],[-68.9414,-39.1001],[-68.8373,-39.1]]]]}},{"type":"Feature","properties":{"nombre":"OJO DE AGUA"},"geometry":{"type":"Polygon","coordinates":[[[-68.7111,-39.0891],[-68.7449,-39.0892],[-68.745,-39.0667],[-68.7112,-39.0666],[-68.7111,-39.0891]]]}},{"type":"Feature","properties":{"nombre":"EL PORVENIR"},"geometry":{"type":"Polygon","coordinates":[[[-69.0112,-38.988],[-69.0112,-38.9694],[-68.8224,-38.9692],[-68.8224,-38.9878],[-68.7608,-38.9877],[-68.7605,-39.0548],[-68.9618,-39.0551],[-68.9618,-39.078],[-68.9788,-39.0781],[-68.9788,-39.1046],[-69.0321,-39.1046],[-69.0321,-38.988],[-69.0112,-38.988]]]}},{"type":"Feature","properties":{"nombre":"PUESTO TOUQUET"},"geometry":{"type":"Polygon","coordinates":[[[-69.1723,-38.9694],[-69.0321,-38.9695],[-69.0321,-39.0933],[-69.1088,-39.0932],[-69.1087,-39.0463],[-69.1724,-39.0462],[-69.1723,-38.9694]]]}},{"type":"Feature","properties":{"nombre":"AL SUR DE LA DORSAL"},"geometry":{"type":"MultiPolygon","coordinates":[[[[-69.0629,-39.2533],[-69.0629,-39.3028],[-69.1789,-39.3027],[-69.1787,-39.2531],[-69.0629,-39.2533]]],[[[-68.7807,-39.1765],[-68.8574,-39.1766],[-68.8575,-39.1487],[-68.7447,-39.1485],[-68.7446,-39.1575],[-68.7807,-39.1765]]],[[[-69.4774,-39.2118],[-69.5529,-39.261],[-69.7225,-39.2601],[-69.6878,-39.2377],[-69.6536,-39.2379],[-69.6534,-39.2156],[-69.5584,-39.2159],[-69.5585,-39.1542],[-69.5399,-39.1412],[-69.4769,-39.1415],[-69.4774,-39.2118]]],[[[-69.0628,-39.1046],[-69.0628,-39.1407],[-69.0975,-39.1407],[-69.0974,-39.1046],[-69.0628,-39.1046]]],[[[-68.745,-39.0548],[-68.7448,-39.1089],[-68.8373,-39.1091],[-68.8373,-39.1],[-68.9414,-39.1001],[-68.9414,-39.0551],[-68.745,-39.0548]]],[[[-69.1725,-39.055],[-69.1727,-39.1342],[-69.2305,-39.1341],[-69.2307,-39.1873],[-69.0455,-39.1875],[-69.0454,-39.1497],[-69.0321,-39.1497],[-69.0321,-39.1047],[-68.9616,-39.1047],[-68.9616,-39.1407],[-68.9413,-39.1407],[-68.9413,-39.2082],[-69.0455,-39.2082],[-69.0455,-39.2308],[-69.3049,-39.2304],[-69.3042,-39.0547],[-69.1725,-39.055]]],[[[-69.4489,-38.9236],[-69.4494,-39.0092],[-69.4771,-39.0091],[-69.4773,-39.037],[-69.5767,-39.0366],[-69.5762,-38.9771],[-69.4948,-38.9785],[-69.4951,-38.923],[-69.4489,-38.9236]]]]}},{"type":"Feature","properties":{"nombre":"CENTENARIO"},"geometry":{"type":"MultiPolygon","coordinates":[[[[-68.1421,-38.9479],[-68.142,-38.9556],[-68.0763,-38.9551],[-68.0759,-38.9871],[-68.1476,-38.9738],[-68.1886,-38.9687],[-68.2225,-38.9484],[-68.1421,-38.9479]]],[[[-68.1436,-38.8258],[-68.1431,-38.8709],[-68.2037,-38.8713],[-68.204,-38.843],[-68.3081,-38.8436],[-68.3083,-38.8269],[-68.1436,-38.8258]]]]}},{"type":"Feature","properties":{"nombre":"EL CARACOL NORTE"},"geometry":{"type":"Polygon","coordinates":[[[-68.473,-37.7207],[-68.3641,-37.7201],[-68.3629,-37.8562],[-68.4106,-37.8564],[-68.4797,-37.8899],[-68.4804,-37.7973],[-68.4724,-37.7972],[-68.473,-37.7207]]]}},{"type":"Feature","properties":{"nombre":"COIRON AMARGO SUR OESTE"},"geometry":{"type":"Polygon","coordinates":[[[-68.3872,-38.4454],[-68.5038,-38.446],[-68.5043,-38.3736],[-68.4777,-38.3536],[-68.3873,-38.4339],[-68.3872,-38.4454]]]}},{"type":"Feature","properties":{"nombre":"BAJADA DE A\u00d1ELO"},"geometry":{"type":"Polygon","coordinates":[[[-69.034,-38.0642],[-69.034,-38.165],[-68.9096,-38.165],[-68.9094,-38.2938],[-68.9878,-38.2939],[-68.9878,-38.2642],[-68.9455,-38.2641],[-68.9455,-38.2101],[-68.9604,-38.2101],[-68.9604,-38.2434],[-68.9878,-38.2434],[-68.9878,-38.2578],[-69.0564,-38.2578],[-69.0563,-38.1623],[-69.0734,-38.1624],[-69.0733,-38.1154],[-69.1133,-38.1154],[-69.1132,-38.0641],[-69.034,-38.0642]]]}},{"type":"Feature","properties":{"nombre":"EL TRAPIAL ESTE"},"geometry":{"type":"Polygon","coordinates":[[[-69.1816,-37.3613],[-69.1814,-37.3932],[-69.2531,-37.3931],[-69.2944,-37.4274],[-69.2948,-37.5096],[-69.4012,-37.5088],[-69.4012,-37.5055],[-69.4614,-37.5057],[-69.4605,-37.3606],[-69.1816,-37.3613]]]}},{"type":"Feature","properties":{"nombre":"PUESTO ZU\u00d1IGA"},"geometry":{"type":"Polygon","coordinates":[[[-67.8304,-38.7543],[-67.756,-38.7535],[-67.7542,-38.8566],[-67.8347,-38.8574],[-67.8354,-38.8135],[-67.8355,-38.8036],[-67.8411,-38.8037],[-67.8418,-38.762],[-67.8303,-38.7619],[-67.8304,-38.7543]]]}},{"type":"Feature","properties":{"nombre":"COIRON AMARGO NORTE"},"geometry":{"type":"Polygon","coordinates":[[[-68.2559,-38.2073],[-68.256,-38.3095],[-68.3308,-38.31],[-68.331,-38.2803],[-68.3809,-38.2805],[-68.3766,-38.2472],[-68.4567,-38.2318],[-68.4696,-38.2539],[-68.4895,-38.2414],[-68.4659,-38.2242],[-68.2792,-38.2232],[-68.2559,-38.2073]]]}},{"type":"Feature","properties":{"nombre":"BAJADA DEL PALO ESTE"},"geometry":{"type":"Polygon","coordinates":[[[-68.3471,-38.1036],[-68.2445,-38.1996],[-68.2559,-38.2073],[-68.2792,-38.2232],[-68.4659,-38.2242],[-68.4667,-38.1269],[-68.429,-38.1267],[-68.4291,-38.104],[-68.3471,-38.1036]]]}},{"type":"Feature","properties":{"nombre":"BAJADA DEL PALO OESTE"},"geometry":{"type":"Polygon","coordinates":[[[-68.4667,-38.1269],[-68.4659,-38.2242],[-68.4983,-38.2478],[-68.6851,-38.2484],[-68.6856,-38.1277],[-68.4667,-38.1269]]]}},{"type":"Feature","properties":{"nombre":"AGUADA FEDERAL"},"geometry":{"type":"Polygon","coordinates":[[[-68.7709,-38.1593],[-68.7713,-38.0422],[-68.6407,-38.0419],[-68.6407,-38.0779],[-68.7709,-38.1593]]]}},{"type":"Feature","properties":{"nombre":"BANDURRIA NORTE"},"geometry":{"type":"Polygon","coordinates":[[[-68.9024,-38.0641],[-68.9023,-38.1005],[-68.9415,-38.1005],[-68.9414,-38.1655],[-69.034,-38.1655],[-69.034,-38.0642],[-68.9024,-38.0641]]]}},{"type":"Feature","properties":{"nombre":"AGUILA MORA"},"geometry":{"type":"Polygon","coordinates":[[[-69.0348,-37.7038],[-69.0349,-37.7634],[-69.0999,-37.7633],[-69.0997,-37.6154],[-69.0348,-37.6155],[-69.0348,-37.7038]]]}},{"type":"Feature","properties":{"nombre":"LINDERO DE PIEDRA"},"geometry":{"type":"Polygon","coordinates":[[[-69.4379,-35.3107],[-69.24,-35.3112],[-69.2401,-35.3383],[-69.1917,-35.3384],[-69.192,-35.4665],[-69.1949,-35.4681],[-69.2675,-35.468],[-69.2763,-35.4647],[-69.2781,-35.4566],[-69.2879,-35.4518],[-69.3155,-35.4651],[-69.3155,-35.4679],[-69.4388,-35.4675],[-69.4379,-35.3107]]]}},{"type":"Feature","properties":{"nombre":"CNQ 7/A"},"geometry":{"type":"Polygon","coordinates":[[[-67.8705,-37.3732],[-67.8677,-37.5587],[-67.8695,-37.5587],[-67.8695,-37.5587],[-67.9354,-37.5593],[-67.9355,-37.5503],[-68.0713,-37.5515],[-68.0717,-37.5244],[-68.1735,-37.5252],[-68.1737,-37.5072],[-68.2302,-37.5076],[-68.2305,-37.4805],[-68.2526,-37.4807],[-68.2518,-37.4408],[-68.251,-37.3958],[-68.2506,-37.3763],[-68.2489,-37.3762],[-67.8705,-37.3732]]]}},{"type":"Feature","properties":{"nombre":"JAG\u00dcEL CASA DE PIEDRA"},"geometry":{"type":"MultiPolygon","coordinates":[[[[-68.6794,-37.1808],[-68.6793,-37.2006],[-68.6162,-37.2004],[-68.616,-37.2392],[-68.5676,-37.239],[-68.5671,-37.3201],[-68.4769,-37.3197],[-68.4767,-37.3468],[-68.3392,-37.3461],[-68.3389,-37.3768],[-68.2506,-37.3763],[-68.251,-37.3958],[-68.2518,-37.4408],[-68.2526,-37.4807],[-68.3435,-37.4813],[-68.3438,-37.4452],[-68.389,-37.4454],[-68.3896,-37.3644],[-68.4912,-37.3648],[-68.4913,-37.3468],[-68.6493,-37.3474],[-68.6497,-37.2753],[-68.7286,-37.2755],[-68.7287,-37.2395],[-68.8414,-37.2397],[-68.8416,-37.1667],[-68.7729,-37.1666],[-68.7729,-37.181],[-68.6794,-37.1808]]],[[[-68.429,-37.3871],[-68.4286,-37.4411],[-68.4794,-37.4413],[-68.4798,-37.3873],[-68.429,-37.3871]]],[[[-68.7735,-37.3567],[-68.8186,-37.3568],[-68.8187,-37.3207],[-68.7736,-37.3207],[-68.7735,-37.3567]]]]}},{"type":"Feature","properties":{"nombre":"AGUADA VILLANUEVA"},"geometry":{"type":"Polygon","coordinates":[[[-69.0648,-38.8091],[-69.0667,-38.8096],[-69.3734,-38.8086],[-69.3737,-38.8743],[-69.3755,-38.8748],[-69.4601,-38.874],[-69.4601,-38.872],[-69.4596,-38.7933],[-69.4596,-38.7912],[-69.4593,-38.7488],[-69.2314,-38.7493],[-69.0648,-38.7497],[-69.0648,-38.8091]]]}},{"type":"Feature","properties":{"nombre":"CENTENARIO CENTRO"},"geometry":{"type":"Polygon","coordinates":[[[-68.3081,-38.8436],[-68.204,-38.843],[-68.2037,-38.8713],[-68.1431,-38.8709],[-68.1421,-38.9479],[-68.2225,-38.9484],[-68.3076,-38.8972],[-68.3081,-38.8436]]]}},{"type":"Feature","properties":{"nombre":"AGUADA C\u00c1NEPA"},"geometry":{"type":"Polygon","coordinates":[[[-68.4145,-38.0402],[-68.3471,-38.1036],[-68.4291,-38.104],[-68.429,-38.1267],[-68.4841,-38.127],[-68.4847,-38.1033],[-68.5127,-38.0756],[-68.5597,-38.0754],[-68.5978,-38.041],[-68.4145,-38.0402]]]}},{"type":"Feature","properties":{"nombre":"LA CALERA"},"geometry":{"type":"Polygon","coordinates":[[[-68.9455,-38.2641],[-68.9878,-38.2641],[-68.9878,-38.2939],[-68.9283,-38.2938],[-68.9282,-38.42],[-69.0794,-38.42],[-69.0792,-38.2578],[-68.9878,-38.2578],[-68.9878,-38.2434],[-68.9604,-38.2434],[-68.9604,-38.2101],[-68.9455,-38.2101],[-68.9455,-38.2641]]]}},{"type":"Feature","properties":{"nombre":"LA ANGOSTURA SUR I"},"geometry":{"type":"Polygon","coordinates":[[[-68.6677,-38.6749],[-68.5574,-38.7112],[-68.5569,-38.7932],[-68.769,-38.7936],[-68.769,-38.7891],[-68.7789,-38.7892],[-68.7793,-38.6483],[-68.7209,-38.6482],[-68.7208,-38.6751],[-68.6677,-38.6749]]]}},{"type":"Feature","properties":{"nombre":"GOBERNADOR AYALA"},"geometry":{"type":"Polygon","coordinates":[[[-68.3881,-37.5497],[-68.3946,-37.5549],[-68.3947,-37.5549],[-68.3948,-37.5549],[-68.4364,-37.5434],[-68.4454,-37.5333],[-68.4519,-37.5293],[-68.4503,-37.5228],[-68.4549,-37.5077],[-68.4633,-37.5026],[-68.4675,-37.4947],[-68.4759,-37.4915],[-68.4942,-37.4589],[-68.5048,-37.4524],[-68.5231,-37.4572],[-68.5337,-37.4503],[-68.5473,-37.4485],[-68.5631,-37.4541],[-68.5724,-37.4551],[-68.5727,-37.4133],[-68.4909,-37.4129],[-68.4912,-37.3648],[-68.3896,-37.3644],[-68.389,-37.4454],[-68.3438,-37.4452],[-68.3435,-37.4813],[-68.2526,-37.4807],[-68.2543,-37.5708],[-68.2543,-37.5708],[-68.262,-37.5709],[-68.2622,-37.5707],[-68.2657,-37.5664],[-68.292,-37.5578],[-68.3016,-37.5604],[-68.3028,-37.5608],[-68.3053,-37.5597],[-68.3132,-37.5562],[-68.3189,-37.556],[-68.3382,-37.5552],[-68.351,-37.5473],[-68.3527,-37.5462],[-68.3673,-37.5457],[-68.3711,-37.5479],[-68.3767,-37.5511],[-68.3778,-37.5509],[-68.3881,-37.5497]],[[-68.4798,-37.3873],[-68.4794,-37.4413],[-68.4286,-37.4411],[-68.429,-37.3871],[-68.4798,-37.3873]]]}},{"type":"Feature","properties":{"nombre":"GOBERNADOR AYALA III"},"geometry":{"type":"Polygon","coordinates":[[[-68.2526,-37.4807],[-68.2305,-37.4805],[-68.2302,-37.5076],[-68.1737,-37.5072],[-68.1735,-37.5252],[-68.0717,-37.5244],[-68.0713,-37.5515],[-67.9355,-37.5503],[-67.9354,-37.5593],[-67.8695,-37.5587],[-67.8695,-37.5592],[-67.7543,-37.558],[-67.7518,-37.7069],[-67.756,-37.707],[-67.7578,-37.6757],[-67.78,-37.6584],[-67.7808,-37.6507],[-67.7988,-37.6414],[-67.8043,-37.6416],[-67.8095,-37.6365],[-67.8146,-37.6375],[-67.8223,-37.6324],[-67.828,-37.6296],[-67.8288,-37.6273],[-67.8386,-37.6204],[-67.8411,-37.6158],[-67.8491,-37.6148],[-67.8599,-37.6114],[-67.8659,-37.6071],[-67.8742,-37.607],[-67.8883,-37.6045],[-67.9043,-37.6101],[-67.9272,-37.6079],[-67.9375,-37.6023],[-67.9521,-37.6001],[-67.9573,-37.5965],[-67.9587,-37.5936],[-67.9659,-37.5933],[-67.9805,-37.6045],[-67.9862,-37.6021],[-67.9993,-37.6026],[-68.0193,-37.5881],[-68.0507,-37.5886],[-68.0681,-37.5844],[-68.0841,-37.5859],[-68.0923,-37.5841],[-68.1155,-37.5897],[-68.1327,-37.5818],[-68.1425,-37.5803],[-68.1469,-37.5812],[-68.1551,-37.5783],[-68.1645,-37.5787],[-68.176,-37.5807],[-68.1839,-37.5819],[-68.1913,-37.5857],[-68.2014,-37.5838],[-68.2144,-37.5847],[-68.2271,-37.5824],[-68.2426,-37.5774],[-68.2543,-37.5708],[-68.2526,-37.4807]]]}},{"type":"Feature","properties":{"nombre":"PUESTO SILVA OESTE"},"geometry":{"type":"Polygon","coordinates":[[[-68.2961,-38.376],[-68.2561,-38.3969],[-68.2561,-38.4447],[-68.2575,-38.4447],[-68.3249,-38.409],[-68.2961,-38.376]]]}},{"type":"Feature","properties":{"nombre":"LOMA JARILLOSA ESTE"},"geometry":{"type":"Polygon","coordinates":[[[-68.3766,-38.2472],[-68.3809,-38.2805],[-68.4696,-38.2539],[-68.4567,-38.2318],[-68.3766,-38.2472]]]}},{"type":"Feature","properties":{"nombre":"CERRO HAMACA"},"geometry":{"type":"Polygon","coordinates":[[[-68.8637,-37.3925],[-68.8619,-37.3929],[-68.8592,-37.3936],[-68.8561,-37.3936],[-68.8536,-37.3927],[-68.8516,-37.3912],[-68.8499,-37.3904],[-68.848,-37.3895],[-68.8459,-37.389],[-68.8445,-37.3884],[-68.8428,-37.3881],[-68.8397,-37.3888],[-68.8382,-37.3887],[-68.8376,-37.3875],[-68.8352,-37.3868],[-68.8327,-37.3875],[-68.8317,-37.3873],[-68.8306,-37.3867],[-68.8295,-37.3866],[-68.828,-37.3869],[-68.8269,-37.3871],[-68.8251,-37.3876],[-68.823,-37.3879],[-68.8213,-37.3873],[-68.8203,-37.3867],[-68.8192,-37.3867],[-68.818,-37.3873],[-68.8165,-37.3872],[-68.814,-37.3863],[-68.8123,-37.3849],[-68.8116,-37.3829],[-68.8109,-37.3816],[-68.81,-37.3808],[-68.8082,-37.3805],[-68.8054,-37.3803],[-68.804,-37.3794],[-68.8029,-37.3781],[-68.8022,-37.3772],[-68.8016,-37.3764],[-68.8003,-37.3757],[-68.7991,-37.3757],[-68.7961,-37.3747],[-68.7942,-37.3742],[-68.7933,-37.3736],[-68.7918,-37.3729],[-68.7908,-37.3725],[-68.789,-37.3719],[-68.7874,-37.3706],[-68.7858,-37.3692],[-68.7851,-37.3678],[-68.7833,-37.3669],[-68.7811,-37.3668],[-68.7797,-37.3673],[-68.7788,-37.3678],[-68.7772,-37.3682],[-68.7755,-37.368],[-68.774,-37.3681],[-68.7723,-37.3677],[-68.7703,-37.3673],[-68.7689,-37.3663],[-68.7675,-37.3654],[-68.7667,-37.3655],[-68.7655,-37.366],[-68.7644,-37.3672],[-68.7629,-37.3686],[-68.7616,-37.3692],[-68.7588,-37.3702],[-68.7574,-37.3707],[-68.7557,-37.3721],[-68.7544,-37.3733],[-68.7529,-37.3742],[-68.7518,-37.3752],[-68.7512,-37.3764],[-68.7507,-37.3775],[-68.7499,-37.3787],[-68.749,-37.3795],[-68.7483,-37.3804],[-68.7468,-37.3809],[-68.7439,-37.3815],[-68.7424,-37.3823],[-68.7402,-37.3838],[-68.7385,-37.3844],[-68.7362,-37.3857],[-68.7349,-37.3861],[-68.7329,-37.3863],[-68.7311,-37.3869],[-68.7304,-37.3872],[-68.7303,-37.3873],[-68.7285,-37.3871],[-68.727,-37.3868],[-68.7261,-37.3867],[-68.7241,-37.3868],[-68.7226,-37.3871],[-68.7212,-37.3875],[-68.72,-37.388],[-68.719,-37.3885],[-68.7178,-37.3892],[-68.7169,-37.3903],[-68.7166,-37.3921],[-68.7162,-37.3927],[-68.7156,-37.3936],[-68.7155,-37.3938],[-68.7149,-37.3954],[-68.7144,-37.3973],[-68.7139,-37.3992],[-68.7139,-37.4008],[-68.7139,-37.4013],[-68.7138,-37.4024],[-68.7139,-37.4032],[-68.7139,-37.4034],[-68.7138,-37.4038],[-68.713,-37.4046],[-68.7113,-37.4061],[-68.7099,-37.4075],[-68.7099,-37.4075],[-68.7087,-37.4086],[-68.7059,-37.4105],[-68.7049,-37.4112],[-68.7047,-37.4112],[-68.703,-37.4112],[-68.7017,-37.412],[-68.7016,-37.4125],[-68.7014,-37.4135],[-68.701,-37.4157],[-68.7004,-37.4171],[-68.6999,-37.419],[-68.6997,-37.4214],[-68.6994,-37.4221],[-68.6992,-37.4226],[-68.6987,-37.4238],[-68.6982,-37.425],[-68.6975,-37.4262],[-68.6969,-37.4274],[-68.6964,-37.4289],[-68.6966,-37.4301],[-68.6966,-37.4303],[-68.6967,-37.4303],[-68.6984,-37.4311],[-68.6993,-37.432],[-68.7008,-37.4327],[-68.7013,-37.4336],[-68.7014,-37.4346],[-68.7006,-37.4359],[-68.6996,-37.437],[-68.6991,-37.4375],[-68.6981,-37.4388],[-68.6982,-37.4401],[-68.6982,-37.4406],[-68.6981,-37.4411],[-68.6973,-37.4417],[-68.6968,-37.4418],[-68.6957,-37.4421],[-68.6931,-37.442],[-68.6908,-37.4416],[-68.6907,-37.4416],[-68.6889,-37.4411],[-68.6873,-37.441],[-68.6853,-37.4415],[-68.6829,-37.4423],[-68.681,-37.443],[-68.6784,-37.4435],[-68.6771,-37.4439],[-68.6771,-37.4439],[-68.6756,-37.4443],[-68.6743,-37.4443],[-68.6722,-37.4442],[-68.6708,-37.4441],[-68.6701,-37.4442],[-68.6693,-37.4443],[-68.6685,-37.4444],[-68.6665,-37.4446],[-68.665,-37.4449],[-68.6633,-37.4458],[-68.6616,-37.4465],[-68.6603,-37.4469],[-68.66,-37.447],[-68.6579,-37.4469],[-68.6559,-37.4468],[-68.6522,-37.4462],[-68.6492,-37.4457],[-68.6462,-37.4455],[-68.6402,-37.4459],[-68.6376,-37.4466],[-68.6358,-37.4468],[-68.6344,-37.4468],[-68.6328,-37.4465],[-68.6288,-37.4442],[-68.6252,-37.4409],[-68.6242,-37.4409],[-68.623,-37.4402],[-68.6223,-37.4393],[-68.6211,-37.4385],[-68.618,-37.438],[-68.6142,-37.4384],[-68.6128,-37.4383],[-68.6108,-37.4384],[-68.608,-37.4386],[-68.6068,-37.439],[-68.6048,-37.4403],[-68.6009,-37.4426],[-68.5995,-37.4434],[-68.5974,-37.4451],[-68.5972,-37.4453],[-68.5958,-37.447],[-68.5946,-37.4477],[-68.5944,-37.4478],[-68.5925,-37.4491],[-68.5909,-37.4498],[-68.5898,-37.4504],[-68.5887,-37.4508],[-68.5858,-37.4524],[-68.5843,-37.4531],[-68.5819,-37.454],[-68.5813,-37.454],[-68.5794,-37.4544],[-68.5778,-37.4547],[-68.5753,-37.4552],[-68.5726,-37.4558],[-68.5702,-37.4561],[-68.5681,-37.4561],[-68.5654,-37.4556],[-68.563,-37.4551],[-68.5609,-37.4546],[-68.5599,-37.4539],[-68.5597,-37.4529],[-68.559,-37.4524],[-68.5578,-37.4516],[-68.5562,-37.4512],[-68.5553,-37.4513],[-68.553,-37.4506],[-68.5507,-37.4494],[-68.5475,-37.4492],[-68.5434,-37.4497],[-68.5399,-37.4503],[-68.5349,-37.4508],[-68.5315,-37.4525],[-68.531,-37.4532],[-68.5298,-37.4548],[-68.5289,-37.4555],[-68.5285,-37.4558],[-68.5268,-37.4568],[-68.5258,-37.4571],[-68.5247,-37.4577],[-68.5228,-37.4581],[-68.5196,-37.4577],[-68.5167,-37.4566],[-68.5157,-37.4556],[-68.5135,-37.4542],[-68.5115,-37.4531],[-68.5098,-37.4526],[-68.5085,-37.4528],[-68.5062,-37.4532],[-68.5043,-37.4535],[-68.5033,-37.4545],[-68.5015,-37.4559],[-68.4995,-37.458],[-68.4949,-37.4631],[-68.4939,-37.4643],[-68.4934,-37.4663],[-68.4923,-37.4682],[-68.4911,-37.4701],[-68.4891,-37.4722],[-68.4881,-37.4731],[-68.4871,-37.4762],[-68.4856,-37.4786],[-68.4847,-37.48],[-68.4837,-37.4813],[-68.4824,-37.4829],[-68.4817,-37.4854],[-68.4816,-37.486],[-68.4814,-37.4865],[-68.48,-37.489],[-68.4769,-37.4921],[-68.4744,-37.4943],[-68.4716,-37.4964],[-68.47,-37.4978],[-68.4692,-37.4991],[-68.4676,-37.5003],[-68.4661,-37.5015],[-68.4649,-37.5029],[-68.464,-37.5036],[-68.4636,-37.5039],[-68.4623,-37.5051],[-68.461,-37.5061],[-68.4596,-37.5066],[-68.459,-37.5073],[-68.4577,-37.5082],[-68.4561,-37.5097],[-68.4559,-37.5102],[-68.4582,-37.5122],[-68.6129,-37.5128],[-68.6131,-37.488],[-68.7295,-37.4883],[-68.7297,-37.4229],[-68.8645,-37.4232],[-68.8637,-37.3925]]]}},{"type":"Feature","properties":{"nombre":"EL MANZANO OESTE (AGRIO)"},"geometry":{"type":"Polygon","coordinates":[[[-69.8448,-36.2131],[-69.8427,-36.0184],[-69.7207,-36.0192],[-69.7221,-36.167],[-69.6898,-36.1672],[-69.6904,-36.2303],[-69.765,-36.2302],[-69.7647,-36.2136],[-69.8448,-36.2131]]]}},{"type":"Feature","properties":{"nombre":"LLANCANELO R"},"geometry":{"type":"Polygon","coordinates":[[[-69.1039,-35.5457],[-69.1042,-35.78],[-69.2921,-35.7797],[-69.2913,-35.5454],[-69.1039,-35.5457]]]}},{"type":"Feature","properties":{"nombre":"LLANCANELO"},"geometry":{"type":"Polygon","coordinates":[[[-69.1614,-35.6272],[-69.1616,-35.715],[-69.2654,-35.7149],[-69.2651,-35.6135],[-69.2336,-35.6135],[-69.2336,-35.627],[-69.1614,-35.6272]]]}},{"type":"Feature","properties":{"nombre":"LA BREA"},"geometry":{"type":"Polygon","coordinates":[[[-69.803,-35.4257],[-69.7149,-35.4263],[-69.7164,-35.5885],[-69.8046,-35.588],[-69.803,-35.4257]]]}},{"type":"Feature","properties":{"nombre":"CERRO MOLLAR OESTE"},"geometry":{"type":"Polygon","coordinates":[[[-69.8173,-35.2987],[-69.7467,-35.2992],[-69.7465,-35.2776],[-69.7245,-35.2777],[-69.7255,-35.3813],[-69.7475,-35.3812],[-69.7478,-35.4262],[-69.803,-35.4257],[-69.8186,-35.4258],[-69.8173,-35.2987]]]}},{"type":"Feature","properties":{"nombre":"PUESTO ROJAS"},"geometry":{"type":"Polygon","coordinates":[[[-69.7235,-35.1559],[-69.6577,-35.1564],[-69.6597,-35.4267],[-69.7478,-35.4262],[-69.7474,-35.3812],[-69.7254,-35.3813],[-69.7247,-35.2993],[-69.7235,-35.1559]]]}},{"type":"Feature","properties":{"nombre":"LA ANGOSTURA SUR II"},"geometry":{"type":"Polygon","coordinates":[[[-68.6677,-38.6749],[-68.7208,-38.6751],[-68.7209,-38.6482],[-68.7034,-38.6481],[-68.7038,-38.537],[-68.6737,-38.5206],[-68.6736,-38.5206],[-68.6734,-38.5206],[-68.6733,-38.5206],[-68.6731,-38.5206],[-68.673,-38.5206],[-68.6729,-38.5207],[-68.6727,-38.5208],[-68.6726,-38.5208],[-68.6724,-38.5208],[-68.6722,-38.5208],[-68.6721,-38.5209],[-68.672,-38.5209],[-68.6719,-38.5208],[-68.6719,-38.5207],[-68.6717,-38.5207],[-68.6716,-38.5208],[-68.6715,-38.5208],[-68.6713,-38.5209],[-68.6712,-38.5208],[-68.671,-38.5208],[-68.6708,-38.5209],[-68.6705,-38.5209],[-68.6703,-38.5208],[-68.6703,-38.5205],[-68.6701,-38.5204],[-68.6702,-38.5203],[-68.6702,-38.5202],[-68.6701,-38.5202],[-68.67,-38.5204],[-68.67,-38.5205],[-68.6699,-38.5206],[-68.6698,-38.5206],[-68.6697,-38.5206],[-68.6696,-38.5203],[-68.6694,-38.5202],[-68.6692,-38.5204],[-68.6691,-38.5204],[-68.669,-38.5204],[-68.6689,-38.5201],[-68.6687,-38.5201],[-68.6686,-38.5202],[-68.6685,-38.5201],[-68.6683,-38.5201],[-68.6683,-38.5202],[-68.6681,-38.5203],[-68.668,-38.5202],[-68.6678,-38.5202],[-68.6677,-38.5203],[-68.6675,-38.5203],[-68.6675,-38.5202],[-68.6674,-38.5202],[-68.6672,-38.5202],[-68.6671,-38.5202],[-68.667,-38.5201],[-68.6669,-38.5201],[-68.6667,-38.5201],[-68.6666,-38.5201],[-68.6664,-38.5201],[-68.6661,-38.5202],[-68.6659,-38.5202],[-68.6657,-38.52],[-68.6658,-38.5198],[-68.6659,-38.5197],[-68.6658,-38.5196],[-68.6658,-38.5196],[-68.6657,-38.5196],[-68.6656,-38.5196],[-68.6656,-38.5195],[-68.6655,-38.5194],[-68.6654,-38.5194],[-68.6651,-38.5194],[-68.665,-38.5195],[-68.6648,-38.5196],[-68.6647,-38.5198],[-68.6645,-38.5198],[-68.6642,-38.5198],[-68.664,-38.5198],[-68.6639,-38.5197],[-68.6638,-38.5196],[-68.6637,-38.5195],[-68.6637,-38.5195],[-68.6635,-38.5195],[-68.6634,-38.5196],[-68.6633,-38.5196],[-68.663,-38.5195],[-68.6627,-38.5193],[-68.6625,-38.5192],[-68.6621,-38.5193],[-68.662,-38.5193],[-68.662,-38.5194],[-68.6621,-38.5197],[-68.6621,-38.5199],[-68.6621,-38.52],[-68.6622,-38.5201],[-68.6621,-38.5202],[-68.662,-38.5202],[-68.662,-38.5204],[-68.662,-38.5206],[-68.662,-38.5207],[-68.6618,-38.5208],[-68.6617,-38.5207],[-68.6616,-38.5206],[-68.6614,-38.5204],[-68.6613,-38.5204],[-68.6612,-38.5205],[-68.6611,-38.5205],[-68.661,-38.5205],[-68.661,-38.5204],[-68.6608,-38.5205],[-68.6607,-38.5205],[-68.6606,-38.5205],[-68.6605,-38.5205],[-68.6606,-38.5204],[-68.6607,-38.5203],[-68.6608,-38.5201],[-68.6609,-38.5201],[-68.6612,-38.5199],[-68.6612,-38.5198],[-68.6612,-38.5197],[-68.6611,-38.5197],[-68.661,-38.5198],[-68.6609,-38.5197],[-68.6608,-38.5197],[-68.6608,-38.5197],[-68.6607,-38.5196],[-68.6606,-38.5197],[-68.6606,-38.5197],[-68.6606,-38.5198],[-68.6606,-38.52],[-68.6606,-38.52],[-68.6605,-38.5201],[-68.6604,-38.52],[-68.6603,-38.5199],[-68.6602,-38.5199],[-68.6601,-38.5199],[-68.6601,-38.5198],[-68.6601,-38.5198],[-68.66,-38.5198],[-68.6599,-38.5199],[-68.6597,-38.5199],[-68.6597,-38.5196],[-68.6595,-38.5196],[-68.6593,-38.5197],[-68.6592,-38.5197],[-68.6591,-38.5196],[-68.659,-38.5195],[-68.6587,-38.5195],[-68.6583,-38.5196],[-68.6581,-38.5197],[-68.658,-38.5198],[-68.6579,-38.5197],[-68.6578,-38.5197],[-68.6577,-38.5197],[-68.6575,-38.5197],[-68.6574,-38.5198],[-68.6573,-38.5199],[-68.6571,-38.5199],[-68.657,-38.5198],[-68.6569,-38.5199],[-68.6567,-38.5199],[-68.6566,-38.52],[-68.6563,-38.5201],[-68.656,-38.5203],[-68.6557,-38.5205],[-68.6555,-38.5206],[-68.6554,-38.5206],[-68.6553,-38.5206],[-68.6552,-38.5207],[-68.6551,-38.5207],[-68.6549,-38.5207],[-68.6548,-38.5207],[-68.6546,-38.5206],[-68.6546,-38.5205],[-68.6546,-38.5204],[-68.6546,-38.5203],[-68.6546,-38.5202],[-68.6545,-38.5202],[-68.6545,-38.5203],[-68.6543,-38.5205],[-68.6543,-38.5206],[-68.6542,-38.5206],[-68.6542,-38.5207],[-68.6541,-38.5208],[-68.6539,-38.5208],[-68.6537,-38.5209],[-68.6535,-38.521],[-68.6533,-38.521],[-68.653,-38.521],[-68.6528,-38.521],[-68.6528,-38.5211],[-68.6527,-38.5211],[-68.6527,-38.5211],[-68.6526,-38.521],[-68.6525,-38.521],[-68.6524,-38.5209],[-68.6524,-38.5209],[-68.6523,-38.5209],[-68.6523,-38.5209],[-68.6522,-38.5209],[-68.6521,-38.5209],[-68.652,-38.5209],[-68.652,-38.5208],[-68.6519,-38.5208],[-68.6518,-38.5208],[-68.6516,-38.5207],[-68.6516,-38.5206],[-68.6515,-38.5206],[-68.6515,-38.5205],[-68.6514,-38.5205],[-68.6514,-38.5205],[-68.6513,-38.5206],[-68.6512,-38.5207],[-68.6511,-38.5207],[-68.651,-38.5207],[-68.651,-38.5208],[-68.6506,-38.5208],[-68.6502,-38.5209],[-68.65,-38.5209],[-68.6498,-38.5209],[-68.6496,-38.5207],[-68.6495,-38.5206],[-68.6495,-38.5205],[-68.6495,-38.5204],[-68.6493,-38.5203],[-68.649,-38.5203],[-68.6487,-38.5203],[-68.6485,-38.5203],[-68.6484,-38.5203],[-68.6483,-38.5203],[-68.6478,-38.5201],[-68.6474,-38.52],[-68.6473,-38.52],[-68.647,-38.52],[-68.6467,-38.52],[-68.6465,-38.52],[-68.6463,-38.52],[-68.6461,-38.5201],[-68.6459,-38.5201],[-68.6455,-38.5203],[-68.6454,-38.5203],[-68.6452,-38.5205],[-68.6451,-38.5205],[-68.6451,-38.5205],[-68.645,-38.5205],[-68.6449,-38.5204],[-68.6448,-38.5205],[-68.6446,-38.5207],[-68.6445,-38.5209],[-68.6445,-38.521],[-68.6442,-38.5211],[-68.644,-38.5212],[-68.6438,-38.5212],[-68.6435,-38.5212],[-68.6434,-38.5211],[-68.6433,-38.521],[-68.6432,-38.521],[-68.6429,-38.5211],[-68.6428,-38.5211],[-68.6425,-38.5212],[-68.6423,-38.5212],[-68.642,-38.5212],[-68.6417,-38.5213],[-68.6414,-38.5213],[-68.6411,-38.5214],[-68.6408,-38.5215],[-68.6405,-38.5214],[-68.6404,-38.5214],[-68.6402,-38.5213],[-68.6402,-38.5212],[-68.64,-38.5212],[-68.64,-38.5212],[-68.6398,-38.5213],[-68.6395,-38.5214],[-68.6394,-38.5215],[-68.6392,-38.5215],[-68.639,-38.5216],[-68.6389,-38.5216],[-68.6388,-38.5216],[-68.6386,-38.5215],[-68.6386,-38.5214],[-68.6386,-38.5213],[-68.6385,-38.5213],[-68.6383,-38.5213],[-68.6382,-38.5213],[-68.638,-38.5214],[-68.6379,-38.5214],[-68.6379,-38.5215],[-68.6379,-38.5216],[-68.6377,-38.5216],[-68.6376,-38.5216],[-68.6375,-38.5216],[-68.6374,-38.5217],[-68.6373,-38.5217],[-68.6372,-38.5217],[-68.6372,-38.5217],[-68.6371,-38.5218],[-68.637,-38.5218],[-68.6369,-38.5218],[-68.6367,-38.5218],[-68.6365,-38.5218],[-68.6364,-38.5218],[-68.6363,-38.5218],[-68.6363,-38.5219],[-68.6363,-38.5219],[-68.6361,-38.5219],[-68.6359,-38.5219],[-68.6359,-38.522],[-68.6358,-38.522],[-68.6357,-38.522],[-68.6356,-38.522],[-68.6355,-38.5221],[-68.6355,-38.5222],[-68.6353,-38.5222],[-68.6352,-38.5223],[-68.6352,-38.5224],[-68.635,-38.5224],[-68.6349,-38.5223],[-68.6347,-38.5223],[-68.6344,-38.5223],[-68.6342,-38.5223],[-68.6341,-38.5223],[-68.6339,-38.5223],[-68.6337,-38.5223],[-68.6334,-38.5223],[-68.6333,-38.5223],[-68.6331,-38.5225],[-68.6329,-38.5225],[-68.6325,-38.5227],[-68.6322,-38.523],[-68.632,-38.5231],[-68.6319,-38.5231],[-68.6318,-38.5231],[-68.6316,-38.5231],[-68.6313,-38.5231],[-68.631,-38.5233],[-68.6308,-38.5234],[-68.6306,-38.5236],[-68.6305,-38.5237],[-68.6302,-38.5237],[-68.63,-38.5237],[-68.6298,-38.5236],[-68.6296,-38.5236],[-68.6294,-38.5236],[-68.6293,-38.5237],[-68.6291,-38.5238],[-68.629,-38.5239],[-68.6288,-38.5238],[-68.6287,-38.5237],[-68.6286,-38.5237],[-68.6286,-38.5236],[-68.6285,-38.5236],[-68.6285,-38.5238],[-68.6285,-38.5238],[-68.6285,-38.5239],[-68.6284,-38.5239],[-68.6282,-38.524],[-68.6281,-38.524],[-68.6282,-38.5241],[-68.6282,-38.5242],[-68.6278,-38.5242],[-68.6277,-38.524],[-68.6277,-38.524],[-68.6274,-38.524],[-68.6274,-38.5241],[-68.6275,-38.5243],[-68.6275,-38.5243],[-68.6274,-38.5244],[-68.6274,-38.5244],[-68.6273,-38.5244],[-68.6272,-38.5244],[-68.627,-38.5246],[-68.6268,-38.5245],[-68.6266,-38.5244],[-68.6264,-38.5244],[-68.6265,-38.5245],[-68.6265,-38.5247],[-68.6264,-38.5248],[-68.6263,-38.5248],[-68.6261,-38.5248],[-68.626,-38.5248],[-68.6259,-38.5249],[-68.6257,-38.5249],[-68.6256,-38.5249],[-68.6256,-38.5249],[-68.6255,-38.5248],[-68.6255,-38.5248],[-68.6254,-38.5247],[-68.6253,-38.5246],[-68.6251,-38.5245],[-68.6248,-38.5245],[-68.6246,-38.5245],[-68.6243,-38.5245],[-68.6242,-38.5245],[-68.6239,-38.5246],[-68.6237,-38.5246],[-68.6235,-38.5246],[-68.623,-38.5247],[-68.6226,-38.5248],[-68.6223,-38.5249],[-68.6222,-38.5249],[-68.622,-38.5248],[-68.6217,-38.5247],[-68.6214,-38.5247],[-68.6212,-38.5246],[-68.6209,-38.526],[-68.6206,-38.5799],[-68.6677,-38.6749]]]}},{"type":"Feature","properties":{"nombre":"NARAMBUENA"},"geometry":{"type":"Polygon","coordinates":[[[-68.9414,-37.3725],[-68.9411,-37.3729],[-68.9411,-37.3736],[-68.9415,-37.3742],[-68.9417,-37.3746],[-68.941,-37.3752],[-68.9406,-37.3759],[-68.9402,-37.3764],[-68.9396,-37.3771],[-68.9388,-37.3775],[-68.9375,-37.378],[-68.9375,-37.4335],[-68.9427,-37.4335],[-68.9427,-37.456],[-69.1687,-37.4559],[-69.1685,-37.355],[-69.0411,-37.3551],[-69.032,-37.3551],[-69.0303,-37.355],[-69.0293,-37.3553],[-69.0279,-37.356],[-69.0271,-37.3574],[-69.0272,-37.3585],[-69.0279,-37.3597],[-69.0284,-37.3607],[-69.0285,-37.3616],[-69.0285,-37.3627],[-69.0278,-37.3637],[-69.0266,-37.3645],[-69.025,-37.3651],[-69.0232,-37.3655],[-69.0215,-37.3656],[-69.0199,-37.3657],[-69.0184,-37.3662],[-69.0176,-37.3662],[-69.0168,-37.3656],[-69.0157,-37.3664],[-69.0152,-37.3672],[-69.0145,-37.3682],[-69.0131,-37.3694],[-69.0117,-37.3701],[-69.0099,-37.3702],[-69.0074,-37.3698],[-69.0062,-37.37],[-69.0046,-37.371],[-69.0033,-37.3718],[-69.002,-37.3729],[-69.0011,-37.3734],[-69.0,-37.3735],[-68.9989,-37.3733],[-68.9975,-37.3726],[-68.9957,-37.372],[-68.9935,-37.3715],[-68.992,-37.371],[-68.9907,-37.371],[-68.9897,-37.3719],[-68.9886,-37.3733],[-68.9876,-37.3747],[-68.9866,-37.3763],[-68.9859,-37.3771],[-68.9846,-37.3779],[-68.9835,-37.3784],[-68.9819,-37.3786],[-68.9796,-37.3788],[-68.9775,-37.3788],[-68.9763,-37.3789],[-68.9748,-37.3793],[-68.9743,-37.3792],[-68.9737,-37.3788],[-68.9735,-37.378],[-68.9734,-37.3769],[-68.9733,-37.3759],[-68.973,-37.3752],[-68.9722,-37.3748],[-68.9713,-37.374],[-68.9703,-37.3734],[-68.9691,-37.373],[-68.9668,-37.3728],[-68.9645,-37.3731],[-68.9628,-37.3731],[-68.9608,-37.3729],[-68.9595,-37.3722],[-68.958,-37.3714],[-68.9566,-37.3709],[-68.9555,-37.3708],[-68.9544,-37.3709],[-68.9532,-37.3714],[-68.952,-37.3719],[-68.9509,-37.3723],[-68.9501,-37.3724],[-68.949,-37.3723],[-68.948,-37.3718],[-68.947,-37.3714],[-68.9463,-37.3713],[-68.9453,-37.3717],[-68.9444,-37.372],[-68.9433,-37.3719],[-68.9422,-37.3719],[-68.9414,-37.3725]]]}},{"type":"Feature","properties":{"nombre":"BAJO DEL CHOIQUE - LA INVERNADA"},"geometry":{"type":"Polygon","coordinates":[[[-69.2068,-37.4836],[-69.2069,-37.5269],[-69.169,-37.5269],[-69.169,-37.5014],[-69.1367,-37.5015],[-69.137,-37.6154],[-69.103,-37.6154],[-69.0997,-37.6154],[-69.0999,-37.7634],[-69.1,-37.7984],[-69.1146,-37.7984],[-69.1695,-37.7983],[-69.1694,-37.7717],[-69.1692,-37.5975],[-69.4119,-37.5969],[-69.4116,-37.537],[-69.4616,-37.5369],[-69.4615,-37.5339],[-69.4613,-37.5053],[-69.4012,-37.5055],[-69.4012,-37.5089],[-69.2948,-37.5096],[-69.2737,-37.5097],[-69.2735,-37.4628],[-69.2443,-37.4629],[-69.2443,-37.4832],[-69.2068,-37.4833],[-69.2068,-37.4836]]]}},{"type":"Feature","properties":{"nombre":"LOS TOLDOS I SUR"},"geometry":{"type":"Polygon","coordinates":[[[-69.3164,-37.6954],[-69.288,-37.6955],[-69.288,-37.6775],[-69.2416,-37.6776],[-69.2418,-37.7445],[-69.2828,-37.7444],[-69.2829,-37.771],[-69.2942,-37.771],[-69.3737,-37.7708],[-69.4688,-37.7704],[-69.4692,-37.7704],[-69.5101,-37.7703],[-69.5101,-37.7702],[-69.5097,-37.7115],[-69.5096,-37.7115],[-69.4072,-37.7119],[-69.407,-37.6771],[-69.3525,-37.6773],[-69.3163,-37.6774],[-69.3164,-37.6954]]]}},{"type":"Feature","properties":{"nombre":"LOS TOLDOS II OESTE"},"geometry":{"type":"Polygon","coordinates":[[[-69.1988,-37.3937],[-69.199,-37.4837],[-69.2068,-37.4836],[-69.2443,-37.4832],[-69.2443,-37.4629],[-69.2735,-37.4628],[-69.2737,-37.5097],[-69.2948,-37.5096],[-69.2945,-37.4425],[-69.2944,-37.4274],[-69.253,-37.3931],[-69.1988,-37.3937]]]}},{"type":"Feature","properties":{"nombre":"PAMPA DE LAS YEGUAS I"},"geometry":{"type":"Polygon","coordinates":[[[-69.2942,-37.771],[-69.2946,-37.8701],[-69.3287,-37.87],[-69.3286,-37.843],[-69.351,-37.8429],[-69.3512,-37.8159],[-69.3739,-37.8158],[-69.3737,-37.7708],[-69.2942,-37.771]]]}},{"type":"Feature","properties":{"nombre":"EL MANZANO ESTE"},"geometry":{"type":"Polygon","coordinates":[[[-69.7644,-36.2298],[-69.6899,-36.2303],[-69.5676,-36.231],[-69.5671,-36.1706],[-69.4438,-36.1711],[-69.4446,-36.3198],[-69.6673,-36.3188],[-69.6674,-36.3278],[-69.7654,-36.3272],[-69.7644,-36.2298]]]}},{"type":"Feature","properties":{"nombre":"EL MANZANO OESTE (RESTO)"},"geometry":{"type":"Polygon","coordinates":[[[-69.8448,-36.2131],[-69.8427,-36.0184],[-69.7207,-36.0192],[-69.7221,-36.167],[-69.6898,-36.1672],[-69.6904,-36.2303],[-69.765,-36.2302],[-69.7647,-36.2136],[-69.8448,-36.2131]]]}},{"type":"Feature","properties":{"nombre":"MESETA BUENA ESPERANZA II"},"geometry":{"type":"MultiPolygon","coordinates":[[[[-69.0647,-38.7497],[-69.1443,-38.7496],[-69.144,-38.7208],[-69.0909,-38.7209],[-69.0909,-38.6885],[-69.0647,-38.6885],[-69.0647,-38.7497]]],[[[-68.8958,-38.6344],[-68.8957,-38.6884],[-69.0501,-38.6885],[-69.05,-38.6564],[-68.9877,-38.6564],[-68.9877,-38.6345],[-68.8958,-38.6344]]]]}},{"type":"Feature","properties":{"nombre":"AGUADA VILLANUEVA"},"geometry":{"type":"Polygon","coordinates":[[[-69.0647,-38.7497],[-69.0647,-38.8092],[-69.3733,-38.8086],[-69.3737,-38.875],[-69.4601,-38.874],[-69.4593,-38.7488],[-69.3483,-38.7492],[-69.3485,-38.7873],[-69.2183,-38.7876],[-69.2182,-38.7495],[-69.0647,-38.7497]]]}},{"type":"Feature","properties":{"nombre":"AGUADA VILLANUEVA NORTE"},"geometry":{"type":"Polygon","coordinates":[[[-69.2182,-38.7495],[-69.2183,-38.7876],[-69.3485,-38.7873],[-69.3483,-38.7492],[-69.2182,-38.7495]]]}},{"type":"Feature","properties":{"nombre":"LAS TACANAS I"},"geometry":{"type":"Polygon","coordinates":[[[-69.5731,-38.5988],[-69.4583,-38.5993],[-69.459,-38.7079],[-69.5165,-38.7076],[-69.5161,-38.6459],[-69.5735,-38.6456],[-69.5731,-38.5988]]]}},{"type":"Feature","properties":{"nombre":"LAS TACANAS II"},"geometry":{"type":"Polygon","coordinates":[[[-69.4583,-38.5993],[-69.4412,-38.5994],[-69.4413,-38.6446],[-69.2312,-38.6451],[-69.2315,-38.7495],[-69.4593,-38.7488],[-69.4583,-38.5993]]]}},{"type":"Feature","properties":{"nombre":"MESETA BUENA ESPERANZA I"},"geometry":{"type":"Polygon","coordinates":[[[-69.144,-38.7208],[-69.1443,-38.7496],[-69.2315,-38.7495],[-69.2312,-38.6451],[-69.2311,-38.6216],[-68.9877,-38.6218],[-68.9877,-38.6345],[-68.9877,-38.6564],[-69.05,-38.6564],[-69.0501,-38.6885],[-69.0647,-38.6885],[-69.0909,-38.6885],[-69.0909,-38.7209],[-69.144,-38.7208]]]}}]}